Day;AnimalsCount;GrassCount;FreeFields;AvgAnimalEnergy;AvgDaysAlive;AvgChildCount;MostPopularGen
1;1086;104;4896;100,000;0,000;0,158;[3  7  3  1  5  1  5  3  1  1  3  0  0  7  2  0  7  2  7  1  0  7  5  2  1  4  2  4  7  3  4  1  6  7  6  5  6  7  6  1  3  7  5  6  0  4  3  2  6  4]
2;1150;107;4893;87,698;0,000;0,261;[3  7  3  1  5  1  5  3  1  1  3  0  0  7  2  0  7  2  7  1  0  7  5  2  1  4  2  4  7  3  4  1  6  7  6  5  6  7  6  1  3  7  5  6  0  4  3  2  6  4]
3;1211;111;4889;78,317;0,000;0,348;[3  7  3  1  5  1  5  3  1  1  3  0  0  7  2  0  7  2  7  1  0  7  5  2  1  4  2  4  7  3  4  1  6  7  6  5  6  7  6  1  3  7  5  6  0  4  3  2  6  4]
4;1264;113;4887;69,822;0,000;0,418;[3  7  3  1  5  1  5  3  1  1  3  0  0  7  2  0  7  2  7  1  0  7  5  2  1  4  2  4  7  3  4  1  6  7  6  5  6  7  6  1  3  7  5  6  0  4  3  2  6  4]
5;1297;106;4894;62,318;0,000;0,458;[3  7  3  1  5  1  5  3  1  1  3  0  0  7  2  0  7  2  7  1  0  7  5  2  1  4  2  4  7  3  4  1  6  7  6  5  6  7  6  1  3  7  5  6  0  4  3  2  6  4]
6;1339;108;4892;56,172;0,000;0,506;[3  7  3  1  5  1  5  3  1  1  3  0  0  7  2  0  7  2  7  1  0  7  5  2  1  4  2  4  7  3  4  1  6  7  6  5  6  7  6  1  3  7  5  6  0  4  3  2  6  4]
7;1361;106;4894;49,768;0,000;0,530;[3  7  3  1  5  1  5  3  1  1  3  0  0  7  2  0  7  2  7  1  0  7  5  2  1  4  2  4  7  3  4  1  6  7  6  5  6  7  6  1  3  7  5  6  0  4  3  2  6  4]
8;1375;120;4880;44,352;7,000;0,545;[3  7  3  1  5  1  5  3  1  1  3  0  0  7  2  0  7  2  7  1  0  7  5  2  1  4  2  4  7  3  4  1  6  7  6  5  6  7  6  1  3  7  5  6  0  4  3  2  6  4]
9;1377;117;4883;39,069;7,000;0,548;[3  7  3  1  5  1  5  3  1  1  3  0  0  7  2  0  7  2  7  1  0  7  5  2  1  4  2  4  7  3  4  1  6  7  6  5  6  7  6  1  3  7  5  6  0  4  3  2  6  4]
10;1343;191;4809;35,201;7,947;0,538;[3  7  3  1  5  1  5  3  1  1  3  0  0  7  2  0  7  2  7  1  0  7  5  2  1  4  2  4  7  3  4  1  6  7  6  5  6  7  6  1  3  7  5  6  0  4  3  2  6  4]
11;1314;250;4750;31,166;8,000;0,528;[3  7  3  1  5  1  5  3  1  1  3  0  0  7  2  0  7  2  7  1  0  7  5  2  1  4  2  4  7  3  4  1  6  7  6  5  6  7  6  1  3  7  5  6  0  4  3  2  6  4]
12;1298;290;4710;26,922;8,000;0,522;[3  7  3  1  5  1  5  3  1  1  3  0  0  7  2  0  7  2  7  1  0  7  5  2  1  4  2  4  7  3  4  1  6  7  6  5  6  7  6  1  3  7  5  6  0  4  3  2  6  4]
13;768;338;4662;38,272;11,347;0,194;[3  6  3  7  0  3  6  2  5  0  7  7  2  3  0  0  1  5  7  2  6  0  4  2  1  0  0  3  6  5  2  7  1  5  1  2  4  6  3  4  0  6  3  6  1  2  1  3  2  5]
14;762;369;4631;34,514;11,315;0,188;[3  6  3  7  0  3  6  2  5  0  7  7  2  3  0  0  1  5  7  2  6  0  4  2  1  0  0  3  6  5  2  7  1  5  1  2  4  6  3  4  0  6  3  6  1  2  1  3  2  5]
15;756;418;4582;31,118;11,293;0,181;[3  6  3  7  0  3  6  2  5  0  7  7  2  3  0  0  1  5  7  2  6  0  4  2  1  0  0  3  6  5  2  7  1  5  1  2  4  6  3  4  0  6  3  6  1  2  1  3  2  5]
16;669;467;4533;30,658;11,717;0,075;[3  3  3  1  4  1  4  1  4  6  3  7  2  1  2  7  3  5  0  7  3  3  0  4  6  7  1  0  2  7  3  4  3  2  2  0  3  2  1  7  2  1  7  5  6  5  1  3  7  1]
17;666;519;4481;26,922;11,702;0,071;[3  3  3  1  4  1  4  1  4  6  3  7  2  1  2  7  3  5  0  7  3  3  0  4  6  7  1  0  2  7  3  4  3  2  2  0  3  2  1  7  2  1  7  5  6  5  1  3  7  1]
18;640;558;4442;23,938;11,845;0,072;[3  3  3  1  4  1  4  1  4  6  3  7  2  1  2  7  3  5  0  7  3  3  0  4  6  7  1  0  2  7  3  4  3  2  2  0  3  2  1  7  2  1  7  5  6  5  1  3  7  1]
19;595;607;4393;21,908;12,134;0,030;[3  3  3  1  4  1  4  1  4  6  3  7  2  1  2  7  3  5  0  7  3  3  0  4  6  7  1  0  2  7  3  4  3  2  2  0  3  2  1  7  2  1  7  5  6  5  1  3  7  1]
20;576;645;4355;18,793;12,219;0,030;[3  3  3  1  4  1  4  1  4  6  3  7  2  1  2  7  3  5  0  7  3  3  0  4  6  7  1  0  2  7  3  4  3  2  2  0  3  2  1  7  2  1  7  5  6  5  1  3  7  1]
21;395;697;4303;22,468;13,578;0,043;[3  3  3  1  4  1  4  1  4  6  3  7  2  1  2  7  3  5  0  7  3  3  0  4  6  7  1  0  2  7  3  4  3  2  2  0  3  2  1  7  2  1  7  5  6  5  1  3  7  1]
22;368;752;4248;20,707;13,701;0,035;[2  4  6  2  7  1  1  5  0  3  4  3  2  6  2  4  6  2  2  3  1  6  7  2  1  6  6  2  6  7  0  5  6  6  2  0  3  6  4  6  5  6  3  5  5  7  5  3  7  7]
23;343;807;4193;18,819;13,788;0,038;[3  5  6  4  3  0  5  1  5  1  7  1  0  3  1  5  6  3  7  3  1  2  6  3  7  3  6  5  3  5  7  6  1  0  1  1  1  5  1  7  6  1  7  6  2  7  5  0  2  2]
24;235;870;4130;23,043;14,577;0,055;[3  5  6  4  3  0  5  1  5  1  7  1  0  3  1  5  6  3  7  3  1  2  6  3  7  3  6  5  3  5  7  6  1  0  1  1  1  5  1  7  6  1  7  6  2  7  5  0  2  2]
25;218;935;4065;21,995;14,653;0,037;[3  5  6  4  3  0  5  1  5  1  7  1  0  3  1  5  6  3  7  3  1  2  6  3  7  3  6  5  3  5  7  6  1  0  1  1  1  5  1  7  6  1  7  6  2  7  5  0  2  2]
26;205;998;4002;20,634;14,713;0,039;[3  5  6  4  3  0  5  1  5  1  7  1  0  3  1  5  6  3  7  3  1  2  6  3  7  3  6  5  3  5  7  6  1  0  1  1  1  5  1  7  6  1  7  6  2  7  5  0  2  2]
27;150;1069;3931;25,067;15,163;0,047;[3  5  6  4  3  0  5  1  5  1  7  1  0  3  1  5  6  3  7  3  1  2  6  3  7  3  6  5  3  5  7  6  1  0  1  1  1  5  1  7  6  1  7  6  2  7  5  0  2  2]
28;142;1142;3858;24,261;15,215;0,035;[3  5  6  4  3  0  5  1  5  1  7  1  0  3  1  5  6  3  7  3  1  2  6  3  7  3  6  5  3  5  7  6  1  0  1  1  1  5  1  7  6  1  7  6  2  7  5  0  2  2]
29;133;1219;3781;23,609;15,269;0,038;[3  5  6  4  3  0  5  1  5  1  7  1  0  3  1  5  6  3  7  3  1  2  6  3  7  3  6  5  3  5  7  6  1  0  1  1  1  5  1  7  6  1  7  6  2  7  5  0  2  2]
30;102;1295;3705;27,647;15,588;0,049;[3  5  6  4  3  0  5  1  5  1  7  1  0  3  1  5  6  3  7  3  1  2  6  3  7  3  6  5  3  5  7  6  1  0  1  1  1  5  1  7  6  1  7  6  2  7  5  0  2  2]
31;98;1370;3630;27,245;15,614;0,041;[3  5  6  4  3  0  5  1  5  1  7  1  0  3  1  5  6  3  7  3  1  2  6  3  7  3  6  5  3  5  7  6  1  0  1  1  1  5  1  7  6  1  7  6  2  7  5  0  2  2]
32;97;1455;3545;26,340;15,622;0,041;[3  5  6  4  3  0  5  1  5  1  7  1  0  3  1  5  6  3  7  3  1  2  6  3  7  3  6  5  3  5  7  6  1  0  1  1  1  5  1  7  6  1  7  6  2  7  5  0  2  2]
33;80;1531;3469;28,688;15,811;0,050;[3  5  6  4  3  0  5  1  5  1  7  1  0  3  1  5  6  3  7  3  1  2  6  3  7  3  6  5  3  5  7  6  1  0  1  1  1  5  1  7  6  1  7  6  2  7  5  0  2  2]
34;77;1614;3386;29,286;15,840;0,039;[1  2  4  2  6  4  4  4  3  5  7  0  5  7  5  3  6  2  7  5  1  3  1  2  7  1  3  3  6  1  2  2  0  7  2  6  2  3  2  2  4  4  5  0  2  5  0  5  0  4]
35;73;1692;3308;29,110;15,877;0,041;[1  2  4  2  6  4  4  4  3  5  7  0  5  7  5  3  6  2  7  5  1  3  1  2  7  1  3  3  6  1  2  2  0  7  2  6  2  3  2  2  4  4  5  0  2  5  0  5  0  4]
36;68;1766;3234;30,735;15,947;0,044;[1  2  4  2  6  4  4  4  3  5  7  0  5  7  5  3  6  2  7  5  1  3  1  2  7  1  3  3  6  1  2  2  0  7  2  6  2  3  2  2  4  4  5  0  2  5  0  5  0  4]
37;64;1847;3153;33,438;15,996;0,031;[1  2  4  2  6  4  4  4  3  5  7  0  5  7  5  3  6  2  7  5  1  3  1  2  7  1  3  3  6  1  2  2  0  7  2  6  2  3  2  2  4  4  5  0  2  5  0  5  0  4]
38;63;1930;3070;33,413;16,010;0,032;[1  2  4  2  6  4  4  4  3  5  7  0  5  7  5  3  6  2  7  5  1  3  1  2  7  1  3  3  6  1  2  2  0  7  2  6  2  3  2  2  4  4  5  0  2  5  0  5  0  4]
39;55;2008;2992;37,182;16,126;0,036;[1  2  4  2  6  4  4  4  3  5  7  0  5  7  5  3  6  2  7  5  1  3  1  2  7  1  3  3  6  1  2  2  0  7  2  6  2  3  2  2  4  4  5  0  2  5  0  5  0  4]
40;54;2030;2970;38,889;16,143;0,019;[1  2  4  2  6  4  4  4  3  5  7  0  5  7  5  3  6  2  7  5  1  3  1  2  7  1  3  3  6  1  2  2  0  7  2  6  2  3  2  2  4  4  5  0  2  5  0  5  0  4]
41;52;2049;2951;40,385;16,172;0,019;[1  2  4  2  6  4  4  4  3  5  7  0  5  7  5  3  6  2  7  5  1  3  1  2  7  1  3  3  6  1  2  2  0  7  2  6  2  3  2  2  4  4  5  0  2  5  0  5  0  4]
42;46;2083;2917;45,543;16,280;0,022;[1  2  4  2  6  4  4  4  3  5  7  0  5  7  5  3  6  2  7  5  1  3  1  2  7  1  3  3  6  1  2  2  0  7  2  6  2  3  2  2  4  4  5  0  2  5  0  5  0  4]
43;46;2096;2904;46,413;16,280;0,022;[1  2  4  2  6  4  4  4  3  5  7  0  5  7  5  3  6  2  7  5  1  3  1  2  7  1  3  3  6  1  2  2  0  7  2  6  2  3  2  2  4  4  5  0  2  5  0  5  0  4]
44;46;2112;2888;48,261;16,280;0,022;[1  2  4  2  6  4  4  4  3  5  7  0  5  7  5  3  6  2  7  5  1  3  1  2  7  1  3  3  6  1  2  2  0  7  2  6  2  3  2  2  4  4  5  0  2  5  0  5  0  4]
45;45;2129;2871;49,556;16,301;0,022;[1  2  4  2  6  4  4  4  3  5  7  0  5  7  5  3  6  2  7  5  1  3  1  2  7  1  3  3  6  1  2  2  0  7  2  6  2  3  2  2  4  4  5  0  2  5  0  5  0  4]
46;44;2145;2855;53,068;16,319;0,023;[1  2  4  2  6  4  4  4  3  5  7  0  5  7  5  3  6  2  7  5  1  3  1  2  7  1  3  3  6  1  2  2  0  7  2  6  2  3  2  2  4  4  5  0  2  5  0  5  0  4]
47;44;2158;2842;55,227;16,319;0,023;[1  2  4  2  6  4  4  4  3  5  7  0  5  7  5  3  6  2  7  5  1  3  1  2  7  1  3  3  6  1  2  2  0  7  2  6  2  3  2  2  4  4  5  0  2  5  0  5  0  4]
48;43;2178;2822;58,023;16,342;0,023;[1  2  4  2  6  4  4  4  3  5  7  0  5  7  5  3  6  2  7  5  1  3  1  2  7  1  3  3  6  1  2  2  0  7  2  6  2  3  2  2  4  4  5  0  2  5  0  5  0  4]
49;43;2189;2811;58,256;16,342;0,023;[1  2  4  2  6  4  4  4  3  5  7  0  5  7  5  3  6  2  7  5  1  3  1  2  7  1  3  3  6  1  2  2  0  7  2  6  2  3  2  2  4  4  5  0  2  5  0  5  0  4]
50;43;2204;2796;60,233;16,342;0,023;[1  2  4  2  6  4  4  4  3  5  7  0  5  7  5  3  6  2  7  5  1  3  1  2  7  1  3  3  6  1  2  2  0  7  2  6  2  3  2  2  4  4  5  0  2  5  0  5  0  4]
51;40;2229;2771;64,625;16,409;0,025;[1  2  4  2  6  4  4  4  3  5  7  0  5  7  5  3  6  2  7  5  1  3  1  2  7  1  3  3  6  1  2  2  0  7  2  6  2  3  2  2  4  4  5  0  2  5  0  5  0  4]
52;40;2244;2756;64,875;16,409;0,025;[1  2  4  2  6  4  4  4  3  5  7  0  5  7  5  3  6  2  7  5  1  3  1  2  7  1  3  3  6  1  2  2  0  7  2  6  2  3  2  2  4  4  5  0  2  5  0  5  0  4]
53;39;2265;2735;66,795;16,431;0,026;[1  2  4  2  6  4  4  4  3  5  7  0  5  7  5  3  6  2  7  5  1  3  1  2  7  1  3  3  6  1  2  2  0  7  2  6  2  3  2  2  4  4  5  0  2  5  0  5  0  4]
54;36;2292;2708;74,028;16,513;0,028;[1  2  4  2  6  4  4  4  3  5  7  0  5  7  5  3  6  2  7  5  1  3  1  2  7  1  3  3  6  1  2  2  0  7  2  6  2  3  2  2  4  4  5  0  2  5  0  5  0  4]
55;36;2306;2694;76,528;16,513;0,028;[1  2  4  2  6  4  4  4  3  5  7  0  5  7  5  3  6  2  7  5  1  3  1  2  7  1  3  3  6  1  2  2  0  7  2  6  2  3  2  2  4  4  5  0  2  5  0  5  0  4]
56;36;2319;2681;78,611;16,513;0,028;[1  2  4  2  6  4  4  4  3  5  7  0  5  7  5  3  6  2  7  5  1  3  1  2  7  1  3  3  6  1  2  2  0  7  2  6  2  3  2  2  4  4  5  0  2  5  0  5  0  4]
57;36;2333;2667;80,278;16,513;0,028;[1  2  4  2  6  4  4  4  3  5  7  0  5  7  5  3  6  2  7  5  1  3  1  2  7  1  3  3  6  1  2  2  0  7  2  6  2  3  2  2  4  4  5  0  2  5  0  5  0  4]
58;36;2342;2658;81,528;16,513;0,028;[1  2  4  2  6  4  4  4  3  5  7  0  5  7  5  3  6  2  7  5  1  3  1  2  7  1  3  3  6  1  2  2  0  7  2  6  2  3  2  2  4  4  5  0  2  5  0  5  0  4]
59;36;2353;2647;85,278;16,513;0,028;[1  2  4  2  6  4  4  4  3  5  7  0  5  7  5  3  6  2  7  5  1  3  1  2  7  1  3  3  6  1  2  2  0  7  2  6  2  3  2  2  4  4  5  0  2  5  0  5  0  4]
60;35;2371;2629;90,286;16,544;0,029;[1  2  4  2  6  4  4  4  3  5  7  0  5  7  5  3  6  2  7  5  1  3  1  2  7  1  3  3  6  1  2  2  0  7  2  6  2  3  2  2  4  4  5  0  2  5  0  5  0  4]
61;35;2383;2617;93,000;16,544;0,029;[1  2  4  2  6  4  4  4  3  5  7  0  5  7  5  3  6  2  7  5  1  3  1  2  7  1  3  3  6  1  2  2  0  7  2  6  2  3  2  2  4  4  5  0  2  5  0  5  0  4]
62;35;2398;2602;97,000;16,544;0,029;[1  2  4  2  6  4  4  4  3  5  7  0  5  7  5  3  6  2  7  5  1  3  1  2  7  1  3  3  6  1  2  2  0  7  2  6  2  3  2  2  4  4  5  0  2  5  0  5  0  4]
63;35;2412;2588;97,571;16,544;0,029;[1  2  4  2  6  4  4  4  3  5  7  0  5  7  5  3  6  2  7  5  1  3  1  2  7  1  3  3  6  1  2  2  0  7  2  6  2  3  2  2  4  4  5  0  2  5  0  5  0  4]
64;35;2429;2571;100,286;16,544;0,029;[1  2  4  2  6  4  4  4  3  5  7  0  5  7  5  3  6  2  7  5  1  3  1  2  7  1  3  3  6  1  2  2  0  7  2  6  2  3  2  2  4  4  5  0  2  5  0  5  0  4]
65;35;2445;2555;102,571;16,544;0,029;[1  2  4  2  6  4  4  4  3  5  7  0  5  7  5  3  6  2  7  5  1  3  1  2  7  1  3  3  6  1  2  2  0  7  2  6  2  3  2  2  4  4  5  0  2  5  0  5  0  4]
66;35;2459;2541;104,857;16,544;0,029;[1  2  4  2  6  4  4  4  3  5  7  0  5  7  5  3  6  2  7  5  1  3  1  2  7  1  3  3  6  1  2  2  0  7  2  6  2  3  2  2  4  4  5  0  2  5  0  5  0  4]
67;35;2468;2532;107,571;16,544;0,029;[1  2  4  2  6  4  4  4  3  5  7  0  5  7  5  3  6  2  7  5  1  3  1  2  7  1  3  3  6  1  2  2  0  7  2  6  2  3  2  2  4  4  5  0  2  5  0  5  0  4]
68;35;2477;2523;111,571;16,544;0,029;[1  2  4  2  6  4  4  4  3  5  7  0  5  7  5  3  6  2  7  5  1  3  1  2  7  1  3  3  6  1  2  2  0  7  2  6  2  3  2  2  4  4  5  0  2  5  0  5  0  4]
69;34;2496;2504;118,529;16,575;0,029;[1  2  4  2  6  4  4  4  3  5  7  0  5  7  5  3  6  2  7  5  1  3  1  2  7  1  3  3  6  1  2  2  0  7  2  6  2  3  2  2  4  4  5  0  2  5  0  5  0  4]
70;34;2511;2489;119,706;16,575;0,029;[1  2  4  2  6  4  4  4  3  5  7  0  5  7  5  3  6  2  7  5  1  3  1  2  7  1  3  3  6  1  2  2  0  7  2  6  2  3  2  2  4  4  5  0  2  5  0  5  0  4]
71;34;2523;2477;120,000;16,575;0,029;[1  2  4  2  6  4  4  4  3  5  7  0  5  7  5  3  6  2  7  5  1  3  1  2  7  1  3  3  6  1  2  2  0  7  2  6  2  3  2  2  4  4  5  0  2  5  0  5  0  4]
72;34;2532;2468;121,176;16,575;0,029;[1  2  4  2  6  4  4  4  3  5  7  0  5  7  5  3  6  2  7  5  1  3  1  2  7  1  3  3  6  1  2  2  0  7  2  6  2  3  2  2  4  4  5  0  2  5  0  5  0  4]
73;34;2547;2453;124,559;16,575;0,029;[1  2  4  2  6  4  4  4  3  5  7  0  5  7  5  3  6  2  7  5  1  3  1  2  7  1  3  3  6  1  2  2  0  7  2  6  2  3  2  2  4  4  5  0  2  5  0  5  0  4]
74;34;2559;2441;124,412;16,575;0,029;[1  2  4  2  6  4  4  4  3  5  7  0  5  7  5  3  6  2  7  5  1  3  1  2  7  1  3  3  6  1  2  2  0  7  2  6  2  3  2  2  4  4  5  0  2  5  0  5  0  4]
75;33;2574;2426;129,394;16,612;0,030;[1  2  4  2  6  4  4  4  3  5  7  0  5  7  5  3  6  2  7  5  1  3  1  2  7  1  3  3  6  1  2  2  0  7  2  6  2  3  2  2  4  4  5  0  2  5  0  5  0  4]
76;33;2588;2412;132,121;16,612;0,030;[1  2  4  2  6  4  4  4  3  5  7  0  5  7  5  3  6  2  7  5  1  3  1  2  7  1  3  3  6  1  2  2  0  7  2  6  2  3  2  2  4  4  5  0  2  5  0  5  0  4]
77;33;2601;2399;131,212;16,612;0,030;[1  2  4  2  6  4  4  4  3  5  7  0  5  7  5  3  6  2  7  5  1  3  1  2  7  1  3  3  6  1  2  2  0  7  2  6  2  3  2  2  4  4  5  0  2  5  0  5  0  4]
78;33;2615;2385;132,121;16,612;0,030;[1  2  4  2  6  4  4  4  3  5  7  0  5  7  5  3  6  2  7  5  1  3  1  2  7  1  3  3  6  1  2  2  0  7  2  6  2  3  2  2  4  4  5  0  2  5  0  5  0  4]
79;33;2630;2370;133,030;16,612;0,030;[1  2  4  2  6  4  4  4  3  5  7  0  5  7  5  3  6  2  7  5  1  3  1  2  7  1  3  3  6  1  2  2  0  7  2  6  2  3  2  2  4  4  5  0  2  5  0  5  0  4]
80;33;2647;2353;133,485;16,612;0,030;[1  2  4  2  6  4  4  4  3  5  7  0  5  7  5  3  6  2  7  5  1  3  1  2  7  1  3  3  6  1  2  2  0  7  2  6  2  3  2  2  4  4  5  0  2  5  0  5  0  4]
81;32;2667;2333;138,125;16,656;0,031;[1  2  4  2  6  4  4  4  3  5  7  0  5  7  5  3  6  2  7  5  1  3  1  2  7  1  3  3  6  1  2  2  0  7  2  6  2  3  2  2  4  4  5  0  2  5  0  5  0  4]
82;31;2680;2320;142,742;16,702;0,032;[1  2  4  2  6  4  4  4  3  5  7  0  5  7  5  3  6  2  7  5  1  3  1  2  7  1  3  3  6  1  2  2  0  7  2  6  2  3  2  2  4  4  5  0  2  5  0  5  0  4]
83;31;2694;2306;144,516;16,702;0,032;[1  2  4  2  6  4  4  4  3  5  7  0  5  7  5  3  6  2  7  5  1  3  1  2  7  1  3  3  6  1  2  2  0  7  2  6  2  3  2  2  4  4  5  0  2  5  0  5  0  4]
84;31;2706;2294;145,323;16,702;0,032;[1  2  4  2  6  4  4  4  3  5  7  0  5  7  5  3  6  2  7  5  1  3  1  2  7  1  3  3  6  1  2  2  0  7  2  6  2  3  2  2  4  4  5  0  2  5  0  5  0  4]
85;31;2720;2280;146,613;16,702;0,032;[1  2  4  2  6  4  4  4  3  5  7  0  5  7  5  3  6  2  7  5  1  3  1  2  7  1  3  3  6  1  2  2  0  7  2  6  2  3  2  2  4  4  5  0  2  5  0  5  0  4]
86;31;2736;2264;146,935;16,702;0,032;[1  2  4  2  6  4  4  4  3  5  7  0  5  7  5  3  6  2  7  5  1  3  1  2  7  1  3  3  6  1  2  2  0  7  2  6  2  3  2  2  4  4  5  0  2  5  0  5  0  4]
87;32;2750;2250;146,290;16,702;0,094;[1  2  4  2  6  4  4  4  3  5  7  0  5  7  5  3  6  2  7  5  1  3  1  2  7  1  3  3  6  1  2  2  0  7  2  6  2  3  2  2  4  4  5  0  2  5  0  5  0  4]
88;32;2763;2237;142,031;16,702;0,094;[1  2  4  2  6  4  4  4  3  5  7  0  5  7  5  3  6  2  7  5  1  3  1  2  7  1  3  3  6  1  2  2  0  7  2  6  2  3  2  2  4  4  5  0  2  5  0  5  0  4]
89;32;2777;2223;143,125;16,702;0,094;[1  2  4  2  6  4  4  4  3  5  7  0  5  7  5  3  6  2  7  5  1  3  1  2  7  1  3  3  6  1  2  2  0  7  2  6  2  3  2  2  4  4  5  0  2  5  0  5  0  4]
90;32;2791;2209;144,688;16,702;0,094;[1  2  4  2  6  4  4  4  3  5  7  0  5  7  5  3  6  2  7  5  1  3  1  2  7  1  3  3  6  1  2  2  0  7  2  6  2  3  2  2  4  4  5  0  2  5  0  5  0  4]
91;31;2810;2190;151,452;16,753;0,097;[1  2  4  2  6  4  4  4  3  5  7  0  5  7  5  3  6  2  7  5  1  3  1  2  7  1  3  3  6  1  2  2  0  7  2  6  2  3  2  2  4  4  5  0  2  5  0  5  0  4]
92;31;2824;2176;151,774;16,753;0,097;[1  2  4  2  6  4  4  4  3  5  7  0  5  7  5  3  6  2  7  5  1  3  1  2  7  1  3  3  6  1  2  2  0  7  2  6  2  3  2  2  4  4  5  0  2  5  0  5  0  4]
93;31;2836;2164;154,032;16,753;0,097;[1  2  4  2  6  4  4  4  3  5  7  0  5  7  5  3  6  2  7  5  1  3  1  2  7  1  3  3  6  1  2  2  0  7  2  6  2  3  2  2  4  4  5  0  2  5  0  5  0  4]
94;31;2852;2148;157,258;16,753;0,097;[1  2  4  2  6  4  4  4  3  5  7  0  5  7  5  3  6  2  7  5  1  3  1  2  7  1  3  3  6  1  2  2  0  7  2  6  2  3  2  2  4  4  5  0  2  5  0  5  0  4]
95;31;2869;2131;159,032;16,753;0,097;[1  2  4  2  6  4  4  4  3  5  7  0  5  7  5  3  6  2  7  5  1  3  1  2  7  1  3  3  6  1  2  2  0  7  2  6  2  3  2  2  4  4  5  0  2  5  0  5  0  4]
96;31;2881;2119;158,387;16,753;0,097;[1  2  4  2  6  4  4  4  3  5  7  0  5  7  5  3  6  2  7  5  1  3  1  2  7  1  3  3  6  1  2  2  0  7  2  6  2  3  2  2  4  4  5  0  2  5  0  5  0  4]
97;31;2894;2106;161,613;16,753;0,097;[1  2  4  2  6  4  4  4  3  5  7  0  5  7  5  3  6  2  7  5  1  3  1  2  7  1  3  3  6  1  2  2  0  7  2  6  2  3  2  2  4  4  5  0  2  5  0  5  0  4]
98;31;2913;2087;167,833;16,807;0,161;[1  2  4  2  6  4  4  4  3  5  7  0  5  7  5  3  6  2  7  5  1  3  1  2  7  1  3  3  6  1  2  2  0  7  2  6  2  3  2  2  4  4  5  0  2  5  0  5  0  4]
99;32;2925;2075;164,355;16,807;0,219;[1  2  4  2  6  4  4  4  3  5  7  0  5  7  5  3  6  2  7  5  1  3  1  2  7  1  3  3  6  1  2  2  0  7  2  6  2  3  2  2  4  4  5  0  2  5  0  5  0  4]
100;32;2940;2060;162,344;16,807;0,219;[1  2  4  2  6  4  4  4  3  5  7  0  5  7  5  3  6  2  7  5  1  3  1  2  7  1  3  3  6  1  2  2  0  7  2  6  2  3  2  2  4  4  5  0  2  5  0  5  0  4]
101;32;2956;2044;164,375;16,807;0,219;[1  2  4  2  6  4  4  4  3  5  7  0  5  7  5  3  6  2  7  5  1  3  1  2  7  1  3  3  6  1  2  2  0  7  2  6  2  3  2  2  4  4  5  0  2  5  0  5  0  4]
102;32;2968;2032;164,063;16,807;0,219;[1  2  4  2  6  4  4  4  3  5  7  0  5  7  5  3  6  2  7  5  1  3  1  2  7  1  3  3  6  1  2  2  0  7  2  6  2  3  2  2  4  4  5  0  2  5  0  5  0  4]
103;32;2982;2018;167,031;16,807;0,219;[1  2  4  2  6  4  4  4  3  5  7  0  5  7  5  3  6  2  7  5  1  3  1  2  7  1  3  3  6  1  2  2  0  7  2  6  2  3  2  2  4  4  5  0  2  5  0  5  0  4]
104;32;2994;2006;168,125;16,807;0,219;[1  2  4  2  6  4  4  4  3  5  7  0  5  7  5  3  6  2  7  5  1  3  1  2  7  1  3  3  6  1  2  2  0  7  2  6  2  3  2  2  4  4  5  0  2  5  0  5  0  4]
105;32;3011;1989;170,156;16,807;0,219;[1  2  4  2  6  4  4  4  3  5  7  0  5  7  5  3  6  2  7  5  1  3  1  2  7  1  3  3  6  1  2  2  0  7  2  6  2  3  2  2  4  4  5  0  2  5  0  5  0  4]
106;33;3024;1976;169,844;16,807;0,273;[1  2  4  2  6  4  4  4  3  5  7  0  5  7  5  3  6  2  7  5  1  3  1  2  7  1  3  3  6  1  2  2  0  7  2  6  2  3  2  2  4  4  5  0  2  5  0  5  0  4]
107;33;3035;1965;165,758;16,807;0,273;[1  2  4  2  6  4  4  4  3  5  7  0  5  7  5  3  6  2  7  5  1  3  1  2  7  1  3  3  6  1  2  2  0  7  2  6  2  3  2  2  4  4  5  0  2  5  0  5  0  4]
108;33;3046;1954;169,394;16,807;0,273;[1  2  4  2  6  4  4  4  3  5  7  0  5  7  5  3  6  2  7  5  1  3  1  2  7  1  3  3  6  1  2  2  0  7  2  6  2  3  2  2  4  4  5  0  2  5  0  5  0  4]
109;33;3060;1940;170,758;16,807;0,273;[1  2  4  2  6  4  4  4  3  5  7  0  5  7  5  3  6  2  7  5  1  3  1  2  7  1  3  3  6  1  2  2  0  7  2  6  2  3  2  2  4  4  5  0  2  5  0  5  0  4]
110;33;3073;1927;170,303;16,807;0,273;[1  2  4  2  6  4  4  4  3  5  7  0  5  7  5  3  6  2  7  5  1  3  1  2  7  1  3  3  6  1  2  2  0  7  2  6  2  3  2  2  4  4  5  0  2  5  0  5  0  4]
111;33;3084;1916;170,303;16,807;0,273;[1  2  4  2  6  4  4  4  3  5  7  0  5  7  5  3  6  2  7  5  1  3  1  2  7  1  3  3  6  1  2  2  0  7  2  6  2  3  2  2  4  4  5  0  2  5  0  5  0  4]
112;33;3096;1904;172,121;16,807;0,273;[1  2  4  2  6  4  4  4  3  5  7  0  5  7  5  3  6  2  7  5  1  3  1  2  7  1  3  3  6  1  2  2  0  7  2  6  2  3  2  2  4  4  5  0  2  5  0  5  0  4]
113;33;3107;1893;173,485;16,807;0,273;[1  2  4  2  6  4  4  4  3  5  7  0  5  7  5  3  6  2  7  5  1  3  1  2  7  1  3  3  6  1  2  2  0  7  2  6  2  3  2  2  4  4  5  0  2  5  0  5  0  4]
114;33;3119;1881;177,121;16,807;0,273;[1  2  4  2  6  4  4  4  3  5  7  0  5  7  5  3  6  2  7  5  1  3  1  2  7  1  3  3  6  1  2  2  0  7  2  6  2  3  2  2  4  4  5  0  2  5  0  5  0  4]
115;33;3133;1867;179,394;16,807;0,273;[1  2  4  2  6  4  4  4  3  5  7  0  5  7  5  3  6  2  7  5  1  3  1  2  7  1  3  3  6  1  2  2  0  7  2  6  2  3  2  2  4  4  5  0  2  5  0  5  0  4]
116;33;3142;1858;181,667;16,807;0,273;[1  2  4  2  6  4  4  4  3  5  7  0  5  7  5  3  6  2  7  5  1  3  1  2  7  1  3  3  6  1  2  2  0  7  2  6  2  3  2  2  4  4  5  0  2  5  0  5  0  4]
117;33;3154;1846;186,212;16,807;0,273;[1  2  4  2  6  4  4  4  3  5  7  0  5  7  5  3  6  2  7  5  1  3  1  2  7  1  3  3  6  1  2  2  0  7  2  6  2  3  2  2  4  4  5  0  2  5  0  5  0  4]
118;33;3166;1834;189,394;16,807;0,273;[1  2  4  2  6  4  4  4  3  5  7  0  5  7  5  3  6  2  7  5  1  3  1  2  7  1  3  3  6  1  2  2  0  7  2  6  2  3  2  2  4  4  5  0  2  5  0  5  0  4]
119;34;3179;1821;192,121;16,807;0,324;[1  2  4  2  6  4  4  4  3  5  7  0  5  7  5  3  6  2  7  5  1  3  1  2  7  1  3  3  6  1  2  2  0  7  2  6  2  3  2  2  4  4  5  0  2  5  0  5  0  4]
120;35;3191;1809;187,794;16,807;0,371;[1  2  4  2  6  4  4  4  3  5  7  0  5  7  5  3  6  2  7  5  1  3  1  2  7  1  3  3  6  1  2  2  0  7  2  6  2  3  2  2  4  4  5  0  2  5  0  5  0  4]
121;35;3204;1796;182,714;16,807;0,371;[1  2  4  2  6  4  4  4  3  5  7  0  5  7  5  3  6  2  7  5  1  3  1  2  7  1  3  3  6  1  2  2  0  7  2  6  2  3  2  2  4  4  5  0  2  5  0  5  0  4]
122;36;3215;1785;184,571;16,807;0,417;[1  2  4  2  6  4  4  4  3  5  7  0  5  7  5  3  6  2  7  5  1  3  1  2  7  1  3  3  6  1  2  2  0  7  2  6  2  3  2  2  4  4  5  0  2  5  0  5  0  4]
123;36;3224;1776;181,250;16,807;0,417;[1  2  4  2  6  4  4  4  3  5  7  0  5  7  5  3  6  2  7  5  1  3  1  2  7  1  3  3  6  1  2  2  0  7  2  6  2  3  2  2  4  4  5  0  2  5  0  5  0  4]
124;36;3234;1766;183,750;16,807;0,417;[1  2  4  2  6  4  4  4  3  5  7  0  5  7  5  3  6  2  7  5  1  3  1  2  7  1  3  3  6  1  2  2  0  7  2  6  2  3  2  2  4  4  5  0  2  5  0  5  0  4]
125;36;3248;1752;185,417;16,807;0,417;[1  2  4  2  6  4  4  4  3  5  7  0  5  7  5  3  6  2  7  5  1  3  1  2  7  1  3  3  6  1  2  2  0  7  2  6  2  3  2  2  4  4  5  0  2  5  0  5  0  4]
126;36;3261;1739;185,417;16,807;0,417;[1  2  4  2  6  4  4  4  3  5  7  0  5  7  5  3  6  2  7  5  1  3  1  2  7  1  3  3  6  1  2  2  0  7  2  6  2  3  2  2  4  4  5  0  2  5  0  5  0  4]
127;36;3272;1728;187,917;16,807;0,417;[1  2  4  2  6  4  4  4  3  5  7  0  5  7  5  3  6  2  7  5  1  3  1  2  7  1  3  3  6  1  2  2  0  7  2  6  2  3  2  2  4  4  5  0  2  5  0  5  0  4]
128;36;3285;1715;190,000;16,807;0,417;[1  2  4  2  6  4  4  4  3  5  7  0  5  7  5  3  6  2  7  5  1  3  1  2  7  1  3  3  6  1  2  2  0  7  2  6  2  3  2  2  4  4  5  0  2  5  0  5  0  4]
129;36;3294;1706;191,250;16,807;0,417;[1  2  4  2  6  4  4  4  3  5  7  0  5  7  5  3  6  2  7  5  1  3  1  2  7  1  3  3  6  1  2  2  0  7  2  6  2  3  2  2  4  4  5  0  2  5  0  5  0  4]
130;36;3302;1698;193,750;16,807;0,417;[1  2  4  2  6  4  4  4  3  5  7  0  5  7  5  3  6  2  7  5  1  3  1  2  7  1  3  3  6  1  2  2  0  7  2  6  2  3  2  2  4  4  5  0  2  5  0  5  0  4]
131;37;3309;1691;197,083;16,807;0,459;[1  2  4  2  6  4  4  4  3  5  7  0  5  7  5  3  6  2  7  5  1  3  1  2  7  1  3  3  6  1  2  2  0  7  2  6  2  3  2  2  4  4  5  0  2  5  0  5  0  4]
132;37;3321;1679;195,000;16,807;0,459;[1  2  4  2  6  4  4  4  3  5  7  0  5  7  5  3  6  2  7  5  1  3  1  2  7  1  3  3  6  1  2  2  0  7  2  6  2  3  2  2  4  4  5  0  2  5  0  5  0  4]
133;38;3327;1673;196,892;16,807;0,500;[1  2  4  2  6  4  4  4  3  5  7  0  5  7  5  3  6  2  7  5  1  3  1  2  7  1  3  3  6  1  2  2  0  7  2  6  2  3  2  2  4  4  5  0  2  5  0  5  0  4]
134;38;3336;1664;194,342;16,807;0,500;[1  2  4  2  6  4  4  4  3  5  7  0  5  7  5  3  6  2  7  5  1  3  1  2  7  1  3  3  6  1  2  2  0  7  2  6  2  3  2  2  4  4  5  0  2  5  0  5  0  4]
135;39;3344;1656;196,053;16,807;0,538;[1  2  4  2  6  4  4  4  3  5  7  0  5  7  5  3  6  2  7  5  1  3  1  2  7  1  3  3  6  1  2  2  0  7  2  6  2  3  2  2  4  4  5  0  2  5  0  5  0  4]
136;39;3358;1642;195,000;16,807;0,538;[1  2  4  2  6  4  4  4  3  5  7  0  5  7  5  3  6  2  7  5  1  3  1  2  7  1  3  3  6  1  2  2  0  7  2  6  2  3  2  2  4  4  5  0  2  5  0  5  0  4]
137;39;3370;1630;197,308;16,807;0,538;[1  2  4  2  6  4  4  4  3  5  7  0  5  7  5  3  6  2  7  5  1  3  1  2  7  1  3  3  6  1  2  2  0  7  2  6  2  3  2  2  4  4  5  0  2  5  0  5  0  4]
138;39;3377;1623;198,462;16,807;0,538;[1  2  4  2  6  4  4  4  3  5  7  0  5  7  5  3  6  2  7  5  1  3  1  2  7  1  3  3  6  1  2  2  0  7  2  6  2  3  2  2  4  4  5  0  2  5  0  5  0  4]
139;39;3382;1618;201,923;16,807;0,538;[1  2  4  2  6  4  4  4  3  5  7  0  5  7  5  3  6  2  7  5  1  3  1  2  7  1  3  3  6  1  2  2  0  7  2  6  2  3  2  2  4  4  5  0  2  5  0  5  0  4]
140;39;3390;1610;208,077;16,807;0,538;[1  2  4  2  6  4  4  4  3  5  7  0  5  7  5  3  6  2  7  5  1  3  1  2  7  1  3  3  6  1  2  2  0  7  2  6  2  3  2  2  4  4  5  0  2  5  0  5  0  4]
141;39;3401;1599;211,154;16,807;0,538;[1  2  4  2  6  4  4  4  3  5  7  0  5  7  5  3  6  2  7  5  1  3  1  2  7  1  3  3  6  1  2  2  0  7  2  6  2  3  2  2  4  4  5  0  2  5  0  5  0  4]
142;39;3408;1592;214,231;16,807;0,538;[1  2  4  2  6  4  4  4  3  5  7  0  5  7  5  3  6  2  7  5  1  3  1  2  7  1  3  3  6  1  2  2  0  7  2  6  2  3  2  2  4  4  5  0  2  5  0  5  0  4]
143;39;3415;1585;217,308;16,807;0,538;[1  2  4  2  6  4  4  4  3  5  7  0  5  7  5  3  6  2  7  5  1  3  1  2  7  1  3  3  6  1  2  2  0  7  2  6  2  3  2  2  4  4  5  0  2  5  0  5  0  4]
144;40;3427;1573;221,154;16,807;0,575;[1  2  4  2  6  4  4  4  3  5  7  0  5  7  5  3  6  2  7  5  1  3  1  2  7  1  3  3  6  1  2  2  0  7  2  6  2  3  2  2  4  4  5  0  2  5  0  5  0  4]
145;41;3435;1565;217,125;16,807;0,610;[1  2  4  2  6  4  4  4  3  5  7  0  5  7  5  3  6  2  7  5  1  3  1  2  7  1  3  3  6  1  2  2  0  7  2  6  2  3  2  2  4  4  5  0  2  5  0  5  0  4]
146;42;3446;1554;214,634;16,807;0,643;[1  2  4  2  6  4  4  4  3  5  7  0  5  7  5  3  6  2  7  5  1  3  1  2  7  1  3  3  6  1  2  2  0  7  2  6  2  3  2  2  4  4  5  0  2  5  0  5  0  4]
147;43;3452;1548;211,429;16,807;0,674;[1  2  4  2  6  4  4  4  3  5  7  0  5  7  5  3  6  2  7  5  1  3  1  2  7  1  3  3  6  1  2  2  0  7  2  6  2  3  2  2  4  4  5  0  2  5  0  5  0  4]
148;44;3462;1538;208,953;16,807;0,705;[1  2  4  2  6  4  4  4  3  5  7  0  5  7  5  3  6  2  7  5  1  3  1  2  7  1  3  3  6  1  2  2  0  7  2  6  2  3  2  2  4  4  5  0  2  5  0  5  0  4]
149;46;3476;1524;206,818;16,807;0,761;[1  2  4  2  6  4  4  4  3  5  7  0  5  7  5  3  6  2  7  5  1  3  1  2  7  1  3  3  6  1  2  2  0  7  2  6  2  3  2  2  4  4  5  0  2  5  0  5  0  4]
150;46;3484;1516;198,261;16,807;0,761;[1  2  4  2  6  4  4  4  3  5  7  0  5  7  5  3  6  2  7  5  1  3  1  2  7  1  3  3  6  1  2  2  0  7  2  6  2  3  2  2  4  4  5  0  2  5  0  5  0  4]
151;47;3493;1507;201,413;16,807;0,787;[1  2  4  2  6  4  4  4  3  5  7  0  5  7  5  3  6  2  7  5  1  3  1  2  7  1  3  3  6  1  2  2  0  7  2  6  2  3  2  2  4  4  5  0  2  5  0  5  0  4]
152;47;3500;1500;197,340;16,807;0,787;[1  2  4  2  6  4  4  4  3  5  7  0  5  7  5  3  6  2  7  5  1  3  1  2  7  1  3  3  6  1  2  2  0  7  2  6  2  3  2  2  4  4  5  0  2  5  0  5  0  4]
153;47;3506;1494;200,319;16,807;0,787;[1  2  4  2  6  4  4  4  3  5  7  0  5  7  5  3  6  2  7  5  1  3  1  2  7  1  3  3  6  1  2  2  0  7  2  6  2  3  2  2  4  4  5  0  2  5  0  5  0  4]
154;47;3511;1489;202,340;16,807;0,787;[1  2  4  2  6  4  4  4  3  5  7  0  5  7  5  3  6  2  7  5  1  3  1  2  7  1  3  3  6  1  2  2  0  7  2  6  2  3  2  2  4  4  5  0  2  5  0  5  0  4]
155;48;3515;1485;205,638;16,807;0,813;[1  2  4  2  6  4  4  4  3  5  7  0  5  7  5  3  6  2  7  5  1  3  1  2  7  1  3  3  6  1  2  2  0  7  2  6  2  3  2  2  4  4  5  0  2  5  0  5  0  4]
156;48;3515;1485;205,208;16,807;0,813;[1  2  4  2  6  4  4  4  3  5  7  0  5  7  5  3  6  2  7  5  1  3  1  2  7  1  3  3  6  1  2  2  0  7  2  6  2  3  2  2  4  4  5  0  2  5  0  5  0  4]
157;49;3522;1478;208,646;16,807;0,837;[1  2  4  2  6  4  4  4  3  5  7  0  5  7  5  3  6  2  7  5  1  3  1  2  7  1  3  3  6  1  2  2  0  7  2  6  2  3  2  2  4  4  5  0  2  5  0  5  0  4]
158;49;3524;1476;206,531;16,807;0,837;[1  2  4  2  6  4  4  4  3  5  7  0  5  7  5  3  6  2  7  5  1  3  1  2  7  1  3  3  6  1  2  2  0  7  2  6  2  3  2  2  4  4  5  0  2  5  0  5  0  4]
159;49;3531;1469;211,020;16,807;0,837;[1  2  4  2  6  4  4  4  3  5  7  0  5  7  5  3  6  2  7  5  1  3  1  2  7  1  3  3  6  1  2  2  0  7  2  6  2  3  2  2  4  4  5  0  2  5  0  5  0  4]
160;49;3536;1464;213,061;16,807;0,837;[1  2  4  2  6  4  4  4  3  5  7  0  5  7  5  3  6  2  7  5  1  3  1  2  7  1  3  3  6  1  2  2  0  7  2  6  2  3  2  2  4  4  5  0  2  5  0  5  0  4]
161;49;3539;1461;215,408;16,807;0,837;[1  2  4  2  6  4  4  4  3  5  7  0  5  7  5  3  6  2  7  5  1  3  1  2  7  1  3  3  6  1  2  2  0  7  2  6  2  3  2  2  4  4  5  0  2  5  0  5  0  4]
162;49;3545;1455;218,673;16,807;0,837;[1  2  4  2  6  4  4  4  3  5  7  0  5  7  5  3  6  2  7  5  1  3  1  2  7  1  3  3  6  1  2  2  0  7  2  6  2  3  2  2  4  4  5  0  2  5  0  5  0  4]
163;49;3554;1446;221,327;16,807;0,837;[1  2  4  2  6  4  4  4  3  5  7  0  5  7  5  3  6  2  7  5  1  3  1  2  7  1  3  3  6  1  2  2  0  7  2  6  2  3  2  2  4  4  5  0  2  5  0  5  0  4]
164;49;3561;1439;222,755;16,807;0,837;[1  2  4  2  6  4  4  4  3  5  7  0  5  7  5  3  6  2  7  5  1  3  1  2  7  1  3  3  6  1  2  2  0  7  2  6  2  3  2  2  4  4  5  0  2  5  0  5  0  4]
165;49;3563;1437;224,796;16,807;0,837;[1  2  4  2  6  4  4  4  3  5  7  0  5  7  5  3  6  2  7  5  1  3  1  2  7  1  3  3  6  1  2  2  0  7  2  6  2  3  2  2  4  4  5  0  2  5  0  5  0  4]
166;48;3573;1427;231,875;16,911;0,854;[1  2  4  2  6  4  4  4  3  5  7  0  5  7  5  3  6  2  7  5  1  3  1  2  7  1  3  3  6  1  2  2  0  7  2  6  2  3  2  2  4  4  5  0  2  5  0  5  0  4]
167;48;3579;1421;232,813;16,911;0,854;[1  2  4  2  6  4  4  4  3  5  7  0  5  7  5  3  6  2  7  5  1  3  1  2  7  1  3  3  6  1  2  2  0  7  2  6  2  3  2  2  4  4  5  0  2  5  0  5  0  4]
168;48;3588;1412;234,688;16,911;0,854;[1  2  4  2  6  4  4  4  3  5  7  0  5  7  5  3  6  2  7  5  1  3  1  2  7  1  3  3  6  1  2  2  0  7  2  6  2  3  2  2  4  4  5  0  2  5  0  5  0  4]
169;48;3598;1402;235,313;16,911;0,854;[1  2  4  2  6  4  4  4  3  5  7  0  5  7  5  3  6  2  7  5  1  3  1  2  7  1  3  3  6  1  2  2  0  7  2  6  2  3  2  2  4  4  5  0  2  5  0  5  0  4]
170;48;3605;1395;236,563;16,911;0,854;[1  2  4  2  6  4  4  4  3  5  7  0  5  7  5  3  6  2  7  5  1  3  1  2  7  1  3  3  6  1  2  2  0  7  2  6  2  3  2  2  4  4  5  0  2  5  0  5  0  4]
171;48;3611;1389;238,125;16,911;0,854;[1  2  4  2  6  4  4  4  3  5  7  0  5  7  5  3  6  2  7  5  1  3  1  2  7  1  3  3  6  1  2  2  0  7  2  6  2  3  2  2  4  4  5  0  2  5  0  5  0  4]
172;49;3619;1381;241,250;16,911;0,878;[1  2  4  2  6  4  4  4  3  5  7  0  5  7  5  3  6  2  7  5  1  3  1  2  7  1  3  3  6  1  2  2  0  7  2  6  2  3  2  2  4  4  5  0  2  5  0  5  0  4]
173;50;3626;1374;238,776;16,911;0,900;[1  2  4  2  6  4  4  4  3  5  7  0  5  7  5  3  6  2  7  5  1  3  1  2  7  1  3  3  6  1  2  2  0  7  2  6  2  3  2  2  4  4  5  0  2  5  0  5  0  4]
174;50;3631;1369;236,600;16,911;0,900;[1  2  4  2  6  4  4  4  3  5  7  0  5  7  5  3  6  2  7  5  1  3  1  2  7  1  3  3  6  1  2  2  0  7  2  6  2  3  2  2  4  4  5  0  2  5  0  5  0  4]
175;51;3639;1361;237,900;16,911;0,922;[1  2  4  2  6  4  4  4  3  5  7  0  5  7  5  3  6  2  7  5  1  3  1  2  7  1  3  3  6  1  2  2  0  7  2  6  2  3  2  2  4  4  5  0  2  5  0  5  0  4]
176;52;3648;1352;235,980;16,911;0,942;[1  2  4  2  6  4  4  4  3  5  7  0  5  7  5  3  6  2  7  5  1  3  1  2  7  1  3  3  6  1  2  2  0  7  2  6  2  3  2  2  4  4  5  0  2  5  0  5  0  4]
177;51;3656;1344;236,569;16,912;0,961;[1  2  4  2  6  4  4  4  3  5  7  0  5  7  5  3  6  2  7  5  1  3  1  2  7  1  3  3  6  1  2  2  0  7  2  6  2  3  2  2  4  4  5  0  2  5  0  5  0  4]
178;51;3657;1343;239,216;16,912;0,961;[1  2  4  2  6  4  4  4  3  5  7  0  5  7  5  3  6  2  7  5  1  3  1  2  7  1  3  3  6  1  2  2  0  7  2  6  2  3  2  2  4  4  5  0  2  5  0  5  0  4]
179;51;3666;1334;241,863;16,912;0,961;[1  2  4  2  6  4  4  4  3  5  7  0  5  7  5  3  6  2  7  5  1  3  1  2  7  1  3  3  6  1  2  2  0  7  2  6  2  3  2  2  4  4  5  0  2  5  0  5  0  4]
180;51;3669;1331;243,039;16,912;0,961;[1  2  4  2  6  4  4  4  3  5  7  0  5  7  5  3  6  2  7  5  1  3  1  2  7  1  3  3  6  1  2  2  0  7  2  6  2  3  2  2  4  4  5  0  2  5  0  5  0  4]
181;52;3675;1325;245,686;16,912;0,981;[1  2  4  2  6  4  4  4  3  5  7  0  5  7  5  3  6  2  7  5  1  3  1  2  7  1  3  3  6  1  2  2  0  7  2  6  2  3  2  2  4  4  5  0  2  5  0  5  0  4]
182;52;3677;1323;242,115;16,912;0,981;[1  2  4  2  6  4  4  4  3  5  7  0  5  7  5  3  6  2  7  5  1  3  1  2  7  1  3  3  6  1  2  2  0  7  2  6  2  3  2  2  4  4  5  0  2  5  0  5  0  4]
183;53;3685;1315;244,038;16,912;1,000;[1  2  4  2  6  4  4  4  3  5  7  0  5  7  5  3  6  2  7  5  1  3  1  2  7  1  3  3  6  1  2  2  0  7  2  6  2  3  2  2  4  4  5  0  2  5  0  5  0  4]
184;53;3687;1313;242,453;16,912;1,000;[1  2  4  2  6  4  4  4  3  5  7  0  5  7  5  3  6  2  7  5  1  3  1  2  7  1  3  3  6  1  2  2  0  7  2  6  2  3  2  2  4  4  5  0  2  5  0  5  0  4]
185;53;3693;1307;244,811;16,912;1,000;[1  2  4  2  6  4  4  4  3  5  7  0  5  7  5  3  6  2  7  5  1  3  1  2  7  1  3  3  6  1  2  2  0  7  2  6  2  3  2  2  4  4  5  0  2  5  0  5  0  4]
186;53;3701;1299;248,585;16,912;1,000;[1  2  4  2  6  4  4  4  3  5  7  0  5  7  5  3  6  2  7  5  1  3  1  2  7  1  3  3  6  1  2  2  0  7  2  6  2  3  2  2  4  4  5  0  2  5  0  5  0  4]
187;52;3709;1291;254,615;16,928;1,000;[1  2  4  2  6  4  4  4  3  5  7  0  5  7  5  3  6  2  7  5  1  3  1  2  7  1  3  3  6  1  2  2  0  7  2  6  2  3  2  2  4  4  5  0  2  5  0  5  0  4]
188;53;3712;1288;257,404;16,928;1,019;[1  2  4  2  6  4  4  4  3  5  7  0  5  7  5  3  6  2  7  5  1  3  1  2  7  1  3  3  6  1  2  2  0  7  2  6  2  3  2  2  4  4  5  0  2  5  0  5  0  4]
189;53;3714;1286;255,000;16,928;1,019;[1  2  4  2  6  4  4  4  3  5  7  0  5  7  5  3  6  2  7  5  1  3  1  2  7  1  3  3  6  1  2  2  0  7  2  6  2  3  2  2  4  4  5  0  2  5  0  5  0  4]
190;53;3720;1280;259,623;16,928;1,019;[1  2  4  2  6  4  4  4  3  5  7  0  5  7  5  3  6  2  7  5  1  3  1  2  7  1  3  3  6  1  2  2  0  7  2  6  2  3  2  2  4  4  5  0  2  5  0  5  0  4]
191;53;3722;1278;263,113;16,928;1,019;[1  2  4  2  6  4  4  4  3  5  7  0  5  7  5  3  6  2  7  5  1  3  1  2  7  1  3  3  6  1  2  2  0  7  2  6  2  3  2  2  4  4  5  0  2  5  0  5  0  4]
192;54;3731;1269;266,887;16,928;1,037;[1  2  4  2  6  4  4  4  3  5  7  0  5  7  5  3  6  2  7  5  1  3  1  2  7  1  3  3  6  1  2  2  0  7  2  6  2  3  2  2  4  4  5  0  2  5  0  5  0  4]
193;56;3736;1264;264,815;16,928;1,071;[1  2  4  2  6  4  4  4  3  5  7  0  5  7  5  3  6  2  7  5  1  3  1  2  7  1  3  3  6  1  2  2  0  7  2  6  2  3  2  2  4  4  5  0  2  5  0  5  0  4]
194;58;3739;1261;257,500;16,928;1,103;[1  2  4  2  6  4  4  4  3  5  7  0  5  7  5  3  6  2  7  5  1  3  1  2  7  1  3  3  6  1  2  2  0  7  2  6  2  3  2  2  4  4  5  0  2  5  0  5  0  4]
195;58;3746;1254;250,776;16,928;1,103;[2  6  4  3  6  5  2  2  4  0  1  6  0  1  1  2  7  2  3  1  7  4  2  4  4  7  2  6  5  6  4  2  2  6  6  2  1  3  2  3  2  2  2  7  0  7  6  6  5  2]
196;60;3751;1249;251,466;16,928;1,133;[2  6  4  3  6  5  2  2  4  0  1  6  0  1  1  2  7  2  3  1  7  4  2  4  4  7  2  6  5  6  4  2  2  6  6  2  1  3  2  3  2  2  2  7  0  7  6  6  5  2]
197;60;3757;1243;244,750;16,928;1,133;[2  6  4  3  6  5  2  2  4  0  1  6  0  1  1  2  7  2  3  1  7  4  2  4  4  7  2  6  5  6  4  2  2  6  6  2  1  3  2  3  2  2  2  7  0  7  6  6  5  2]
198;60;3761;1239;246,000;16,928;1,133;[2  6  4  3  6  5  2  2  4  0  1  6  0  1  1  2  7  2  3  1  7  4  2  4  4  7  2  6  5  6  4  2  2  6  6  2  1  3  2  3  2  2  2  7  0  7  6  6  5  2]
199;60;3766;1234;247,250;16,928;1,133;[2  6  4  3  6  5  2  2  4  0  1  6  0  1  1  2  7  2  3  1  7  4  2  4  4  7  2  6  5  6  4  2  2  6  6  2  1  3  2  3  2  2  2  7  0  7  6  6  5  2]
200;61;3770;1230;249,750;16,928;1,148;[2  6  4  3  6  5  2  2  4  0  1  6  0  1  1  2  7  2  3  1  7  4  2  4  4  7  2  6  5  6  4  2  2  6  6  2  1  3  2  3  2  2  2  7  0  7  6  6  5  2]
201;62;3774;1226;247,377;16,928;1,161;[2  6  4  3  6  5  2  2  4  0  1  6  0  1  1  2  7  2  3  1  7  4  2  4  4  7  2  6  5  6  4  2  2  6  6  2  1  3  2  3  2  2  2  7  0  7  6  6  5  2]
202;62;3784;1216;249,754;16,921;1,177;[2  6  4  3  6  5  2  2  4  0  1  6  0  1  1  2  7  2  3  1  7  4  2  4  4  7  2  6  5  6  4  2  2  6  6  2  1  3  2  3  2  2  2  7  0  7  6  6  5  2]
203;63;3785;1215;247,823;16,921;1,190;[2  6  4  3  6  5  2  2  4  0  1  6  0  1  1  2  7  2  3  1  7  4  2  4  4  7  2  6  5  6  4  2  2  6  6  2  1  3  2  3  2  2  2  7  0  7  6  6  5  2]
204;64;3792;1208;247,302;16,921;1,203;[2  6  4  3  6  5  2  2  4  0  1  6  0  1  1  2  7  2  3  1  7  4  2  4  4  7  2  6  5  6  4  2  2  6  6  2  1  3  2  3  2  2  2  7  0  7  6  6  5  2]
205;64;3791;1209;245,547;16,921;1,203;[2  6  4  3  6  5  2  2  4  0  1  6  0  1  1  2  7  2  3  1  7  4  2  4  4  7  2  6  5  6  4  2  2  6  6  2  1  3  2  3  2  2  2  7  0  7  6  6  5  2]
206;63;3796;1204;252,698;16,917;1,206;[1  2  4  2  6  4  4  4  3  5  7  0  5  7  5  3  6  2  7  5  1  3  1  2  7  1  3  3  6  1  2  2  0  7  2  6  2  3  2  2  4  4  5  0  2  5  0  5  0  4]
207;63;3803;1197;255,317;16,917;1,206;[1  2  4  2  6  4  4  4  3  5  7  0  5  7  5  3  6  2  7  5  1  3  1  2  7  1  3  3  6  1  2  2  0  7  2  6  2  3  2  2  4  4  5  0  2  5  0  5  0  4]
208;63;3801;1199;257,222;16,917;1,206;[1  2  4  2  6  4  4  4  3  5  7  0  5  7  5  3  6  2  7  5  1  3  1  2  7  1  3  3  6  1  2  2  0  7  2  6  2  3  2  2  4  4  5  0  2  5  0  5  0  4]
209;62;3807;1193;264,758;16,949;1,226;[1  2  4  2  6  4  4  4  3  5  7  0  5  7  5  3  6  2  7  5  1  3  1  2  7  1  3  3  6  1  2  2  0  7  2  6  2  3  2  2  4  4  5  0  2  5  0  5  0  4]
210;62;3810;1190;266,048;16,949;1,226;[1  2  4  2  6  4  4  4  3  5  7  0  5  7  5  3  6  2  7  5  1  3  1  2  7  1  3  3  6  1  2  2  0  7  2  6  2  3  2  2  4  4  5  0  2  5  0  5  0  4]
211;62;3814;1186;268,548;16,949;1,226;[1  2  4  2  6  4  4  4  3  5  7  0  5  7  5  3  6  2  7  5  1  3  1  2  7  1  3  3  6  1  2  2  0  7  2  6  2  3  2  2  4  4  5  0  2  5  0  5  0  4]
212;60;3819;1181;279,583;16,944;1,217;[1  2  4  2  6  4  4  4  3  5  7  0  5  7  5  3  6  2  7  5  1  3  1  2  7  1  3  3  6  1  2  2  0  7  2  6  2  3  2  2  4  4  5  0  2  5  0  5  0  4]
213;60;3830;1170;282,833;16,944;1,217;[1  2  4  2  6  4  4  4  3  5  7  0  5  7  5  3  6  2  7  5  1  3  1  2  7  1  3  3  6  1  2  2  0  7  2  6  2  3  2  2  4  4  5  0  2  5  0  5  0  4]
214;60;3841;1159;285,333;16,944;1,217;[1  2  4  2  6  4  4  4  3  5  7  0  5  7  5  3  6  2  7  5  1  3  1  2  7  1  3  3  6  1  2  2  0  7  2  6  2  3  2  2  4  4  5  0  2  5  0  5  0  4]
215;60;3839;1161;286,333;16,944;1,217;[1  2  4  2  6  4  4  4  3  5  7  0  5  7  5  3  6  2  7  5  1  3  1  2  7  1  3  3  6  1  2  2  0  7  2  6  2  3  2  2  4  4  5  0  2  5  0  5  0  4]
216;59;3842;1158;293,729;16,948;1,220;[1  2  4  2  6  4  4  4  3  5  7  0  5  7  5  3  6  2  7  5  1  3  1  2  7  1  3  3  6  1  2  2  0  7  2  6  2  3  2  2  4  4  5  0  2  5  0  5  0  4]
217;59;3843;1157;295,339;16,948;1,220;[1  2  4  2  6  4  4  4  3  5  7  0  5  7  5  3  6  2  7  5  1  3  1  2  7  1  3  3  6  1  2  2  0  7  2  6  2  3  2  2  4  4  5  0  2  5  0  5  0  4]
218;59;3844;1156;298,983;16,948;1,220;[1  2  4  2  6  4  4  4  3  5  7  0  5  7  5  3  6  2  7  5  1  3  1  2  7  1  3  3  6  1  2  2  0  7  2  6  2  3  2  2  4  4  5  0  2  5  0  5  0  4]
219;59;3848;1152;301,356;16,948;1,220;[1  2  4  2  6  4  4  4  3  5  7  0  5  7  5  3  6  2  7  5  1  3  1  2  7  1  3  3  6  1  2  2  0  7  2  6  2  3  2  2  4  4  5  0  2  5  0  5  0  4]
220;60;3850;1150;304,492;16,948;1,233;[1  2  4  2  6  4  4  4  3  5  7  0  5  7  5  3  6  2  7  5  1  3  1  2  7  1  3  3  6  1  2  2  0  7  2  6  2  3  2  2  4  4  5  0  2  5  0  5  0  4]
221;60;3846;1154;301,750;16,948;1,233;[1  2  4  2  6  4  4  4  3  5  7  0  5  7  5  3  6  2  7  5  1  3  1  2  7  1  3  3  6  1  2  2  0  7  2  6  2  3  2  2  4  4  5  0  2  5  0  5  0  4]
222;60;3846;1154;305,500;16,948;1,233;[1  2  4  2  6  4  4  4  3  5  7  0  5  7  5  3  6  2  7  5  1  3  1  2  7  1  3  3  6  1  2  2  0  7  2  6  2  3  2  2  4  4  5  0  2  5  0  5  0  4]
223;61;3848;1152;308,000;16,948;1,246;[1  2  4  2  6  4  4  4  3  5  7  0  5  7  5  3  6  2  7  5  1  3  1  2  7  1  3  3  6  1  2  2  0  7  2  6  2  3  2  2  4  4  5  0  2  5  0  5  0  4]
224;63;3850;1150;305,164;16,948;1,270;[1  2  4  2  6  4  4  4  3  5  7  0  5  7  5  3  6  2  7  5  1  3  1  2  7  1  3  3  6  1  2  2  0  7  2  6  2  3  2  2  4  4  5  0  2  5  0  5  0  4]
225;64;3851;1149;297,540;16,948;1,281;[1  2  4  2  6  4  4  4  3  5  7  0  5  7  5  3  6  2  7  5  1  3  1  2  7  1  3  3  6  1  2  2  0  7  2  6  2  3  2  2  4  4  5  0  2  5  0  5  0  4]
226;64;3850;1150;294,531;16,948;1,281;[1  2  4  2  6  4  4  4  3  5  7  0  5  7  5  3  6  2  7  5  1  3  1  2  7  1  3  3  6  1  2  2  0  7  2  6  2  3  2  2  4  4  5  0  2  5  0  5  0  4]
227;64;3854;1146;296,328;16,948;1,281;[1  2  4  2  6  4  4  4  3  5  7  0  5  7  5  3  6  2  7  5  1  3  1  2  7  1  3  3  6  1  2  2  0  7  2  6  2  3  2  2  4  4  5  0  2  5  0  5  0  4]
228;65;3855;1145;297,891;16,948;1,292;[1  2  4  2  6  4  4  4  3  5  7  0  5  7  5  3  6  2  7  5  1  3  1  2  7  1  3  3  6  1  2  2  0  7  2  6  2  3  2  2  4  4  5  0  2  5  0  5  0  4]
229;65;3850;1150;295,077;16,948;1,292;[1  2  4  2  6  4  4  4  3  5  7  0  5  7  5  3  6  2  7  5  1  3  1  2  7  1  3  3  6  1  2  2  0  7  2  6  2  3  2  2  4  4  5  0  2  5  0  5  0  4]
230;65;3850;1150;298,846;16,948;1,292;[1  2  4  2  6  4  4  4  3  5  7  0  5  7  5  3  6  2  7  5  1  3  1  2  7  1  3  3  6  1  2  2  0  7  2  6  2  3  2  2  4  4  5  0  2  5  0  5  0  4]
231;65;3854;1146;301,923;16,948;1,292;[1  2  4  2  6  4  4  4  3  5  7  0  5  7  5  3  6  2  7  5  1  3  1  2  7  1  3  3  6  1  2  2  0  7  2  6  2  3  2  2  4  4  5  0  2  5  0  5  0  4]
232;66;3851;1149;304,308;16,948;1,303;[1  2  4  2  6  4  4  4  3  5  7  0  5  7  5  3  6  2  7  5  1  3  1  2  7  1  3  3  6  1  2  2  0  7  2  6  2  3  2  2  4  4  5  0  2  5  0  5  0  4]
233;67;3849;1151;302,727;16,948;1,313;[1  2  4  2  6  4  4  4  3  5  7  0  5  7  5  3  6  2  7  5  1  3  1  2  7  1  3  3  6  1  2  2  0  7  2  6  2  3  2  2  4  4  5  0  2  5  0  5  0  4]
234;67;3847;1153;301,567;16,948;1,313;[1  2  4  2  6  4  4  4  3  5  7  0  5  7  5  3  6  2  7  5  1  3  1  2  7  1  3  3  6  1  2  2  0  7  2  6  2  3  2  2  4  4  5  0  2  5  0  5  0  4]
235;67;3846;1154;303,507;16,948;1,313;[1  2  4  2  6  4  4  4  3  5  7  0  5  7  5  3  6  2  7  5  1  3  1  2  7  1  3  3  6  1  2  2  0  7  2  6  2  3  2  2  4  4  5  0  2  5  0  5  0  4]
236;67;3843;1157;307,015;16,948;1,313;[1  2  4  2  6  4  4  4  3  5  7  0  5  7  5  3  6  2  7  5  1  3  1  2  7  1  3  3  6  1  2  2  0  7  2  6  2  3  2  2  4  4  5  0  2  5  0  5  0  4]
237;68;3847;1153;310,746;16,948;1,324;[1  2  4  2  6  4  4  4  3  5  7  0  5  7  5  3  6  2  7  5  1  3  1  2  7  1  3  3  6  1  2  2  0  7  2  6  2  3  2  2  4  4  5  0  2  5  0  5  0  4]
238;68;3849;1151;307,206;16,948;1,324;[1  2  4  2  6  4  4  4  3  5  7  0  5  7  5  3  6  2  7  5  1  3  1  2  7  1  3  3  6  1  2  2  0  7  2  6  2  3  2  2  4  4  5  0  2  5  0  5  0  4]
239;69;3855;1145;309,926;16,948;1,333;[1  2  4  2  6  4  4  4  3  5  7  0  5  7  5  3  6  2  7  5  1  3  1  2  7  1  3  3  6  1  2  2  0  7  2  6  2  3  2  2  4  4  5  0  2  5  0  5  0  4]
240;69;3856;1144;311,324;16,947;1,362;[1  2  4  2  6  4  4  4  3  5  7  0  5  7  5  3  6  2  7  5  1  3  1  2  7  1  3  3  6  1  2  2  0  7  2  6  2  3  2  2  4  4  5  0  2  5  0  5  0  4]
241;71;3852;1148;310,145;16,947;1,380;[1  2  4  2  6  4  4  4  3  5  7  0  5  7  5  3  6  2  7  5  1  3  1  2  7  1  3  3  6  1  2  2  0  7  2  6  2  3  2  2  4  4  5  0  2  5  0  5  0  4]
242;71;3855;1145;304,789;16,947;1,380;[1  2  4  2  6  4  4  4  3  5  7  0  5  7  5  3  6  2  7  5  1  3  1  2  7  1  3  3  6  1  2  2  0  7  2  6  2  3  2  2  4  4  5  0  2  5  0  5  0  4]
243;70;3857;1143;311,357;16,951;1,400;[1  2  4  2  6  4  4  4  3  5  7  0  5  7  5  3  6  2  7  5  1  3  1  2  7  1  3  3  6  1  2  2  0  7  2  6  2  3  2  2  4  4  5  0  2  5  0  5  0  4]
244;70;3862;1138;314,500;16,951;1,400;[1  2  4  2  6  4  4  4  3  5  7  0  5  7  5  3  6  2  7  5  1  3  1  2  7  1  3  3  6  1  2  2  0  7  2  6  2  3  2  2  4  4  5  0  2  5  0  5  0  4]
245;69;3863;1137;321,812;16,947;1,391;[1  2  4  2  6  4  4  4  3  5  7  0  5  7  5  3  6  2  7  5  1  3  1  2  7  1  3  3  6  1  2  2  0  7  2  6  2  3  2  2  4  4  5  0  2  5  0  5  0  4]
246;68;3859;1141;330,956;17,114;1,412;[1  2  4  2  6  4  4  4  3  5  7  0  5  7  5  3  6  2  7  5  1  3  1  2  7  1  3  3  6  1  2  2  0  7  2  6  2  3  2  2  4  4  5  0  2  5  0  5  0  4]
247;68;3851;1149;335,221;17,114;1,412;[1  2  4  2  6  4  4  4  3  5  7  0  5  7  5  3  6  2  7  5  1  3  1  2  7  1  3  3  6  1  2  2  0  7  2  6  2  3  2  2  4  4  5  0  2  5  0  5  0  4]
248;68;3848;1152;339,485;17,114;1,412;[1  2  4  2  6  4  4  4  3  5  7  0  5  7  5  3  6  2  7  5  1  3  1  2  7  1  3  3  6  1  2  2  0  7  2  6  2  3  2  2  4  4  5  0  2  5  0  5  0  4]
249;69;3853;1147;342,647;17,114;1,420;[1  2  4  2  6  4  4  4  3  5  7  0  5  7  5  3  6  2  7  5  1  3  1  2  7  1  3  3  6  1  2  2  0  7  2  6  2  3  2  2  4  4  5  0  2  5  0  5  0  4]
250;71;3846;1154;339,710;17,114;1,437;[1  2  4  2  6  4  4  4  3  5  7  0  5  7  5  3  6  2  7  5  1  3  1  2  7  1  3  3  6  1  2  2  0  7  2  6  2  3  2  2  4  4  5  0  2  5  0  5  0  4]
251;72;3847;1153;333,310;17,114;1,444;[1  2  4  2  6  4  4  4  3  5  7  0  5  7  5  3  6  2  7  5  1  3  1  2  7  1  3  3  6  1  2  2  0  7  2  6  2  3  2  2  4  4  5  0  2  5  0  5  0  4]
252;73;3844;1156;330,208;17,114;1,452;[1  2  4  2  6  4  4  4  3  5  7  0  5  7  5  3  6  2  7  5  1  3  1  2  7  1  3  3  6  1  2  2  0  7  2  6  2  3  2  2  4  4  5  0  2  5  0  5  0  4]
253;73;3845;1155;327,945;17,114;1,452;[1  2  4  2  6  4  4  4  3  5  7  0  5  7  5  3  6  2  7  5  1  3  1  2  7  1  3  3  6  1  2  2  0  7  2  6  2  3  2  2  4  4  5  0  2  5  0  5  0  4]
254;74;3840;1160;329,932;17,114;1,459;[1  2  4  2  6  4  4  4  3  5  7  0  5  7  5  3  6  2  7  5  1  3  1  2  7  1  3  3  6  1  2  2  0  7  2  6  2  3  2  2  4  4  5  0  2  5  0  5  0  4]
255;75;3835;1165;328,243;17,114;1,467;[1  2  4  2  6  4  4  4  3  5  7  0  5  7  5  3  6  2  7  5  1  3  1  2  7  1  3  3  6  1  2  2  0  7  2  6  2  3  2  2  4  4  5  0  2  5  0  5  0  4]
256;75;3833;1167;331,959;17,175;1,453;[1  2  4  2  6  4  4  4  3  5  7  0  5  7  5  3  6  2  7  5  1  3  1  2  7  1  3  3  6  1  2  2  0  7  2  6  2  3  2  2  4  4  5  0  2  5  0  5  0  4]
257;75;3830;1170;330,600;17,175;1,453;[1  2  4  2  6  4  4  4  3  5  7  0  5  7  5  3  6  2  7  5  1  3  1  2  7  1  3  3  6  1  2  2  0  7  2  6  2  3  2  2  4  4  5  0  2  5  0  5  0  4]
258;76;3822;1178;333,600;17,175;1,461;[1  2  4  2  6  4  4  4  3  5  7  0  5  7  5  3  6  2  7  5  1  3  1  2  7  1  3  3  6  1  2  2  0  7  2  6  2  3  2  2  4  4  5  0  2  5  0  5  0  4]
259;79;3823;1177;332,763;17,175;1,481;[1  2  4  2  6  4  4  4  3  5  7  0  5  7  5  3  6  2  7  5  1  3  1  2  7  1  3  3  6  1  2  2  0  7  2  6  2  3  2  2  4  4  5  0  2  5  0  5  0  4]
260;81;3823;1177;322,911;17,175;1,494;[1  2  4  2  6  4  4  4  3  5  7  0  5  7  5  3  6  2  7  5  1  3  1  2  7  1  3  3  6  1  2  2  0  7  2  6  2  3  2  2  4  4  5  0  2  5  0  5  0  4]
261;81;3818;1182;316,728;17,175;1,494;[1  2  4  2  6  4  4  4  3  5  7  0  5  7  5  3  6  2  7  5  1  3  1  2  7  1  3  3  6  1  2  2  0  7  2  6  2  3  2  2  4  4  5  0  2  5  0  5  0  4]
262;83;3811;1189;319,136;17,175;1,506;[1  2  4  2  6  4  4  4  3  5  7  0  5  7  5  3  6  2  7  5  1  3  1  2  7  1  3  3  6  1  2  2  0  7  2  6  2  3  2  2  4  4  5  0  2  5  0  5  0  4]
263;83;3804;1196;314,699;17,175;1,506;[1  2  4  2  6  4  4  4  3  5  7  0  5  7  5  3  6  2  7  5  1  3  1  2  7  1  3  3  6  1  2  2  0  7  2  6  2  3  2  2  4  4  5  0  2  5  0  5  0  4]
264;83;3806;1194;316,747;17,175;1,506;[1  2  4  2  6  4  4  4  3  5  7  0  5  7  5  3  6  2  7  5  1  3  1  2  7  1  3  3  6  1  2  2  0  7  2  6  2  3  2  2  4  4  5  0  2  5  0  5  0  4]
265;82;3805;1195;321,220;17,172;1,512;[1  2  4  2  6  4  4  4  3  5  7  0  5  7  5  3  6  2  7  5  1  3  1  2  7  1  3  3  6  1  2  2  0  7  2  6  2  3  2  2  4  4  5  0  2  5  0  5  0  4]
266;83;3804;1196;323,354;17,172;1,518;[1  2  4  2  6  4  4  4  3  5  7  0  5  7  5  3  6  2  7  5  1  3  1  2  7  1  3  3  6  1  2  2  0  7  2  6  2  3  2  2  4  4  5  0  2  5  0  5  0  4]
267;83;3799;1201;321,566;17,172;1,518;[1  2  4  2  6  4  4  4  3  5  7  0  5  7  5  3  6  2  7  5  1  3  1  2  7  1  3  3  6  1  2  2  0  7  2  6  2  3  2  2  4  4  5  0  2  5  0  5  0  4]
268;85;3794;1206;323,976;17,172;1,529;[1  2  4  2  6  4  4  4  3  5  7  0  5  7  5  3  6  2  7  5  1  3  1  2  7  1  3  3  6  1  2  2  0  7  2  6  2  3  2  2  4  4  5  0  2  5  0  5  0  4]
269;84;3792;1208;322,679;17,170;1,536;[1  2  4  2  6  4  4  4  3  5  7  0  5  7  5  3  6  2  7  5  1  3  1  2  7  1  3  3  6  1  2  2  0  7  2  6  2  3  2  2  4  4  5  0  2  5  0  5  0  4]
270;85;3789;1211;325,536;17,170;1,541;[1  2  4  2  6  4  4  4  3  5  7  0  5  7  5  3  6  2  7  5  1  3  1  2  7  1  3  3  6  1  2  2  0  7  2  6  2  3  2  2  4  4  5  0  2  5  0  5  0  4]
271;86;3783;1217;323,294;17,170;1,547;[1  2  4  2  6  4  4  4  3  5  7  0  5  7  5  3  6  2  7  5  1  3  1  2  7  1  3  3  6  1  2  2  0  7  2  6  2  3  2  2  4  4  5  0  2  5  0  5  0  4]
272;86;3775;1225;322,267;17,170;1,547;[1  2  4  2  6  4  4  4  3  5  7  0  5  7  5  3  6  2  7  5  1  3  1  2  7  1  3  3  6  1  2  2  0  7  2  6  2  3  2  2  4  4  5  0  2  5  0  5  0  4]
273;87;3768;1232;325,814;17,170;1,552;[1  2  4  2  6  4  4  4  3  5  7  0  5  7  5  3  6  2  7  5  1  3  1  2  7  1  3  3  6  1  2  2  0  7  2  6  2  3  2  2  4  4  5  0  2  5  0  5  0  4]
274;88;3765;1235;327,965;17,228;1,545;[1  2  4  2  6  4  4  4  3  5  7  0  5  7  5  3  6  2  7  5  1  3  1  2  7  1  3  3  6  1  2  2  0  7  2  6  2  3  2  2  4  4  5  0  2  5  0  5  0  4]
275;89;3756;1244;322,102;17,228;1,551;[1  2  4  2  6  4  4  4  3  5  7  0  5  7  5  3  6  2  7  5  1  3  1  2  7  1  3  3  6  1  2  2  0  7  2  6  2  3  2  2  4  4  5  0  2  5  0  5  0  4]
276;91;3754;1246;321,292;17,228;1,560;[1  2  4  2  6  4  4  4  3  5  7  0  5  7  5  3  6  2  7  5  1  3  1  2  7  1  3  3  6  1  2  2  0  7  2  6  2  3  2  2  4  4  5  0  2  5  0  5  0  4]
277;92;3751;1249;316,099;17,228;1,565;[1  2  4  2  6  4  4  4  3  5  7  0  5  7  5  3  6  2  7  5  1  3  1  2  7  1  3  3  6  1  2  2  0  7  2  6  2  3  2  2  4  4  5  0  2  5  0  5  0  4]
278;93;3752;1248;317,527;17,228;1,581;[1  2  4  2  6  4  4  4  3  5  7  0  5  7  5  3  6  2  7  5  1  3  1  2  7  1  3  3  6  1  2  2  0  7  2  6  2  3  2  2  4  4  5  0  2  5  0  5  0  4]
279;94;3747;1253;313,387;17,228;1,585;[1  2  4  2  6  4  4  4  3  5  7  0  5  7  5  3  6  2  7  5  1  3  1  2  7  1  3  3  6  1  2  2  0  7  2  6  2  3  2  2  4  4  5  0  2  5  0  5  0  4]
280;93;3742;1258;315,806;17,255;1,570;[1  2  4  2  6  4  4  4  3  5  7  0  5  7  5  3  6  2  7  5  1  3  1  2  7  1  3  3  6  1  2  2  0  7  2  6  2  3  2  2  4  4  5  0  2  5  0  5  0  4]
281;93;3740;1260;319,839;17,255;1,570;[1  2  4  2  6  4  4  4  3  5  7  0  5  7  5  3  6  2  7  5  1  3  1  2  7  1  3  3  6  1  2  2  0  7  2  6  2  3  2  2  4  4  5  0  2  5  0  5  0  4]
282;93;3731;1269;325,109;17,359;1,505;[1  2  4  2  6  4  4  4  3  5  7  0  5  7  5  3  6  2  7  5  1  3  1  2  7  1  3  3  6  1  2  2  0  7  2  6  2  3  2  2  4  4  5  0  2  5  0  5  0  4]
283;98;3732;1268;325,376;17,359;1,531;[1  2  4  2  6  4  4  4  3  5  7  0  5  7  5  3  6  2  7  5  1  3  1  2  7  1  3  3  6  1  2  2  0  7  2  6  2  3  2  2  4  4  5  0  2  5  0  5  0  4]
284;99;3731;1269;310,612;17,359;1,535;[0  6  5  7  0  1  5  6  5  6  0  4  1  1  2  7  2  2  6  7  5  0  1  7  4  4  7  2  2  4  1  6  1  5  1  6  0  6  0  2  5  2  4  5  3  1  0  1  4  6]
285;100;3729;1271;310,556;17,359;1,540;[0  6  5  7  0  1  5  6  5  6  0  4  1  1  2  7  2  2  6  7  5  0  1  7  4  4  7  2  2  4  1  6  1  5  1  6  0  6  0  2  5  2  4  5  3  1  0  1  4  6]
286;101;3730;1270;309,850;17,359;1,545;[0  6  5  7  0  1  5  6  5  6  0  4  1  1  2  7  2  2  6  7  5  0  1  7  4  4  7  2  2  4  1  6  1  5  1  6  0  6  0  2  5  2  4  5  3  1  0  1  4  6]
287;103;3725;1275;308,663;17,359;1,553;[0  6  5  7  0  1  5  6  5  6  0  4  1  1  2  7  2  2  6  7  5  0  1  7  4  4  7  2  2  4  1  6  1  5  1  6  0  6  0  2  5  2  4  5  3  1  0  1  4  6]
288;105;3712;1288;304,757;17,359;1,562;[0  6  5  7  0  1  5  6  5  6  0  4  1  1  2  7  2  2  6  7  5  0  1  7  4  4  7  2  2  4  1  6  1  5  1  6  0  6  0  2  5  2  4  5  3  1  0  1  4  6]
289;106;3700;1300;302,190;17,359;1,566;[0  6  5  7  0  1  5  6  5  6  0  4  1  1  2  7  2  2  6  7  5  0  1  7  4  4  7  2  2  4  1  6  1  5  1  6  0  6  0  2  5  2  4  5  3  1  0  1  4  6]
290;110;3697;1303;301,887;17,359;1,582;[0  6  5  7  0  1  5  6  5  6  0  4  1  1  2  7  2  2  6  7  5  0  1  7  4  4  7  2  2  4  1  6  1  5  1  6  0  6  0  2  5  2  4  5  3  1  0  1  4  6]
291;112;3687;1313;294,908;17,354;1,598;[0  6  5  7  0  1  5  6  5  6  0  4  1  1  2  7  2  2  6  7  5  0  1  7  4  4  7  2  2  4  1  6  1  5  1  6  0  6  0  2  5  2  4  5  3  1  0  1  4  6]
292;112;3685;1315;289,375;17,354;1,598;[7  7  4  6  6  1  3  6  3  7  5  6  6  4  1  3  4  6  1  6  7  3  7  3  6  2  3  7  4  5  6  6  5  4  6  1  0  7  6  1  3  1  1  7  2  7  5  6  7  2]
293;112;3675;1325;290,670;17,354;1,598;[7  7  4  6  6  1  3  6  3  7  5  6  6  4  1  3  4  6  1  6  7  3  7  3  6  2  3  7  4  5  6  6  5  4  6  1  0  7  6  1  3  1  1  7  2  7  5  6  7  2]
294;112;3671;1329;295,676;17,349;1,607;[7  7  4  6  6  1  3  6  3  7  5  6  6  4  1  3  4  6  1  6  7  3  7  3  6  2  3  7  4  5  6  6  5  4  6  1  0  7  6  1  3  1  1  7  2  7  5  6  7  2]
295;112;3675;1325;295,446;17,349;1,607;[7  7  4  6  6  1  3  6  3  7  5  6  6  4  1  3  4  6  1  6  7  3  7  3  6  2  3  7  4  5  6  6  5  4  6  1  0  7  6  1  3  1  1  7  2  7  5  6  7  2]
296;112;3671;1329;298,739;17,343;1,616;[7  7  4  6  6  1  3  6  3  7  5  6  6  4  1  3  4  6  1  6  7  3  7  3  6  2  3  7  4  5  6  6  5  4  6  1  0  7  6  1  3  1  1  7  2  7  5  6  7  2]
297;113;3670;1330;297,679;17,343;1,619;[7  7  4  6  6  1  3  6  3  7  5  6  6  4  1  3  4  6  1  6  7  3  7  3  6  2  3  7  4  5  6  6  5  4  6  1  0  7  6  1  3  1  1  7  2  7  5  6  7  2]
298;114;3667;1333;299,509;17,338;1,632;[7  7  4  6  6  1  3  6  3  7  5  6  6  4  1  3  4  6  1  6  7  3  7  3  6  2  3  7  4  5  6  6  5  4  6  1  0  7  6  1  3  1  1  7  2  7  5  6  7  2]
299;113;3663;1337;298,805;17,333;1,637;[7  7  4  6  6  1  3  6  3  7  5  6  6  4  1  3  4  6  1  6  7  3  7  3  6  2  3  7  4  5  6  6  5  4  6  1  0  7  6  1  3  1  1  7  2  7  5  6  7  2]
300;114;3667;1333;303,393;17,366;1,649;[7  7  4  6  6  1  3  6  3  7  5  6  6  4  1  3  4  6  1  6  7  3  7  3  6  2  3  7  4  5  6  6  5  4  6  1  0  7  6  1  3  1  1  7  2  7  5  6  7  2]
301;115;3663;1337;299,342;17,366;1,652;[7  7  4  6  6  1  3  6  3  7  5  6  6  4  1  3  4  6  1  6  7  3  7  3  6  2  3  7  4  5  6  6  5  4  6  1  0  7  6  1  3  1  1  7  2  7  5  6  7  2]
302;115;3672;1328;301,711;17,373;1,652;[7  7  4  6  6  1  3  6  3  7  5  6  6  4  1  3  4  6  1  6  7  3  7  3  6  2  3  7  4  5  6  6  5  4  6  1  0  7  6  1  3  1  1  7  2  7  5  6  7  2]
303;117;3671;1329;303,289;17,379;1,667;[7  7  4  6  6  1  3  6  3  7  5  6  6  4  1  3  4  6  1  6  7  3  7  3  6  2  3  7  4  5  6  6  5  4  6  1  0  7  6  1  3  1  1  7  2  7  5  6  7  2]
304;121;3664;1336;298,846;17,379;1,678;[7  7  4  6  6  1  3  6  3  7  5  6  6  4  1  3  4  6  1  6  7  3  7  3  6  2  3  7  4  5  6  6  5  4  6  1  0  7  6  1  3  1  1  7  2  7  5  6  7  2]
305;122;3657;1343;291,446;17,379;1,680;[7  7  4  6  6  1  3  6  3  7  5  6  6  4  1  3  4  6  1  6  7  3  7  3  6  2  3  7  4  5  6  6  5  4  6  1  0  7  6  1  3  1  1  7  2  7  5  6  7  2]
306;125;3650;1350;291,475;17,379;1,688;[7  7  4  6  6  1  3  6  3  7  5  6  6  4  1  3  4  6  1  6  7  3  7  3  6  2  3  7  4  5  6  6  5  4  6  1  0  7  6  1  3  1  1  7  2  7  5  6  7  2]
307;128;3647;1353;286,800;17,379;1,695;[7  7  4  6  6  1  3  6  3  7  5  6  6  4  1  3  4  6  1  6  7  3  7  3  6  2  3  7  4  5  6  6  5  4  6  1  0  7  6  1  3  1  1  7  2  7  5  6  7  2]
308;131;3640;1360;280,938;17,379;1,702;[7  7  4  6  6  1  3  6  3  7  5  6  6  4  1  3  4  6  1  6  7  3  7  3  6  2  3  7  4  5  6  6  5  4  6  1  0  7  6  1  3  1  1  7  2  7  5  6  7  2]
309;134;3635;1365;276,260;17,379;1,709;[7  7  4  6  6  1  3  6  3  7  5  6  6  4  1  3  4  6  1  6  7  3  7  3  6  2  3  7  4  5  6  6  5  4  6  1  0  7  6  1  3  1  1  7  2  7  5  6  7  2]
310;136;3621;1379;271,903;17,379;1,713;[7  7  4  6  6  1  3  6  3  7  5  6  6  4  1  3  4  6  1  6  7  3  7  3  6  2  3  7  4  5  6  6  5  4  6  1  0  7  6  1  3  1  1  7  2  7  5  6  7  2]
311;139;3616;1384;270,147;17,379;1,719;[7  7  4  6  6  1  3  6  3  7  5  6  6  4  1  3  4  6  1  6  7  3  7  3  6  2  3  7  4  5  6  6  5  4  6  1  0  7  6  1  3  1  1  7  2  7  5  6  7  2]
312;144;3611;1389;267,717;17,382;1,729;[7  7  4  6  6  1  3  6  3  7  5  6  6  4  1  3  4  6  1  6  7  3  7  3  6  2  3  7  4  5  6  6  5  4  6  1  0  7  6  1  3  1  1  7  2  7  5  6  7  2]
313;145;3607;1393;258,542;17,382;1,731;[7  7  4  6  6  1  3  6  3  7  5  6  6  4  1  3  4  6  1  6  7  3  7  3  6  2  3  7  4  5  6  6  5  4  6  1  0  7  6  1  3  1  1  7  2  7  5  6  7  2]
314;147;3598;1402;260,000;17,524;1,660;[7  7  4  6  6  1  3  6  3  7  5  6  6  4  1  3  4  6  1  6  7  3  7  3  6  2  3  7  4  5  6  6  5  4  6  1  0  7  6  1  3  1  1  7  2  7  5  6  7  2]
315;151;3599;1401;260,069;17,601;1,642;[7  7  4  6  6  1  3  6  3  7  5  6  6  4  1  3  4  6  1  6  7  3  7  3  6  2  3  7  4  5  6  6  5  4  6  1  0  7  6  1  3  1  1  7  2  7  5  6  7  2]
316;152;3594;1406;253,067;17,601;1,651;[7  7  4  6  6  1  3  6  3  7  5  6  6  4  1  3  4  6  1  6  7  3  7  3  6  2  3  7  4  5  6  6  5  4  6  1  0  7  6  1  3  1  1  7  2  7  5  6  7  2]
317;156;3589;1411;252,980;17,601;1,660;[7  7  4  6  6  1  3  6  3  7  5  6  6  4  1  3  4  6  1  6  7  3  7  3  6  2  3  7  4  5  6  6  5  4  6  1  0  7  6  1  3  1  1  7  2  7  5  6  7  2]
318;155;3586;1414;249,481;17,602;1,671;[7  7  4  6  6  1  3  6  3  7  5  6  6  4  1  3  4  6  1  6  7  3  7  3  6  2  3  7  4  5  6  6  5  4  6  1  0  7  6  1  3  1  1  7  2  7  5  6  7  2]
319;156;3575;1425;250,355;17,602;1,673;[7  7  4  6  6  1  3  6  3  7  5  6  6  4  1  3  4  6  1  6  7  3  7  3  6  2  3  7  4  5  6  6  5  4  6  1  0  7  6  1  3  1  1  7  2  7  5  6  7  2]
320;158;3569;1431;252,613;17,596;1,684;[7  7  4  6  6  1  3  6  3  7  5  6  6  4  1  3  4  6  1  6  7  3  7  3  6  2  3  7  4  5  6  6  5  4  6  1  0  7  6  1  3  1  1  7  2  7  5  6  7  2]
321;164;3556;1444;250,127;17,596;1,695;[7  7  4  6  6  1  3  6  3  7  5  6  6  4  1  3  4  6  1  6  7  3  7  3  6  2  3  7  4  5  6  6  5  4  6  1  0  7  6  1  3  1  1  7  2  7  5  6  7  2]
322;167;3553;1447;246,019;17,608;1,707;[7  7  4  6  6  1  3  6  3  7  5  6  6  4  1  3  4  6  1  6  7  3  7  3  6  2  3  7  4  5  6  6  5  4  6  1  0  7  6  1  3  1  1  7  2  7  5  6  7  2]
323;169;3544;1456;243,455;17,619;1,716;[7  7  4  6  6  1  3  6  3  7  5  6  6  4  1  3  4  6  1  6  7  3  7  3  6  2  3  7  4  5  6  6  5  4  6  1  0  7  6  1  3  1  1  7  2  7  5  6  7  2]
324;176;3538;1462;241,339;17,616;1,733;[7  7  4  6  6  1  3  6  3  7  5  6  6  4  1  3  4  6  1  6  7  3  7  3  6  2  3  7  4  5  6  6  5  4  6  1  0  7  6  1  3  1  1  7  2  7  5  6  7  2]
325;180;3530;1470;233,571;17,616;1,744;[7  7  4  6  6  1  3  6  3  7  5  6  6  4  1  3  4  6  1  6  7  3  7  3  6  2  3  7  4  5  6  6  5  4  6  1  0  7  6  1  3  1  1  7  2  7  5  6  7  2]
326;182;3511;1489;230,139;17,616;1,747;[7  7  4  6  6  1  3  6  3  7  5  6  6  4  1  3  4  6  1  6  7  3  7  3  6  2  3  7  4  5  6  6  5  4  6  1  0  7  6  1  3  1  1  7  2  7  5  6  7  2]
327;185;3508;1492;231,685;17,625;1,751;[7  7  4  6  6  1  3  6  3  7  5  6  6  4  1  3  4  6  1  6  7  3  7  3  6  2  3  7  4  5  6  6  5  4  6  1  0  7  6  1  3  1  1  7  2  7  5  6  7  2]
328;189;3498;1502;229,674;17,683;1,757;[7  7  4  6  6  1  3  6  3  7  5  6  6  4  1  3  4  6  1  6  7  3  7  3  6  2  3  7  4  5  6  6  5  4  6  1  0  7  6  1  3  1  1  7  2  7  5  6  7  2]
329;189;3485;1515;229,355;17,686;1,772;[7  7  4  6  6  1  3  6  3  7  5  6  6  4  1  3  4  6  1  6  7  3  7  3  6  2  3  7  4  5  6  6  5  4  6  1  0  7  6  1  3  1  1  7  2  7  5  6  7  2]
330;191;3470;1530;228,651;17,686;1,775;[7  7  4  6  6  1  3  6  3  7  5  6  6  4  1  3  4  6  1  6  7  3  7  3  6  2  3  7  4  5  6  6  5  4  6  1  0  7  6  1  3  1  1  7  2  7  5  6  7  2]
331;197;3464;1536;229,658;17,783;1,756;[7  7  4  6  6  1  3  6  3  7  5  6  6  4  1  3  4  6  1  6  7  3  7  3  6  2  3  7  4  5  6  6  5  4  6  1  0  7  6  1  3  1  1  7  2  7  5  6  7  2]
332;200;3462;1538;224,821;17,791;1,755;[7  7  4  6  6  1  3  6  3  7  5  6  6  4  1  3  4  6  1  6  7  3  7  3  6  2  3  7  4  5  6  6  5  4  6  1  0  7  6  1  3  1  1  7  2  7  5  6  7  2]
333;203;3453;1547;223,744;17,817;1,754;[7  7  4  6  6  1  3  6  3  7  5  6  6  4  1  3  4  6  1  6  7  3  7  3  6  2  3  7  4  5  6  6  5  4  6  1  0  7  6  1  3  1  1  7  2  7  5  6  7  2]
334;209;3443;1557;222,698;17,817;1,766;[7  7  4  6  6  1  3  6  3  7  5  6  6  4  1  3  4  6  1  6  7  3  7  3  6  2  3  7  4  5  6  6  5  4  6  1  0  7  6  1  3  1  1  7  2  7  5  6  7  2]
335;214;3430;1570;217,656;17,817;1,771;[7  7  4  6  6  1  3  6  3  7  5  6  6  4  1  3  4  6  1  6  7  3  7  3  6  2  3  7  4  5  6  6  5  4  6  1  0  7  6  1  3  1  1  7  2  7  5  6  7  2]
336;220;3419;1581;216,338;17,810;1,782;[7  7  4  6  6  1  3  6  3  7  5  6  6  4  1  3  4  6  1  6  7  3  7  3  6  2  3  7  4  5  6  6  5  4  6  1  0  7  6  1  3  1  1  7  2  7  5  6  7  2]
337;224;3406;1594;213,151;17,803;1,790;[7  7  4  6  6  1  3  6  3  7  5  6  6  4  1  3  4  6  1  6  7  3  7  3  6  2  3  7  4  5  6  6  5  4  6  1  0  7  6  1  3  1  1  7  2  7  5  6  7  2]
338;229;3389;1611;212,018;17,870;1,790;[7  7  4  6  6  1  3  6  3  7  5  6  6  4  1  3  4  6  1  6  7  3  7  3  6  2  3  7  4  5  6  6  5  4  6  1  0  7  6  1  3  1  1  7  2  7  5  6  7  2]
339;237;3380;1620;209,258;17,870;1,797;[7  7  4  6  6  1  3  6  3  7  5  6  6  4  1  3  4  6  1  6  7  3  7  3  6  2  3  7  4  5  6  6  5  4  6  1  0  7  6  1  3  1  1  7  2  7  5  6  7  2]
340;243;3365;1635;206,880;17,870;1,815;[7  7  4  6  6  1  3  6  3  7  5  6  6  4  1  3  4  6  1  6  7  3  7  3  6  2  3  7  4  5  6  6  5  4  6  1  0  7  6  1  3  1  1  7  2  7  5  6  7  2]
341;251;3352;1648;202,335;17,873;1,825;[7  7  4  6  6  1  3  6  3  7  5  6  6  4  1  3  4  6  1  6  7  3  7  3  6  2  3  7  4  5  6  6  5  4  6  1  0  7  6  1  3  1  1  7  2  7  5  6  7  2]
342;260;3333;1667;197,012;17,873;1,831;[7  7  4  6  6  1  3  6  3  7  5  6  6  4  1  3  4  6  1  6  7  3  7  3  6  2  3  7  4  5  6  6  5  4  6  1  0  7  6  1  3  1  1  7  2  7  5  6  7  2]
343;269;3319;1681;192,231;17,873;1,836;[7  7  4  6  6  1  3  6  3  7  5  6  6  4  1  3  4  6  1  6  7  3  7  3  6  2  3  7  4  5  6  6  5  4  6  1  0  7  6  1  3  1  1  7  2  7  5  6  7  2]
344;275;3307;1693;188,727;17,962;1,833;[7  7  4  6  6  1  3  6  3  7  5  6  6  4  1  3  4  6  1  6  7  3  7  3  6  2  3  7  4  5  6  6  5  4  6  1  0  7  6  1  3  1  1  7  2  7  5  6  7  2]
345;283;3291;1709;185,842;17,980;1,841;[7  7  4  6  6  1  3  6  3  7  5  6  6  4  1  3  4  6  1  6  7  3  7  3  6  2  3  7  4  5  6  6  5  4  6  1  0  7  6  1  3  1  1  7  2  7  5  6  7  2]
346;293;3267;1733;181,241;17,987;1,846;[7  7  4  6  6  1  3  6  3  7  5  6  6  4  1  3  4  6  1  6  7  3  7  3  6  2  3  7  4  5  6  6  5  4  6  1  0  7  6  1  3  1  1  7  2  7  5  6  7  2]
347;297;3249;1751;176,575;18,000;1,845;[7  7  4  6  6  1  3  6  3  7  5  6  6  4  1  3  4  6  1  6  7  3  7  3  6  2  3  7  4  5  6  6  5  4  6  1  0  7  6  1  3  1  1  7  2  7  5  6  7  2]
348;305;3224;1776;175,831;18,060;1,846;[7  7  4  6  6  1  3  6  3  7  5  6  6  4  1  3  4  6  1  6  7  3  7  3  6  2  3  7  4  5  6  6  5  4  6  1  0  7  6  1  3  1  1  7  2  7  5  6  7  2]
349;307;3186;1814;174,816;18,065;1,860;[7  7  4  6  6  1  3  6  3  7  5  6  6  4  1  3  4  6  1  6  7  3  7  3  6  2  3  7  4  5  6  6  5  4  6  1  0  7  6  1  3  1  1  7  2  7  5  6  7  2]
350;309;3166;1834;173,262;18,079;1,864;[7  7  4  6  6  1  3  6  3  7  5  6  6  4  1  3  4  6  1  6  7  3  7  3  6  2  3  7  4  5  6  6  5  4  6  1  0  7  6  1  3  1  1  7  2  7  5  6  7  2]
351;316;3171;1829;171,909;18,079;1,867;[7  7  4  6  6  1  3  6  3  7  5  6  6  4  1  3  4  6  1  6  7  3  7  3  6  2  3  7  4  5  6  6  5  4  6  1  0  7  6  1  3  1  1  7  2  7  5  6  7  2]
352;321;3144;1856;168,254;18,085;1,869;[7  7  4  6  6  1  3  6  3  7  5  6  6  4  1  3  4  6  1  6  7  3  7  3  6  2  3  7  4  5  6  6  5  4  6  1  0  7  6  1  3  1  1  7  2  7  5  6  7  2]
353;326;3125;1875;167,704;18,185;1,834;[7  7  4  6  6  1  3  6  3  7  5  6  6  4  1  3  4  6  1  6  7  3  7  3  6  2  3  7  4  5  6  6  5  4  6  1  0  7  6  1  3  1  1  7  2  7  5  6  7  2]
354;334;3101;1899;165,201;18,194;1,838;[7  7  4  6  6  1  3  6  3  7  5  6  6  4  1  3  4  6  1  6  7  3  7  3  6  2  3  7  4  5  6  6  5  4  6  1  0  7  6  1  3  1  1  7  2  7  5  6  7  2]
355;333;3090;1910;163,918;18,167;1,850;[7  7  4  6  6  1  3  6  3  7  5  6  6  4  1  3  4  6  1  6  7  3  7  3  6  2  3  7  4  5  6  6  5  4  6  1  0  7  6  1  3  1  1  7  2  7  5  6  7  2]
356;339;3073;1927;163,495;18,332;1,829;[7  7  4  6  6  1  3  6  3  7  5  6  6  4  1  3  4  6  1  6  7  3  7  3  6  2  3  7  4  5  6  6  5  4  6  1  0  7  6  1  3  1  1  7  2  7  5  6  7  2]
357;342;3053;1947;160,896;18,437;1,804;[7  7  4  6  6  1  3  6  3  7  5  6  6  4  1  3  4  6  1  6  7  3  7  3  6  2  3  7  4  5  6  6  5  4  6  1  0  7  6  1  3  1  1  7  2  7  5  6  7  2]
358;349;3020;1980;158,897;18,448;1,811;[7  7  4  6  6  1  3  6  3  7  5  6  6  4  1  3  4  6  1  6  7  3  7  3  6  2  3  7  4  5  6  6  5  4  6  1  0  7  6  1  3  1  1  7  2  7  5  6  7  2]
359;356;2983;2017;156,994;18,481;1,817;[7  7  4  6  6  1  3  6  3  7  5  6  6  4  1  3  4  6  1  6  7  3  7  3  6  2  3  7  4  5  6  6  5  4  6  1  0  7  6  1  3  1  1  7  2  7  5  6  7  2]
360;361;2966;2034;156,129;18,500;1,828;[7  7  4  6  6  1  3  6  3  7  5  6  6  4  1  3  4  6  1  6  7  3  7  3  6  2  3  7  4  5  6  6  5  4  6  1  0  7  6  1  3  1  1  7  2  7  5  6  7  2]
361;363;2945;2055;152,654;18,551;1,818;[7  7  4  6  6  1  3  6  3  7  5  6  6  4  1  3  4  6  1  6  7  3  7  3  6  2  3  7  4  5  6  6  5  4  6  1  0  7  6  1  3  1  1  7  2  7  5  6  7  2]
362;373;2916;2084;151,875;18,742;1,812;[7  7  4  6  6  1  3  6  3  7  5  6  6  4  1  3  4  6  1  6  7  3  7  3  6  2  3  7  4  5  6  6  5  4  6  1  0  7  6  1  3  1  1  7  2  7  5  6  7  2]
363;373;2900;2100;149,346;18,890;1,796;[7  7  4  6  6  1  3  6  3  7  5  6  6  4  1  3  4  6  1  6  7  3  7  3  6  2  3  7  4  5  6  6  5  4  6  1  0  7  6  1  3  1  1  7  2  7  5  6  7  2]
364;381;2879;2121;148,682;19,186;1,761;[7  7  4  6  6  1  3  6  3  7  5  6  6  4  1  3  4  6  1  6  7  3  7  3  6  2  3  7  4  5  6  6  5  4  6  1  0  7  6  1  3  1  1  7  2  7  5  6  7  2]
365;378;2851;2149;146,230;19,228;1,770;[7  7  4  6  6  1  3  6  3  7  5  6  6  4  1  3  4  6  1  6  7  3  7  3  6  2  3  7  4  5  6  6  5  4  6  1  0  7  6  1  3  1  1  7  2  7  5  6  7  2]
366;378;2828;2172;147,151;19,235;1,780;[7  7  4  6  6  1  3  6  3  7  5  6  6  4  1  3  4  6  1  6  7  3  7  3  6  2  3  7  4  5  6  6  5  4  6  1  0  7  6  1  3  1  1  7  2  7  5  6  7  2]
367;380;2798;2202;147,507;19,250;1,795;[3  4  0  5  4  7  6  5  6  7  0  2  2  2  6  6  1  4  3  2  7  4  7  7  4  7  4  6  4  2  4  2  0  3  5  4  7  3  6  7  1  3  3  7  2  6  6  3  4  0]
368;377;2765;2235;146,578;19,264;1,812;[3  4  0  5  4  7  6  5  6  7  0  2  2  2  6  6  1  4  3  2  7  4  7  7  4  7  4  6  4  2  4  2  0  3  5  4  7  3  6  7  1  3  3  7  2  6  6  3  4  0]
369;375;2739;2261;148,100;19,283;1,819;[3  4  0  5  4  7  6  5  6  7  0  2  2  2  6  6  1  4  3  2  7  4  7  7  4  7  4  6  4  2  4  2  0  3  5  4  7  3  6  7  1  3  3  7  2  6  6  3  4  0]
370;368;2724;2276;150,219;19,315;1,832;[3  4  0  5  4  7  6  5  6  7  0  2  2  2  6  6  1  4  3  2  7  4  7  7  4  7  4  6  4  2  4  2  0  3  5  4  7  3  6  7  1  3  3  7  2  6  6  3  4  0]
371;374;2712;2288;151,171;19,337;1,837;[3  4  0  5  4  7  6  5  6  7  0  2  2  2  6  6  1  4  3  2  7  4  7  7  4  7  4  6  4  2  4  2  0  3  5  4  7  3  6  7  1  3  3  7  2  6  6  3  4  0]
372;372;2690;2310;148,750;19,375;1,844;[3  4  0  5  4  7  6  5  6  7  0  2  2  2  6  6  1  4  3  2  7  4  7  7  4  7  4  6  4  2  4  2  0  3  5  4  7  3  6  7  1  3  3  7  2  6  6  3  4  0]
373;376;2675;2325;149,128;19,404;1,846;[3  4  0  5  4  7  6  5  6  7  0  2  2  2  6  6  1  4  3  2  7  4  7  7  4  7  4  6  4  2  4  2  0  3  5  4  7  3  6  7  1  3  3  7  2  6  6  3  4  0]
374;371;2655;2345;149,644;19,576;1,852;[3  4  0  5  4  7  6  5  6  7  0  2  2  2  6  6  1  4  3  2  7  4  7  7  4  7  4  6  4  2  4  2  0  3  5  4  7  3  6  7  1  3  3  7  2  6  6  3  4  0]
375;374;2633;2367;148,356;19,582;1,858;[3  4  0  5  4  7  6  5  6  7  0  2  2  2  6  6  1  4  3  2  7  4  7  7  4  7  4  6  4  2  4  2  0  3  5  4  7  3  6  7  1  3  3  7  2  6  6  3  4  0]
376;377;2618;2382;147,927;19,586;1,875;[3  4  0  5  4  7  6  5  6  7  0  2  2  2  6  6  1  4  3  2  7  4  7  7  4  7  4  6  4  2  4  2  0  3  5  4  7  3  6  7  1  3  3  7  2  6  6  3  4  0]
377;379;2601;2399;145,628;19,628;1,881;[3  4  0  5  4  7  6  5  6  7  0  2  2  2  6  6  1  4  3  2  7  4  7  7  4  7  4  6  4  2  4  2  0  3  5  4  7  3  6  7  1  3  3  7  2  6  6  3  4  0]
378;380;2578;2422;144,933;19,623;1,887;[3  4  0  5  4  7  6  5  6  7  0  2  2  2  6  6  1  4  3  2  7  4  7  7  4  7  4  6  4  2  4  2  0  3  5  4  7  3  6  7  1  3  3  7  2  6  6  3  4  0]
379;377;2566;2434;144,468;19,659;1,886;[3  4  0  5  4  7  6  5  6  7  0  2  2  2  6  6  1  4  3  2  7  4  7  7  4  7  4  6  4  2  4  2  0  3  5  4  7  3  6  7  1  3  3  7  2  6  6  3  4  0]
380;379;2546;2454;144,706;19,658;1,892;[4  6  7  0  2  7  0  7  5  4  2  6  5  4  2  7  3  3  6  1  3  2  3  2  3  1  6  0  6  2  2  7  2  1  3  4  3  6  3  6  1  1  3  1  2  6  2  3  1  7]
381;377;2531;2469;145,296;19,694;1,894;[4  6  7  0  2  7  0  7  5  4  2  6  5  4  2  7  3  3  6  1  3  2  3  2  3  1  6  0  6  2  2  7  2  1  3  4  3  6  3  6  1  1  3  1  2  6  2  3  1  7]
382;378;2509;2491;145,323;19,730;1,915;[4  6  7  0  2  7  0  7  5  4  2  6  5  4  2  7  3  3  6  1  3  2  3  2  3  1  6  0  6  2  2  7  2  1  3  4  3  6  3  6  1  1  3  1  2  6  2  3  1  7]
383;378;2488;2512;144,477;19,737;1,926;[4  6  7  0  2  7  0  7  5  4  2  6  5  4  2  7  3  3  6  1  3  2  3  2  3  1  6  0  6  2  2  7  2  1  3  4  3  6  3  6  1  1  3  1  2  6  2  3  1  7]
384;380;2470;2530;143,573;19,774;1,932;[4  6  7  0  2  7  0  7  5  4  2  6  5  4  2  7  3  3  6  1  3  2  3  2  3  1  6  0  6  2  2  7  2  1  3  4  3  6  3  6  1  1  3  1  2  6  2  3  1  7]
385;381;2467;2533;144,449;19,778;1,948;[4  6  7  0  2  7  0  7  5  4  2  6  5  4  2  7  3  3  6  1  3  2  3  2  3  1  6  0  6  2  2  7  2  1  3  4  3  6  3  6  1  1  3  1  2  6  2  3  1  7]
386;386;2445;2555;142,074;19,853;1,933;[4  6  7  0  2  7  0  7  5  4  2  6  5  4  2  7  3  3  6  1  3  2  3  2  3  1  6  0  6  2  2  7  2  1  3  4  3  6  3  6  1  1  3  1  2  6  2  3  1  7]
387;385;2418;2582;140,818;19,899;1,948;[4  6  7  0  2  7  0  7  5  4  2  6  5  4  2  7  3  3  6  1  3  2  3  2  3  1  6  0  6  2  2  7  2  1  3  4  3  6  3  6  1  1  3  1  2  6  2  3  1  7]
388;384;2387;2613;140,474;20,158;1,922;[4  6  7  0  2  7  0  7  5  4  2  6  5  4  2  7  3  3  6  1  3  2  3  2  3  1  6  0  6  2  2  7  2  1  3  4  3  6  3  6  1  1  3  1  2  6  2  3  1  7]
389;379;2371;2629;142,901;20,204;1,950;[4  6  7  0  2  7  0  7  5  4  2  6  5  4  2  7  3  3  6  1  3  2  3  2  3  1  6  0  6  2  2  7  2  1  3  4  3  6  3  6  1  1  3  1  2  6  2  3  1  7]
390;379;2347;2653;142,173;20,238;1,958;[4  6  7  0  2  7  0  7  5  4  2  6  5  4  2  7  3  3  6  1  3  2  3  2  3  1  6  0  6  2  2  7  2  1  3  4  3  6  3  6  1  1  3  1  2  6  2  3  1  7]
391;385;2326;2674;142,133;20,300;1,961;[4  6  7  0  2  7  0  7  5  4  2  6  5  4  2  7  3  3  6  1  3  2  3  2  3  1  6  0  6  2  2  7  2  1  3  4  3  6  3  6  1  1  3  1  2  6  2  3  1  7]
392;388;2319;2681;140,105;20,367;1,972;[4  6  7  0  2  7  0  7  5  4  2  6  5  4  2  7  3  3  6  1  3  2  3  2  3  1  6  0  6  2  2  7  2  1  3  4  3  6  3  6  1  1  3  1  2  6  2  3  1  7]
393;385;2304;2696;140,811;20,550;1,979;[4  6  7  0  2  7  0  7  5  4  2  6  5  4  2  7  3  3  6  1  3  2  3  2  3  1  6  0  6  2  2  7  2  1  3  4  3  6  3  6  1  1  3  1  2  6  2  3  1  7]
394;392;2290;2710;138,194;20,565;1,980;[4  6  7  0  2  7  0  7  5  4  2  6  5  4  2  7  3  3  6  1  3  2  3  2  3  1  6  0  6  2  2  7  2  1  3  4  3  6  3  6  1  1  3  1  2  6  2  3  1  7]
395;395;2291;2709;135,891;20,573;1,992;[4  6  7  0  2  7  0  7  5  4  2  6  5  4  2  7  3  3  6  1  3  2  3  2  3  1  6  0  6  2  2  7  2  1  3  4  3  6  3  6  1  1  3  1  2  6  2  3  1  7]
396;392;2274;2726;136,492;20,752;2,000;[4  6  7  0  2  7  0  7  5  4  2  6  5  4  2  7  3  3  6  1  3  2  3  2  3  1  6  0  6  2  2  7  2  1  3  4  3  6  3  6  1  1  3  1  2  6  2  3  1  7]
397;387;2264;2736;135,731;20,951;1,995;[4  6  7  0  2  7  0  7  5  4  2  6  5  4  2  7  3  3  6  1  3  2  3  2  3  1  6  0  6  2  2  7  2  1  3  4  3  6  3  6  1  1  3  1  2  6  2  3  1  7]
398;388;2260;2740;135,039;20,988;1,992;[4  6  7  0  2  7  0  7  5  4  2  6  5  4  2  7  3  3  6  1  3  2  3  2  3  1  6  0  6  2  2  7  2  1  3  4  3  6  3  6  1  1  3  1  2  6  2  3  1  7]
399;379;2258;2742;135,886;21,139;1,997;[0  1  5  2  5  5  3  2  4  0  4  3  4  2  0  1  6  7  4  3  5  1  0  7  2  6  7  5  3  4  6  4  4  1  7  5  7  7  4  0  0  6  4  0  6  7  5  0  6  7]
400;383;2241;2759;135,292;21,153;1,997;[0  1  5  2  5  5  3  2  4  0  4  3  4  2  0  1  6  7  4  3  5  1  0  7  2  6  7  5  3  4  6  4  4  1  7  5  7  7  4  0  0  6  4  0  6  7  5  0  6  7]
401;380;2224;2776;136,029;21,242;2,011;[0  1  5  2  5  5  3  2  4  0  4  3  4  2  0  1  6  7  4  3  5  1  0  7  2  6  7  5  3  4  6  4  4  1  7  5  7  7  4  0  0  6  4  0  6  7  5  0  6  7]
402;380;2219;2781;135,722;21,291;2,024;[0  1  5  2  5  5  3  2  4  0  4  3  4  2  0  1  6  7  4  3  5  1  0  7  2  6  7  5  3  4  6  4  4  1  7  5  7  7  4  0  0  6  4  0  6  7  5  0  6  7]
403;378;2213;2787;135,295;21,354;2,021;[0  1  5  2  5  5  3  2  4  0  4  3  4  2  0  1  6  7  4  3  5  1  0  7  2  6  7  5  3  4  6  4  4  1  7  5  7  7  4  0  0  6  4  0  6  7  5  0  6  7]
404;383;2214;2786;134,198;21,385;2,023;[0  1  5  2  5  5  3  2  4  0  4  3  4  2  0  1  6  7  4  3  5  1  0  7  2  6  7  5  3  4  6  4  4  1  7  5  7  7  4  0  0  6  4  0  6  7  5  0  6  7]
405;382;2197;2803;131,759;21,389;2,042;[0  1  5  2  5  5  3  2  4  0  4  3  4  2  0  1  6  7  4  3  5  1  0  7  2  6  7  5  3  4  6  4  4  1  7  5  7  7  4  0  0  6  4  0  6  7  5  0  6  7]
406;380;2173;2827;131,751;21,415;2,045;[0  1  5  2  5  5  3  2  4  0  4  3  4  2  0  1  6  7  4  3  5  1  0  7  2  6  7  5  3  4  6  4  4  1  7  5  7  7  4  0  0  6  4  0  6  7  5  0  6  7]
407;377;2146;2854;133,097;21,451;2,064;[0  1  5  2  5  5  3  2  4  0  4  3  4  2  0  1  6  7  4  3  5  1  0  7  2  6  7  5  3  4  6  4  4  1  7  5  7  7  4  0  0  6  4  0  6  7  5  0  6  7]
408;370;2143;2857;135,014;21,630;2,059;[0  1  5  2  5  5  3  2  4  0  4  3  4  2  0  1  6  7  4  3  5  1  0  7  2  6  7  5  3  4  6  4  4  1  7  5  7  7  4  0  0  6  4  0  6  7  5  0  6  7]
409;369;2139;2861;134,945;21,664;2,070;[0  1  5  2  5  5  3  2  4  0  4  3  4  2  0  1  6  7  4  3  5  1  0  7  2  6  7  5  3  4  6  4  4  1  7  5  7  7  4  0  0  6  4  0  6  7  5  0  6  7]
410;363;2131;2869;136,066;21,726;2,085;[0  1  5  2  5  5  3  2  4  0  4  3  4  2  0  1  6  7  4  3  5  1  0  7  2  6  7  5  3  4  6  4  4  1  7  5  7  7  4  0  0  6  4  0  6  7  5  0  6  7]
411;360;2126;2874;137,073;21,811;2,083;[0  1  5  2  5  5  3  2  4  0  4  3  4  2  0  1  6  7  4  3  5  1  0  7  2  6  7  5  3  4  6  4  4  1  7  5  7  7  4  0  0  6  4  0  6  7  5  0  6  7]
412;352;2127;2873;138,818;21,940;2,094;[0  1  5  2  5  5  3  2  4  0  4  3  4  2  0  1  6  7  4  3  5  1  0  7  2  6  7  5  3  4  6  4  4  1  7  5  7  7  4  0  0  6  4  0  6  7  5  0  6  7]
413;346;2121;2879;141,268;22,161;2,104;[0  1  5  2  5  5  3  2  4  0  4  3  4  2  0  1  6  7  4  3  5  1  0  7  2  6  7  5  3  4  6  4  4  1  7  5  7  7  4  0  0  6  4  0  6  7  5  0  6  7]
414;344;2116;2884;141,316;22,206;2,116;[0  1  5  2  5  5  3  2  4  0  4  3  4  2  0  1  6  7  4  3  5  1  0  7  2  6  7  5  3  4  6  4  4  1  7  5  7  7  4  0  0  6  4  0  6  7  5  0  6  7]
415;339;2109;2891;142,168;22,295;2,103;[0  1  5  2  5  5  3  2  4  0  4  3  4  2  0  1  6  7  4  3  5  1  0  7  2  6  7  5  3  4  6  4  4  1  7  5  7  7  4  0  0  6  4  0  6  7  5  0  6  7]
416;336;2121;2879;144,027;22,332;2,119;[0  1  5  2  5  5  3  2  4  0  4  3  4  2  0  1  6  7  4  3  5  1  0  7  2  6  7  5  3  4  6  4  4  1  7  5  7  7  4  0  0  6  4  0  6  7  5  0  6  7]
417;337;2124;2876;143,408;22,363;2,119;[0  1  5  2  5  5  3  2  4  0  4  3  4  2  0  1  6  7  4  3  5  1  0  7  2  6  7  5  3  4  6  4  4  1  7  5  7  7  4  0  0  6  4  0  6  7  5  0  6  7]
418;334;2125;2875;142,778;22,407;2,135;[0  1  5  2  5  5  3  2  4  0  4  3  4  2  0  1  6  7  4  3  5  1  0  7  2  6  7  5  3  4  6  4  4  1  7  5  7  7  4  0  0  6  4  0  6  7  5  0  6  7]
419;334;2143;2857;143,967;22,708;2,093;[3  7  3  7  6  4  2  2  2  7  0  6  5  7  6  1  7  7  0  1  2  1  4  6  2  2  2  0  0  1  2  1  1  0  6  6  3  7  4  5  6  1  6  6  5  1  3  1  3  3]
420;330;2150;2850;144,907;22,922;2,079;[3  7  3  7  6  4  2  2  2  7  0  6  5  7  6  1  7  7  0  1  2  1  4  6  2  2  2  0  0  1  2  1  1  0  6  6  3  7  4  5  6  1  6  6  5  1  3  1  3  3]
421;327;2147;2853;144,213;23,106;2,061;[3  7  3  7  6  4  2  2  2  7  0  6  5  7  6  1  7  7  0  1  2  1  4  6  2  2  2  0  0  1  2  1  1  0  6  6  3  7  4  5  6  1  6  6  5  1  3  1  3  3]
422;321;2148;2852;145,781;23,267;2,072;[3  7  3  7  6  4  2  2  2  7  0  6  5  7  6  1  7  7  0  1  2  1  4  6  2  2  2  0  0  1  2  1  1  0  6  6  3  7  4  5  6  1  6  6  5  1  3  1  3  3]
423;319;2153;2847;147,730;23,310;2,094;[3  7  3  7  6  4  2  2  2  7  0  6  5  7  6  1  7  7  0  1  2  1  4  6  2  2  2  0  0  1  2  1  1  0  6  6  3  7  4  5  6  1  6  6  5  1  3  1  3  3]
424;316;2156;2844;150,113;23,444;2,108;[3  7  3  7  6  4  2  2  2  7  0  6  5  7  6  1  7  7  0  1  2  1  4  6  2  2  2  0  0  1  2  1  1  0  6  6  3  7  4  5  6  1  6  6  5  1  3  1  3  3]
425;319;2157;2843;147,907;23,499;2,107;[3  7  3  7  6  4  2  2  2  7  0  6  5  7  6  1  7  7  0  1  2  1  4  6  2  2  2  0  0  1  2  1  1  0  6  6  3  7  4  5  6  1  6  6  5  1  3  1  3  3]
426;318;2155;2845;147,182;23,678;2,069;[3  7  3  7  6  4  2  2  2  7  0  6  5  7  6  1  7  7  0  1  2  1  4  6  2  2  2  0  0  1  2  1  1  0  6  6  3  7  4  5  6  1  6  6  5  1  3  1  3  3]
427;314;2155;2845;148,473;23,884;2,076;[3  7  3  7  6  4  2  2  2  7  0  6  5  7  6  1  7  7  0  1  2  1  4  6  2  2  2  0  0  1  2  1  1  0  6  6  3  7  4  5  6  1  6  6  5  1  3  1  3  3]
428;311;2164;2836;149,256;23,978;2,087;[3  7  3  7  6  4  2  2  2  7  0  6  5  7  6  1  7  7  0  1  2  1  4  6  2  2  2  0  0  1  2  1  1  0  6  6  3  7  4  5  6  1  6  6  5  1  3  1  3  3]
429;312;2167;2833;148,673;24,044;2,083;[3  7  3  7  6  4  2  2  2  7  0  6  5  7  6  1  7  7  0  1  2  1  4  6  2  2  2  0  0  1  2  1  1  0  6  6  3  7  4  5  6  1  6  6  5  1  3  1  3  3]
430;313;2173;2827;149,837;24,068;2,109;[3  7  3  7  6  4  2  2  2  7  0  6  5  7  6  1  7  7  0  1  2  1  4  6  2  2  2  0  0  1  2  1  1  0  6  6  3  7  4  5  6  1  6  6  5  1  3  1  3  3]
431;308;2160;2840;149,444;24,211;2,110;[3  7  3  7  6  4  2  2  2  7  0  6  5  7  6  1  7  7  0  1  2  1  4  6  2  2  2  0  0  1  2  1  1  0  6  6  3  7  4  5  6  1  6  6  5  1  3  1  3  3]
432;305;2155;2845;152,983;24,361;2,115;[3  7  3  7  6  4  2  2  2  7  0  6  5  7  6  1  7  7  0  1  2  1  4  6  2  2  2  0  0  1  2  1  1  0  6  6  3  7  4  5  6  1  6  6  5  1  3  1  3  3]
433;308;2155;2845;152,219;24,429;2,117;[3  7  3  7  6  4  2  2  2  7  0  6  5  7  6  1  7  7  0  1  2  1  4  6  2  2  2  0  0  1  2  1  1  0  6  6  3  7  4  5  6  1  6  6  5  1  3  1  3  3]
434;306;2154;2846;151,184;24,538;2,105;[3  7  3  7  6  4  2  2  2  7  0  6  5  7  6  1  7  7  0  1  2  1  4  6  2  2  2  0  0  1  2  1  1  0  6  6  3  7  4  5  6  1  6  6  5  1  3  1  3  3]
435;305;2162;2838;152,674;24,586;2,111;[3  7  3  7  6  4  2  2  2  7  0  6  5  7  6  1  7  7  0  1  2  1  4  6  2  2  2  0  0  1  2  1  1  0  6  6  3  7  4  5  6  1  6  6  5  1  3  1  3  3]
436;308;2170;2830;151,755;24,596;2,130;[3  7  3  7  6  4  2  2  2  7  0  6  5  7  6  1  7  7  0  1  2  1  4  6  2  2  2  0  0  1  2  1  1  0  6  6  3  7  4  5  6  1  6  6  5  1  3  1  3  3]
437;311;2170;2830;149,346;24,715;2,119;[3  7  3  7  6  4  2  2  2  7  0  6  5  7  6  1  7  7  0  1  2  1  4  6  2  2  2  0  0  1  2  1  1  0  6  6  3  7  4  5  6  1  6  6  5  1  3  1  3  3]
438;314;2170;2830;147,323;24,734;2,121;[3  7  3  7  6  4  2  2  2  7  0  6  5  7  6  1  7  7  0  1  2  1  4  6  2  2  2  0  0  1  2  1  1  0  6  6  3  7  4  5  6  1  6  6  5  1  3  1  3  3]
439;318;2155;2845;146,218;24,762;2,119;[3  7  3  7  6  4  2  2  2  7  0  6  5  7  6  1  7  7  0  1  2  1  4  6  2  2  2  0  0  1  2  1  1  0  6  6  3  7  4  5  6  1  6  6  5  1  3  1  3  3]
440;316;2142;2858;145,812;24,822;2,127;[3  7  3  7  6  4  2  2  2  7  0  6  5  7  6  1  7  7  0  1  2  1  4  6  2  2  2  0  0  1  2  1  1  0  6  6  3  7  4  5  6  1  6  6  5  1  3  1  3  3]
441;323;2145;2855;145,285;24,822;2,124;[3  7  3  7  6  4  2  2  2  7  0  6  5  7  6  1  7  7  0  1  2  1  4  6  2  2  2  0  0  1  2  1  1  0  6  6  3  7  4  5  6  1  6  6  5  1  3  1  3  3]
442;322;2134;2866;144,432;25,024;2,106;[3  7  3  7  6  4  2  2  2  7  0  6  5  7  6  1  7  7  0  1  2  1  4  6  2  2  2  0  0  1  2  1  1  0  6  6  3  7  4  5  6  1  6  6  5  1  3  1  3  3]
443;327;2128;2872;143,328;25,053;2,101;[3  7  3  7  6  4  2  2  2  7  0  6  5  7  6  1  7  7  0  1  2  1  4  6  2  2  2  0  0  1  2  1  1  0  6  6  3  7  4  5  6  1  6  6  5  1  3  1  3  3]
444;333;2115;2885;141,092;25,098;2,102;[3  7  3  7  6  4  2  2  2  7  0  6  5  7  6  1  7  7  0  1  2  1  4  6  2  2  2  0  0  1  2  1  1  0  6  6  3  7  4  5  6  1  6  6  5  1  3  1  3  3]
445;331;2113;2887;139,590;25,205;2,094;[3  7  3  7  6  4  2  2  2  7  0  6  5  7  6  1  7  7  0  1  2  1  4  6  2  2  2  0  0  1  2  1  1  0  6  6  3  7  4  5  6  1  6  6  5  1  3  1  3  3]
446;328;2110;2890;140,954;25,260;2,101;[3  7  3  7  6  4  2  2  2  7  0  6  5  7  6  1  7  7  0  1  2  1  4  6  2  2  2  0  0  1  2  1  1  0  6  6  3  7  4  5  6  1  6  6  5  1  3  1  3  3]
447;330;2114;2886;140,708;25,308;2,109;[3  7  3  7  6  4  2  2  2  7  0  6  5  7  6  1  7  7  0  1  2  1  4  6  2  2  2  0  0  1  2  1  1  0  6  6  3  7  4  5  6  1  6  6  5  1  3  1  3  3]
448;328;2104;2896;140,571;25,419;2,122;[3  7  3  7  6  4  2  2  2  7  0  6  5  7  6  1  7  7  0  1  2  1  4  6  2  2  2  0  0  1  2  1  1  0  6  6  3  7  4  5  6  1  6  6  5  1  3  1  3  3]
449;327;2106;2894;140,664;25,439;2,125;[3  7  3  7  6  4  2  2  2  7  0  6  5  7  6  1  7  7  0  1  2  1  4  6  2  2  2  0  0  1  2  1  1  0  6  6  3  7  4  5  6  1  6  6  5  1  3  1  3  3]
450;328;2102;2898;141,511;25,478;2,149;[3  3  6  2  5  4  6  2  2  5  2  7  4  6  0  5  1  4  1  6  7  5  6  5  2  2  6  4  2  3  7  2  5  7  7  4  2  7  5  0  0  3  6  1  7  0  3  2  2  1]
451;329;2097;2903;139,631;25,531;2,155;[3  3  6  2  5  4  6  2  2  5  2  7  4  6  0  5  1  4  1  6  7  5  6  5  2  2  6  4  2  3  7  2  5  7  7  4  2  7  5  0  0  3  6  1  7  0  3  2  2  1]
452;329;2094;2906;140,341;25,611;2,161;[3  3  6  2  5  4  6  2  2  5  2  7  4  6  0  5  1  4  1  6  7  5  6  5  2  2  6  4  2  3  7  2  5  7  7  4  2  7  5  0  0  3  6  1  7  0  3  2  2  1]
453;325;2097;2903;140,997;25,711;2,185;[3  3  6  2  5  4  6  2  2  5  2  7  4  6  0  5  1  4  1  6  7  5  6  5  2  2  6  4  2  3  7  2  5  7  7  4  2  7  5  0  0  3  6  1  7  0  3  2  2  1]
454;329;2093;2907;140,093;25,858;2,167;[3  3  6  2  5  4  6  2  2  5  2  7  4  6  0  5  1  4  1  6  7  5  6  5  2  2  6  4  2  3  7  2  5  7  7  4  2  7  5  0  0  3  6  1  7  0  3  2  2  1]
455;328;2078;2922;138,646;25,914;2,168;[3  3  6  2  5  4  6  2  2  5  2  7  4  6  0  5  1  4  1  6  7  5  6  5  2  2  6  4  2  3  7  2  5  7  7  4  2  7  5  0  0  3  6  1  7  0  3  2  2  1]
456;327;2073;2927;140,248;26,125;2,144;[3  3  6  2  5  4  6  2  2  5  2  7  4  6  0  5  1  4  1  6  7  5  6  5  2  2  6  4  2  3  7  2  5  7  7  4  2  7  5  0  0  3  6  1  7  0  3  2  2  1]
457;328;2063;2937;139,275;26,164;2,152;[3  3  6  2  5  4  6  2  2  5  2  7  4  6  0  5  1  4  1  6  7  5  6  5  2  2  6  4  2  3  7  2  5  7  7  4  2  7  5  0  0  3  6  1  7  0  3  2  2  1]
458;333;2048;2952;139,367;26,328;2,153;[3  3  6  2  5  4  6  2  2  5  2  7  4  6  0  5  1  4  1  6  7  5  6  5  2  2  6  4  2  3  7  2  5  7  7  4  2  7  5  0  0  3  6  1  7  0  3  2  2  1]
459;338;2048;2952;137,152;26,327;2,163;[3  3  6  2  5  4  6  2  2  5  2  7  4  6  0  5  1  4  1  6  7  5  6  5  2  2  6  4  2  3  7  2  5  7  7  4  2  7  5  0  0  3  6  1  7  0  3  2  2  1]
460;335;2050;2950;136,284;26,544;2,134;[3  3  6  2  5  4  6  2  2  5  2  7  4  6  0  5  1  4  1  6  7  5  6  5  2  2  6  4  2  3  7  2  5  7  7  4  2  7  5  0  0  3  6  1  7  0  3  2  2  1]
461;338;2048;2952;135,316;26,613;2,139;[3  3  6  2  5  4  6  2  2  5  2  7  4  6  0  5  1  4  1  6  7  5  6  5  2  2  6  4  2  3  7  2  5  7  7  4  2  7  5  0  0  3  6  1  7  0  3  2  2  1]
462;342;2048;2952;133,716;26,599;2,149;[3  3  6  2  5  4  6  2  2  5  2  7  4  6  0  5  1  4  1  6  7  5  6  5  2  2  6  4  2  3  7  2  5  7  7  4  2  7  5  0  0  3  6  1  7  0  3  2  2  1]
463;340;2058;2942;133,194;26,615;2,174;[3  3  6  2  5  4  6  2  2  5  2  7  4  6  0  5  1  4  1  6  7  5  6  5  2  2  6  4  2  3  7  2  5  7  7  4  2  7  5  0  0  3  6  1  7  0  3  2  2  1]
464;340;2055;2945;132,224;26,717;2,162;[3  3  6  2  5  4  6  2  2  5  2  7  4  6  0  5  1  4  1  6  7  5  6  5  2  2  6  4  2  3  7  2  5  7  7  4  2  7  5  0  0  3  6  1  7  0  3  2  2  1]
465;337;2045;2955;131,443;26,798;2,142;[3  3  6  2  5  4  6  2  2  5  2  7  4  6  0  5  1  4  1  6  7  5  6  5  2  2  6  4  2  3  7  2  5  7  7  4  2  7  5  0  0  3  6  1  7  0  3  2  2  1]
466;334;2046;2954;132,937;26,908;2,162;[3  3  6  2  5  4  6  2  2  5  2  7  4  6  0  5  1  4  1  6  7  5  6  5  2  2  6  4  2  3  7  2  5  7  7  4  2  7  5  0  0  3  6  1  7  0  3  2  2  1]
467;336;2024;2976;132,410;26,927;2,158;[3  3  6  2  5  4  6  2  2  5  2  7  4  6  0  5  1  4  1  6  7  5  6  5  2  2  6  4  2  3  7  2  5  7  7  4  2  7  5  0  0  3  6  1  7  0  3  2  2  1]
468;336;1999;3001;132,523;26,929;2,164;[3  3  6  2  5  4  6  2  2  5  2  7  4  6  0  5  1  4  1  6  7  5  6  5  2  2  6  4  2  3  7  2  5  7  7  4  2  7  5  0  0  3  6  1  7  0  3  2  2  1]
469;338;1995;3005;132,358;26,949;2,166;[3  3  6  2  5  4  6  2  2  5  2  7  4  6  0  5  1  4  1  6  7  5  6  5  2  2  6  4  2  3  7  2  5  7  7  4  2  7  5  0  0  3  6  1  7  0  3  2  2  1]
470;341;2005;2995;132,015;26,975;2,176;[3  3  6  2  5  4  6  2  2  5  2  7  4  6  0  5  1  4  1  6  7  5  6  5  2  2  6  4  2  3  7  2  5  7  7  4  2  7  5  0  0  3  6  1  7  0  3  2  2  1]
471;339;1993;3007;131,437;26,975;2,195;[3  3  6  2  5  4  6  2  2  5  2  7  4  6  0  5  1  4  1  6  7  5  6  5  2  2  6  4  2  3  7  2  5  7  7  4  2  7  5  0  0  3  6  1  7  0  3  2  2  1]
472;336;1977;3023;131,467;27,022;2,211;[3  3  6  2  5  4  6  2  2  5  2  7  4  6  0  5  1  4  1  6  7  5  6  5  2  2  6  4  2  3  7  2  5  7  7  4  2  7  5  0  0  3  6  1  7  0  3  2  2  1]
473;338;1984;3016;131,677;27,132;2,195;[3  3  6  2  5  4  6  2  2  5  2  7  4  6  0  5  1  4  1  6  7  5  6  5  2  2  6  4  2  3  7  2  5  7  7  4  2  7  5  0  0  3  6  1  7  0  3  2  2  1]
474;337;1988;3012;131,246;27,165;2,214;[3  3  6  2  5  4  6  2  2  5  2  7  4  6  0  5  1  4  1  6  7  5  6  5  2  2  6  4  2  3  7  2  5  7  7  4  2  7  5  0  0  3  6  1  7  0  3  2  2  1]
475;334;1982;3018;130,571;27,399;2,165;[3  3  6  2  5  4  6  2  2  5  2  7  4  6  0  5  1  4  1  6  7  5  6  5  2  2  6  4  2  3  7  2  5  7  7  4  2  7  5  0  0  3  6  1  7  0  3  2  2  1]
476;328;1988;3012;133,554;27,443;2,189;[3  3  6  2  5  4  6  2  2  5  2  7  4  6  0  5  1  4  1  6  7  5  6  5  2  2  6  4  2  3  7  2  5  7  7  4  2  7  5  0  0  3  6  1  7  0  3  2  2  1]
477;330;1988;3012;133,302;27,448;2,206;[3  3  6  2  5  4  6  2  2  5  2  7  4  6  0  5  1  4  1  6  7  5  6  5  2  2  6  4  2  3  7  2  5  7  7  4  2  7  5  0  0  3  6  1  7  0  3  2  2  1]
478;327;1987;3013;132,117;27,559;2,183;[3  3  6  2  5  4  6  2  2  5  2  7  4  6  0  5  1  4  1  6  7  5  6  5  2  2  6  4  2  3  7  2  5  7  7  4  2  7  5  0  0  3  6  1  7  0  3  2  2  1]
479;323;1980;3020;134,655;27,914;2,158;[3  3  6  2  5  4  6  2  2  5  2  7  4  6  0  5  1  4  1  6  7  5  6  5  2  2  6  4  2  3  7  2  5  7  7  4  2  7  5  0  0  3  6  1  7  0  3  2  2  1]
480;323;1987;3013;134,687;27,946;2,167;[3  3  6  2  5  4  6  2  2  5  2  7  4  6  0  5  1  4  1  6  7  5  6  5  2  2  6  4  2  3  7  2  5  7  7  4  2  7  5  0  0  3  6  1  7  0  3  2  2  1]
481;326;1986;3014;134,060;27,959;2,172;[3  3  6  2  5  4  6  2  2  5  2  7  4  6  0  5  1  4  1  6  7  5  6  5  2  2  6  4  2  3  7  2  5  7  7  4  2  7  5  0  0  3  6  1  7  0  3  2  2  1]
482;322;1980;3020;133,391;28,002;2,174;[3  3  6  2  5  4  6  2  2  5  2  7  4  6  0  5  1  4  1  6  7  5  6  5  2  2  6  4  2  3  7  2  5  7  7  4  2  7  5  0  0  3  6  1  7  0  3  2  2  1]
483;325;1991;3009;133,777;28,046;2,175;[3  3  6  2  5  4  6  2  2  5  2  7  4  6  0  5  1  4  1  6  7  5  6  5  2  2  6  4  2  3  7  2  5  7  7  4  2  7  5  0  0  3  6  1  7  0  3  2  2  1]
484;322;1994;3006;132,962;28,123;2,183;[3  3  6  2  5  4  6  2  2  5  2  7  4  6  0  5  1  4  1  6  7  5  6  5  2  2  6  4  2  3  7  2  5  7  7  4  2  7  5  0  0  3  6  1  7  0  3  2  2  1]
485;321;2006;2994;132,524;28,115;2,199;[3  3  6  2  5  4  6  2  2  5  2  7  4  6  0  5  1  4  1  6  7  5  6  5  2  2  6  4  2  3  7  2  5  7  7  4  2  7  5  0  0  3  6  1  7  0  3  2  2  1]
486;318;2013;2987;132,492;28,228;2,208;[3  3  6  2  5  4  6  2  2  5  2  7  4  6  0  5  1  4  1  6  7  5  6  5  2  2  6  4  2  3  7  2  5  7  7  4  2  7  5  0  0  3  6  1  7  0  3  2  2  1]
487;318;2009;2991;133,578;28,383;2,211;[3  3  6  2  5  4  6  2  2  5  2  7  4  6  0  5  1  4  1  6  7  5  6  5  2  2  6  4  2  3  7  2  5  7  7  4  2  7  5  0  0  3  6  1  7  0  3  2  2  1]
488;312;2009;2991;134,855;28,540;2,224;[3  3  6  2  5  4  6  2  2  5  2  7  4  6  0  5  1  4  1  6  7  5  6  5  2  2  6  4  2  3  7  2  5  7  7  4  2  7  5  0  0  3  6  1  7  0  3  2  2  1]
489;313;1996;3004;136,454;28,656;2,220;[3  3  6  2  5  4  6  2  2  5  2  7  4  6  0  5  1  4  1  6  7  5  6  5  2  2  6  4  2  3  7  2  5  7  7  4  2  7  5  0  0  3  6  1  7  0  3  2  2  1]
490;305;1998;3002;138,808;28,991;2,177;[3  3  6  2  5  4  6  2  2  5  2  7  4  6  0  5  1  4  1  6  7  5  6  5  2  2  6  4  2  3  7  2  5  7  7  4  2  7  5  0  0  3  6  1  7  0  3  2  2  1]
491;303;2013;2987;139,136;29,000;2,191;[3  3  6  2  5  4  6  2  2  5  2  7  4  6  0  5  1  4  1  6  7  5  6  5  2  2  6  4  2  3  7  2  5  7  7  4  2  7  5  0  0  3  6  1  7  0  3  2  2  1]
492;300;2024;2976;138,833;29,167;2,160;[3  3  6  2  5  4  6  2  2  5  2  7  4  6  0  5  1  4  1  6  7  5  6  5  2  2  6  4  2  3  7  2  5  7  7  4  2  7  5  0  0  3  6  1  7  0  3  2  2  1]
493;299;2039;2961;139,680;29,196;2,167;[3  3  6  2  5  4  6  2  2  5  2  7  4  6  0  5  1  4  1  6  7  5  6  5  2  2  6  4  2  3  7  2  5  7  7  4  2  7  5  0  0  3  6  1  7  0  3  2  2  1]
494;297;2040;2960;139,443;29,218;2,172;[6  2  7  2  7  7  6  1  7  1  7  7  1  4  7  2  3  7  7  6  4  5  3  2  5  7  0  2  2  7  4  2  2  6  6  0  7  2  2  0  1  2  3  7  3  6  5  0  3  0]
495;297;2051;2949;141,370;29,314;2,168;[6  2  7  2  7  7  6  1  7  1  7  7  1  4  7  2  3  7  7  6  4  5  3  2  5  7  0  2  2  7  4  2  2  6  6  0  7  2  2  0  1  2  3  7  3  6  5  0  3  0]
496;292;2057;2943;140,942;29,452;2,140;[6  2  7  2  7  7  6  1  7  1  7  7  1  4  7  2  3  7  7  6  4  5  3  2  5  7  0  2  2  7  4  2  2  6  6  0  7  2  2  0  1  2  3  7  3  6  5  0  3  0]
497;287;2059;2941;143,724;29,627;2,150;[6  2  7  2  7  7  6  1  7  1  7  7  1  4  7  2  3  7  7  6  4  5  3  2  5  7  0  2  2  7  4  2  2  6  6  0  7  2  2  0  1  2  3  7  3  6  5  0  3  0]
498;287;2058;2942;144,877;29,681;2,136;[6  2  7  2  7  7  6  1  7  1  7  7  1  4  7  2  3  7  7  6  4  5  3  2  5  7  0  2  2  7  4  2  2  6  6  0  7  2  2  0  1  2  3  7  3  6  5  0  3  0]
499;289;2073;2927;145,211;29,708;2,142;[6  2  7  2  7  7  6  1  7  1  7  7  1  4  7  2  3  7  7  6  4  5  3  2  5  7  0  2  2  7  4  2  2  6  6  0  7  2  2  0  1  2  3  7  3  6  5  0  3  0]
500;283;2084;2916;145,727;29,737;2,170;[3  5  0  3  6  1  6  2  2  6  1  5  5  7  1  5  2  6  6  6  2  7  7  4  0  7  3  1  1  2  6  6  1  0  6  4  0  7  2  5  3  7  5  2  3  3  7  0  5  5]
501;288;2111;2889;145,979;29,739;2,177;[3  5  0  3  6  1  6  2  2  6  1  5  5  7  1  5  2  6  6  6  2  7  7  4  0  7  3  1  1  2  6  6  1  0  6  4  0  7  2  5  3  7  5  2  3  3  7  0  5  5]
502;294;2119;2881;142,343;29,741;2,180;[3  5  0  3  6  1  6  2  2  6  1  5  5  7  1  5  2  6  6  6  2  7  7  4  0  7  3  1  1  2  6  6  1  0  6  4  0  7  2  5  3  7  5  2  3  3  7  0  5  5]
503;293;2121;2879;140,692;29,855;2,181;[3  5  0  3  6  1  6  2  2  6  1  5  5  7  1  5  2  6  6  6  2  7  7  4  0  7  3  1  1  2  6  6  1  0  6  4  0  7  2  5  3  7  5  2  3  3  7  0  5  5]
504;296;2133;2867;140,293;29,880;2,196;[3  5  0  3  6  1  6  2  2  6  1  5  5  7  1  5  2  6  6  6  2  7  7  4  0  7  3  1  1  2  6  6  1  0  6  4  0  7  2  5  3  7  5  2  3  3  7  0  5  5]
505;295;2139;2861;139,364;30,002;2,169;[3  5  0  3  6  1  6  2  2  6  1  5  5  7  1  5  2  6  6  6  2  7  7  4  0  7  3  1  1  2  6  6  1  0  6  4  0  7  2  5  3  7  5  2  3  3  7  0  5  5]
506;298;2130;2870;138,733;30,121;2,161;[3  5  0  3  6  1  6  2  2  6  1  5  5  7  1  5  2  6  6  6  2  7  7  4  0  7  3  1  1  2  6  6  1  0  6  4  0  7  2  5  3  7  5  2  3  3  7  0  5  5]
507;297;2133;2867;138,857;30,266;2,131;[3  5  0  3  6  1  6  2  2  6  1  5  5  7  1  5  2  6  6  6  2  7  7  4  0  7  3  1  1  2  6  6  1  0  6  4  0  7  2  5  3  7  5  2  3  3  7  0  5  5]
508;296;2138;2862;138,350;30,315;2,142;[3  5  0  3  6  1  6  2  2  6  1  5  5  7  1  5  2  6  6  6  2  7  7  4  0  7  3  1  1  2  6  6  1  0  6  4  0  7  2  5  3  7  5  2  3  3  7  0  5  5]
509;296;2146;2854;139,622;30,379;2,149;[3  5  0  3  6  1  6  2  2  6  1  5  5  7  1  5  2  6  6  6  2  7  7  4  0  7  3  1  1  2  6  6  1  0  6  4  0  7  2  5  3  7  5  2  3  3  7  0  5  5]
510;297;2157;2843;137,942;30,378;2,158;[3  5  0  3  6  1  6  2  2  6  1  5  5  7  1  5  2  6  6  6  2  7  7  4  0  7  3  1  1  2  6  6  1  0  6  4  0  7  2  5  3  7  5  2  3  3  7  0  5  5]
511;299;2143;2857;137,017;30,391;2,167;[3  5  0  3  6  1  6  2  2  6  1  5  5  7  1  5  2  6  6  6  2  7  7  4  0  7  3  1  1  2  6  6  1  0  6  4  0  7  2  5  3  7  5  2  3  3  7  0  5  5]
512;298;2137;2863;137,814;30,473;2,185;[3  5  0  3  6  1  6  2  2  6  1  5  5  7  1  5  2  6  6  6  2  7  7  4  0  7  3  1  1  2  6  6  1  0  6  4  0  7  2  5  3  7  5  2  3  3  7  0  5  5]
513;299;2137;2863;137,273;30,464;2,187;[3  5  0  3  6  1  6  2  2  6  1  5  5  7  1  5  2  6  6  6  2  7  7  4  0  7  3  1  1  2  6  6  1  0  6  4  0  7  2  5  3  7  5  2  3  3  7  0  5  5]
514;296;2118;2882;138,724;30,450;2,203;[6  5  1  4  1  0  5  2  4  2  7  4  0  2  7  4  7  1  6  3  0  4  5  4  3  2  3  7  4  6  7  2  1  2  6  2  7  2  6  6  4  0  2  2  1  5  4  0  1  3]
515;300;2118;2882;139,796;30,496;2,190;[6  5  1  4  1  0  5  2  4  2  7  4  0  2  7  4  7  1  6  3  0  4  5  4  3  2  3  7  4  6  7  2  1  2  6  2  7  2  6  6  4  0  2  2  1  5  4  0  1  3]
516;299;2118;2882;138,953;30,534;2,204;[6  5  1  4  1  0  5  2  4  2  7  4  0  2  7  4  7  1  6  3  0  4  5  4  3  2  3  7  4  6  7  2  1  2  6  2  7  2  6  6  4  0  2  2  1  5  4  0  1  3]
517;302;2110;2890;139,492;30,555;2,219;[6  5  1  4  1  0  5  2  4  2  7  4  0  2  7  4  7  1  6  3  0  4  5  4  3  2  3  7  4  6  7  2  1  2  6  2  7  2  6  6  4  0  2  2  1  5  4  0  1  3]
518;306;2108;2892;137,650;30,607;2,216;[6  5  1  4  1  0  5  2  4  2  7  4  0  2  7  4  7  1  6  3  0  4  5  4  3  2  3  7  4  6  7  2  1  2  6  2  7  2  6  6  4  0  2  2  1  5  4  0  1  3]
519;299;2111;2889;140,561;30,893;2,201;[6  5  1  4  1  0  5  2  4  2  7  4  0  2  7  4  7  1  6  3  0  4  5  4  3  2  3  7  4  6  7  2  1  2  6  2  7  2  6  6  4  0  2  2  1  5  4  0  1  3]
520;304;2112;2888;139,091;30,894;2,204;[6  5  1  4  1  0  5  2  4  2  7  4  0  2  7  4  7  1  6  3  0  4  5  4  3  2  3  7  4  6  7  2  1  2  6  2  7  2  6  6  4  0  2  2  1  5  4  0  1  3]
521;309;2114;2886;138,161;31,055;2,194;[6  5  1  4  1  0  5  2  4  2  7  4  0  2  7  4  7  1  6  3  0  4  5  4  3  2  3  7  4  6  7  2  1  2  6  2  7  2  6  6  4  0  2  2  1  5  4  0  1  3]
522;312;2109;2891;135,806;31,157;2,202;[6  5  1  4  1  0  5  2  4  2  7  4  0  2  7  4  7  1  6  3  0  4  5  4  3  2  3  7  4  6  7  2  1  2  6  2  7  2  6  6  4  0  2  2  1  5  4  0  1  3]
523;311;2092;2908;134,221;31,321;2,196;[6  5  1  4  1  0  5  2  4  2  7  4  0  2  7  4  7  1  6  3  0  4  5  4  3  2  3  7  4  6  7  2  1  2  6  2  7  2  6  6  4  0  2  2  1  5  4  0  1  3]
524;315;2074;2926;134,048;31,321;2,197;[6  5  1  4  1  0  5  2  4  2  7  4  0  2  7  4  7  1  6  3  0  4  5  4  3  2  3  7  4  6  7  2  1  2  6  2  7  2  6  6  4  0  2  2  1  5  4  0  1  3]
525;319;2073;2927;133,466;31,370;2,201;[6  5  1  4  1  0  5  2  4  2  7  4  0  2  7  4  7  1  6  3  0  4  5  4  3  2  3  7  4  6  7  2  1  2  6  2  7  2  6  6  4  0  2  2  1  5  4  0  1  3]
526;324;2061;2939;131,211;31,384;2,198;[6  5  1  4  1  0  5  2  4  2  7  4  0  2  7  4  7  1  6  3  0  4  5  4  3  2  3  7  4  6  7  2  1  2  6  2  7  2  6  6  4  0  2  2  1  5  4  0  1  3]
527;324;2047;2953;130,672;31,437;2,207;[6  5  1  4  1  0  5  2  4  2  7  4  0  2  7  4  7  1  6  3  0  4  5  4  3  2  3  7  4  6  7  2  1  2  6  2  7  2  6  6  4  0  2  2  1  5  4  0  1  3]
528;326;2031;2969;130,607;31,467;2,209;[6  5  1  4  1  0  5  2  4  2  7  4  0  2  7  4  7  1  6  3  0  4  5  4  3  2  3  7  4  6  7  2  1  2  6  2  7  2  6  6  4  0  2  2  1  5  4  0  1  3]
529;329;2013;2987;130,217;31,482;2,201;[6  5  1  4  1  0  5  2  4  2  7  4  0  2  7  4  7  1  6  3  0  4  5  4  3  2  3  7  4  6  7  2  1  2  6  2  7  2  6  6  4  0  2  2  1  5  4  0  1  3]
530;328;2012;2988;129,494;31,489;2,201;[6  5  1  4  1  0  5  2  4  2  7  4  0  2  7  4  7  1  6  3  0  4  5  4  3  2  3  7  4  6  7  2  1  2  6  2  7  2  6  6  4  0  2  2  1  5  4  0  1  3]
531;325;2007;2993;131,563;31,546;2,215;[6  5  1  4  1  0  5  2  4  2  7  4  0  2  7  4  7  1  6  3  0  4  5  4  3  2  3  7  4  6  7  2  1  2  6  2  7  2  6  6  4  0  2  2  1  5  4  0  1  3]
532;325;1997;3003;131,075;31,526;2,228;[6  5  1  4  1  0  5  2  4  2  7  4  0  2  7  4  7  1  6  3  0  4  5  4  3  2  3  7  4  6  7  2  1  2  6  2  7  2  6  6  4  0  2  2  1  5  4  0  1  3]
533;328;1994;3006;130,402;31,523;2,223;[6  5  1  4  1  0  5  2  4  2  7  4  0  2  7  4  7  1  6  3  0  4  5  4  3  2  3  7  4  6  7  2  1  2  6  2  7  2  6  6  4  0  2  2  1  5  4  0  1  3]
534;326;1995;3005;129,784;31,539;2,227;[6  5  1  4  1  0  5  2  4  2  7  4  0  2  7  4  7  1  6  3  0  4  5  4  3  2  3  7  4  6  7  2  1  2  6  2  7  2  6  6  4  0  2  2  1  5  4  0  1  3]
535;328;1995;3005;130,171;31,593;2,220;[6  5  1  4  1  0  5  2  4  2  7  4  0  2  7  4  7  1  6  3  0  4  5  4  3  2  3  7  4  6  7  2  1  2  6  2  7  2  6  6  4  0  2  2  1  5  4  0  1  3]
536;325;1972;3028;129,829;31,716;2,212;[2  7  3  2  7  1  6  5  2  5  0  5  6  4  2  7  0  7  2  6  6  3  1  0  2  5  0  3  5  2  2  7  0  6  2  4  7  1  7  2  1  3  3  4  6  5  5  2  7  2]
537;326;1976;3024;130,155;31,720;2,218;[2  7  3  2  7  1  6  5  2  5  0  5  6  4  2  7  0  7  2  6  6  3  1  0  2  5  0  3  5  2  2  7  0  6  2  4  7  1  7  2  1  3  3  4  6  5  5  2  7  2]
538;330;1983;3017;128,815;31,720;2,218;[2  7  3  2  7  1  6  5  2  5  0  5  6  4  2  7  0  7  2  6  6  3  1  0  2  5  0  3  5  2  2  7  0  6  2  4  7  1  7  2  1  3  3  4  6  5  5  2  7  2]
539;332;1975;3025;128,503;31,833;2,208;[2  7  3  2  7  1  6  5  2  5  0  5  6  4  2  7  0  7  2  6  6  3  1  0  2  5  0  3  5  2  2  7  0  6  2  4  7  1  7  2  1  3  3  4  6  5  5  2  7  2]
540;337;1971;3029;125,785;31,861;2,199;[2  7  3  2  7  1  6  5  2  5  0  5  6  4  2  7  0  7  2  6  6  3  1  0  2  5  0  3  5  2  2  7  0  6  2  4  7  1  7  2  1  3  3  4  6  5  5  2  7  2]
541;337;1979;3021;124,745;31,840;2,208;[4  7  2  4  2  7  6  2  1  7  4  6  6  1  0  2  5  6  1  7  2  4  1  2  6  1  5  7  5  7  0  1  4  2  5  0  0  1  4  5  6  0  2  3  6  1  6  7  7  3]
542;342;1966;3034;122,783;31,849;2,208;[4  7  2  4  2  7  6  2  1  7  4  6  6  1  0  2  5  6  1  7  2  4  1  2  6  1  5  7  5  7  0  1  4  2  5  0  0  1  4  5  6  0  2  3  6  1  6  7  7  3]
543;348;1949;3051;121,382;31,920;2,210;[4  7  2  4  2  7  6  2  1  7  4  6  6  1  0  2  5  6  1  7  2  4  1  2  6  1  5  7  5  7  0  1  4  2  5  0  0  1  4  5  6  0  2  3  6  1  6  7  7  3]
544;351;1936;3064;119,783;31,934;2,202;[4  7  2  4  2  7  6  2  1  7  4  6  6  1  0  2  5  6  1  7  2  4  1  2  6  1  5  7  5  7  0  1  4  2  5  0  0  1  4  5  6  0  2  3  6  1  6  7  7  3]
545;351;1915;3085;119,350;32,026;2,202;[4  7  2  4  2  7  6  2  1  7  4  6  6  1  0  2  5  6  1  7  2  4  1  2  6  1  5  7  5  7  0  1  4  2  5  0  0  1  4  5  6  0  2  3  6  1  6  7  7  3]
546;351;1894;3106;119,595;32,074;2,222;[4  7  2  4  2  7  6  2  1  7  4  6  6  1  0  2  5  6  1  7  2  4  1  2  6  1  5  7  5  7  0  1  4  2  5  0  0  1  4  5  6  0  2  3  6  1  6  7  7  3]
547;352;1880;3120;119,841;32,150;2,222;[4  7  2  4  2  7  6  2  1  7  4  6  6  1  0  2  5  6  1  7  2  4  1  2  6  1  5  7  5  7  0  1  4  2  5  0  0  1  4  5  6  0  2  3  6  1  6  7  7  3]
548;350;1876;3124;119,095;32,167;2,234;[4  7  2  4  2  7  6  2  1  7  4  6  6  1  0  2  5  6  1  7  2  4  1  2  6  1  5  7  5  7  0  1  4  2  5  0  0  1  4  5  6  0  2  3  6  1  6  7  7  3]
549;350;1873;3127;119,609;32,435;2,214;[4  7  2  4  2  7  6  2  1  7  4  6  6  1  0  2  5  6  1  7  2  4  1  2  6  1  5  7  5  7  0  1  4  2  5  0  0  1  4  5  6  0  2  3  6  1  6  7  7  3]
550;357;1874;3126;118,060;32,468;2,216;[4  7  2  4  2  7  6  2  1  7  4  6  6  1  0  2  5  6  1  7  2  4  1  2  6  1  5  7  5  7  0  1  4  2  5  0  0  1  4  5  6  0  2  3  6  1  6  7  7  3]
551;356;1861;3139;115,994;32,605;2,199;[4  7  2  4  2  7  6  2  1  7  4  6  6  1  0  2  5  6  1  7  2  4  1  2  6  1  5  7  5  7  0  1  4  2  5  0  0  1  4  5  6  0  2  3  6  1  6  7  7  3]
552;357;1859;3141;116,140;32,636;2,216;[4  7  2  4  2  7  6  2  1  7  4  6  6  1  0  2  5  6  1  7  2  4  1  2  6  1  5  7  5  7  0  1  4  2  5  0  0  1  4  5  6  0  2  3  6  1  6  7  7  3]
553;358;1855;3145;114,844;32,644;2,226;[4  7  2  4  2  7  6  2  1  7  4  6  6  1  0  2  5  6  1  7  2  4  1  2  6  1  5  7  5  7  0  1  4  2  5  0  0  1  4  5  6  0  2  3  6  1  6  7  7  3]
554;352;1853;3147;115,243;32,652;2,239;[4  7  2  4  2  7  6  2  1  7  4  6  6  1  0  2  5  6  1  7  2  4  1  2  6  1  5  7  5  7  0  1  4  2  5  0  0  1  4  5  6  0  2  3  6  1  6  7  7  3]
555;349;1867;3133;115,939;32,780;2,241;[4  7  2  4  2  7  6  2  1  7  4  6  6  1  0  2  5  6  1  7  2  4  1  2  6  1  5  7  5  7  0  1  4  2  5  0  0  1  4  5  6  0  2  3  6  1  6  7  7  3]
556;350;1859;3141;115,334;32,760;2,251;[4  7  2  4  2  7  6  2  1  7  4  6  6  1  0  2  5  6  1  7  2  4  1  2  6  1  5  7  5  7  0  1  4  2  5  0  0  1  4  5  6  0  2  3  6  1  6  7  7  3]
557;345;1876;3124;115,716;32,809;2,249;[4  7  2  4  2  7  6  2  1  7  4  6  6  1  0  2  5  6  1  7  2  4  1  2  6  1  5  7  5  7  0  1  4  2  5  0  0  1  4  5  6  0  2  3  6  1  6  7  7  3]
558;339;1880;3120;116,053;32,867;2,251;[2  7  3  2  7  1  6  5  2  5  0  5  6  4  2  7  0  7  2  6  6  3  1  0  2  5  0  3  5  2  2  7  0  6  2  4  7  1  7  2  1  3  3  4  6  5  5  2  7  2]
559;331;1882;3118;118,131;32,932;2,284;[2  7  3  2  7  1  6  5  2  5  0  5  6  4  2  7  0  7  2  6  6  3  1  0  2  5  0  3  5  2  2  7  0  6  2  4  7  1  7  2  1  3  3  4  6  5  5  2  7  2]
560;326;1891;3109;119,783;33,179;2,252;[2  7  3  2  7  1  6  5  2  5  0  5  6  4  2  7  0  7  2  6  6  3  1  0  2  5  0  3  5  2  2  7  0  6  2  4  7  1  7  2  1  3  3  4  6  5  5  2  7  2]
561;326;1900;3100;119,751;33,188;2,267;[2  7  3  2  7  1  6  5  2  5  0  5  6  4  2  7  0  7  2  6  6  3  1  0  2  5  0  3  5  2  2  7  0  6  2  4  7  1  7  2  1  3  3  4  6  5  5  2  7  2]
562;324;1910;3090;119,375;33,250;2,278;[2  7  3  2  7  1  6  5  2  5  0  5  6  4  2  7  0  7  2  6  6  3  1  0  2  5  0  3  5  2  2  7  0  6  2  4  7  1  7  2  1  3  3  4  6  5  5  2  7  2]
563;327;1910;3090;118,224;33,376;2,248;[2  7  3  2  7  1  6  5  2  5  0  5  6  4  2  7  0  7  2  6  6  3  1  0  2  5  0  3  5  2  2  7  0  6  2  4  7  1  7  2  1  3  3  4  6  5  5  2  7  2]
564;326;1914;3086;117,167;33,474;2,248;[2  7  3  2  7  1  6  5  2  5  0  5  6  4  2  7  0  7  2  6  6  3  1  0  2  5  0  3  5  2  2  7  0  6  2  4  7  1  7  2  1  3  3  4  6  5  5  2  7  2]
565;321;1917;3083;117,719;33,599;2,215;[2  7  3  2  7  1  6  5  2  5  0  5  6  4  2  7  0  7  2  6  6  3  1  0  2  5  0  3  5  2  2  7  0  6  2  4  7  1  7  2  1  3  3  4  6  5  5  2  7  2]
566;319;1918;3082;118,003;33,675;2,210;[2  7  3  2  7  1  6  5  2  5  0  5  6  4  2  7  0  7  2  6  6  3  1  0  2  5  0  3  5  2  2  7  0  6  2  4  7  1  7  2  1  3  3  4  6  5  5  2  7  2]
567;319;1910;3090;118,044;33,725;2,219;[2  7  3  2  7  1  6  5  2  5  0  5  6  4  2  7  0  7  2  6  6  3  1  0  2  5  0  3  5  2  2  7  0  6  2  4  7  1  7  2  1  3  3  4  6  5  5  2  7  2]
568;314;1924;3076;120,434;33,740;2,232;[1  3  7  4  3  4  1  3  2  5  7  2  6  5  5  7  3  0  0  7  7  7  2  6  3  2  0  5  1  6  6  7  7  0  3  1  0  2  2  0  2  5  0  4  1  0  7  6  7  1]
569;316;1932;3068;119,968;33,811;2,234;[1  3  7  4  3  4  1  3  2  5  7  2  6  5  5  7  3  0  0  7  7  7  2  6  3  2  0  5  1  6  6  7  7  0  3  1  0  2  2  0  2  5  0  4  1  0  7  6  7  1]
570;314;1929;3071;119,806;33,832;2,252;[1  3  7  4  3  4  1  3  2  5  7  2  6  5  5  7  3  0  0  7  7  7  2  6  3  2  0  5  1  6  6  7  7  0  3  1  0  2  2  0  2  5  0  4  1  0  7  6  7  1]
571;311;1945;3055;120,980;33,832;2,277;[1  3  7  4  3  4  1  3  2  5  7  2  6  5  5  7  3  0  0  7  7  7  2  6  3  2  0  5  1  6  6  7  7  0  3  1  0  2  2  0  2  5  0  4  1  0  7  6  7  1]
572;311;1949;3051;119,707;33,924;2,289;[1  3  7  4  3  4  1  3  2  5  7  2  6  5  5  7  3  0  0  7  7  7  2  6  3  2  0  5  1  6  6  7  7  0  3  1  0  2  2  0  2  5  0  4  1  0  7  6  7  1]
573;309;1958;3042;119,397;33,973;2,291;[1  3  7  4  3  4  1  3  2  5  7  2  6  5  5  7  3  0  0  7  7  7  2  6  3  2  0  5  1  6  6  7  7  0  3  1  0  2  2  0  2  5  0  4  1  0  7  6  7  1]
574;306;1968;3032;121,213;34,065;2,307;[1  3  7  4  3  4  1  3  2  5  7  2  6  5  5  7  3  0  0  7  7  7  2  6  3  2  0  5  1  6  6  7  7  0  3  1  0  2  2  0  2  5  0  4  1  0  7  6  7  1]
575;303;1975;3025;120,698;34,161;2,314;[1  3  7  4  3  4  1  3  2  5  7  2  6  5  5  7  3  0  0  7  7  7  2  6  3  2  0  5  1  6  6  7  7  0  3  1  0  2  2  0  2  5  0  4  1  0  7  6  7  1]
576;307;1988;3012;120,733;34,194;2,319;[1  3  7  4  3  4  1  3  2  5  7  2  6  5  5  7  3  0  0  7  7  7  2  6  3  2  0  5  1  6  6  7  7  0  3  1  0  2  2  0  2  5  0  4  1  0  7  6  7  1]
577;307;1986;3014;118,115;34,220;2,326;[1  3  7  4  3  4  1  3  2  5  7  2  6  5  5  7  3  0  0  7  7  7  2  6  3  2  0  5  1  6  6  7  7  0  3  1  0  2  2  0  2  5  0  4  1  0  7  6  7  1]
578;305;1999;3001;118,520;34,246;2,325;[1  3  7  4  3  4  1  3  2  5  7  2  6  5  5  7  3  0  0  7  7  7  2  6  3  2  0  5  1  6  6  7  7  0  3  1  0  2  2  0  2  5  0  4  1  0  7  6  7  1]
579;299;1994;3006;120,997;34,312;2,344;[1  3  7  4  3  4  1  3  2  5  7  2  6  5  5  7  3  0  0  7  7  7  2  6  3  2  0  5  1  6  6  7  7  0  3  1  0  2  2  0  2  5  0  4  1  0  7  6  7  1]
580;297;1995;3005;121,729;34,392;2,340;[1  3  7  4  3  4  1  3  2  5  7  2  6  5  5  7  3  0  0  7  7  7  2  6  3  2  0  5  1  6  6  7  7  0  3  1  0  2  2  0  2  5  0  4  1  0  7  6  7  1]
581;299;1993;3007;120,943;34,392;2,338;[1  3  7  4  3  4  1  3  2  5  7  2  6  5  5  7  3  0  0  7  7  7  2  6  3  2  0  5  1  6  6  7  7  0  3  1  0  2  2  0  2  5  0  4  1  0  7  6  7  1]
582;299;1982;3018;121,503;34,402;2,341;[1  3  7  4  3  4  1  3  2  5  7  2  6  5  5  7  3  0  0  7  7  7  2  6  3  2  0  5  1  6  6  7  7  0  3  1  0  2  2  0  2  5  0  4  1  0  7  6  7  1]
583;302;1982;3018;122,542;34,583;2,285;[1  3  7  4  3  4  1  3  2  5  7  2  6  5  5  7  3  0  0  7  7  7  2  6  3  2  0  5  1  6  6  7  7  0  3  1  0  2  2  0  2  5  0  4  1  0  7  6  7  1]
584;303;1980;3020;120,987;34,597;2,290;[1  3  7  4  3  4  1  3  2  5  7  2  6  5  5  7  3  0  0  7  7  7  2  6  3  2  0  5  1  6  6  7  7  0  3  1  0  2  2  0  2  5  0  4  1  0  7  6  7  1]
585;303;1982;3018;120,299;34,586;2,294;[1  3  7  4  3  4  1  3  2  5  7  2  6  5  5  7  3  0  0  7  7  7  2  6  3  2  0  5  1  6  6  7  7  0  3  1  0  2  2  0  2  5  0  4  1  0  7  6  7  1]
586;303;1997;3003;121,393;34,636;2,287;[1  3  7  4  3  4  1  3  2  5  7  2  6  5  5  7  3  0  0  7  7  7  2  6  3  2  0  5  1  6  6  7  7  0  3  1  0  2  2  0  2  5  0  4  1  0  7  6  7  1]
587;302;2001;2999;120,268;34,874;2,248;[1  3  7  4  3  4  1  3  2  5  7  2  6  5  5  7  3  0  0  7  7  7  2  6  3  2  0  5  1  6  6  7  7  0  3  1  0  2  2  0  2  5  0  4  1  0  7  6  7  1]
588;303;2003;2997;120,892;34,933;2,248;[1  3  7  4  3  4  1  3  2  5  7  2  6  5  5  7  3  0  0  7  7  7  2  6  3  2  0  5  1  6  6  7  7  0  3  1  0  2  2  0  2  5  0  4  1  0  7  6  7  1]
589;306;1999;3001;118,841;34,931;2,248;[1  3  7  4  3  4  1  3  2  5  7  2  6  5  5  7  3  0  0  7  7  7  2  6  3  2  0  5  1  6  6  7  7  0  3  1  0  2  2  0  2  5  0  4  1  0  7  6  7  1]
590;304;1989;3011;118,224;34,995;2,243;[1  3  7  4  3  4  1  3  2  5  7  2  6  5  5  7  3  0  0  7  7  7  2  6  3  2  0  5  1  6  6  7  7  0  3  1  0  2  2  0  2  5  0  4  1  0  7  6  7  1]
591;304;1995;3005;121,040;35,037;2,253;[1  3  7  4  3  4  1  3  2  5  7  2  6  5  5  7  3  0  0  7  7  7  2  6  3  2  0  5  1  6  6  7  7  0  3  1  0  2  2  0  2  5  0  4  1  0  7  6  7  1]
592;303;1985;3015;119,967;35,097;2,271;[1  3  7  4  3  4  1  3  2  5  7  2  6  5  5  7  3  0  0  7  7  7  2  6  3  2  0  5  1  6  6  7  7  0  3  1  0  2  2  0  2  5  0  4  1  0  7  6  7  1]
593;302;1981;3019;119,669;35,126;2,275;[1  3  7  4  3  4  1  3  2  5  7  2  6  5  5  7  3  0  0  7  7  7  2  6  3  2  0  5  1  6  6  7  7  0  3  1  0  2  2  0  2  5  0  4  1  0  7  6  7  1]
594;304;1975;3025;121,037;35,172;2,273;[1  3  7  4  3  4  1  3  2  5  7  2  6  5  5  7  3  0  0  7  7  7  2  6  3  2  0  5  1  6  6  7  7  0  3  1  0  2  2  0  2  5  0  4  1  0  7  6  7  1]
595;300;1976;3024;122,584;35,246;2,280;[1  3  7  4  3  4  1  3  2  5  7  2  6  5  5  7  3  0  0  7  7  7  2  6  3  2  0  5  1  6  6  7  7  0  3  1  0  2  2  0  2  5  0  4  1  0  7  6  7  1]
596;307;2002;2998;121,779;35,259;2,280;[1  3  7  4  3  4  1  3  2  5  7  2  6  5  5  7  3  0  0  7  7  7  2  6  3  2  0  5  1  6  6  7  7  0  3  1  0  2  2  0  2  5  0  4  1  0  7  6  7  1]
597;305;1993;3007;119,700;35,380;2,285;[1  3  7  4  3  4  1  3  2  5  7  2  6  5  5  7  3  0  0  7  7  7  2  6  3  2  0  5  1  6  6  7  7  0  3  1  0  2  2  0  2  5  0  4  1  0  7  6  7  1]
598;311;1993;3007;118,569;35,411;2,277;[1  3  7  4  3  4  1  3  2  5  7  2  6  5  5  7  3  0  0  7  7  7  2  6  3  2  0  5  1  6  6  7  7  0  3  1  0  2  2  0  2  5  0  4  1  0  7  6  7  1]
599;310;1992;3008;117,729;35,417;2,300;[1  6  0  1  0  2  0  1  1  6  2  2  4  6  7  7  0  4  6  4  4  7  5  1  6  1  3  6  6  1  4  4  7  1  1  2  7  1  4  5  5  3  0  6  4  5  2  1  7  4]
600;311;1986;3014;116,916;35,421;2,302;[1  6  0  1  0  2  0  1  1  6  2  2  4  6  7  7  0  4  6  4  4  7  5  1  6  1  3  6  6  1  4  4  7  1  1  2  7  1  4  5  5  3  0  6  4  5  2  1  7  4]
601;315;1992;3008;116,699;35,665;2,254;[1  6  0  1  0  2  0  1  1  6  2  2  4  6  7  7  0  4  6  4  4  7  5  1  6  1  3  6  6  1  4  4  7  1  1  2  7  1  4  5  5  3  0  6  4  5  2  1  7  4]
602;310;1984;3016;116,262;35,722;2,277;[1  6  0  1  0  2  0  1  1  6  2  2  4  6  7  7  0  4  6  4  4  7  5  1  6  1  3  6  6  1  4  4  7  1  1  2  7  1  4  5  5  3  0  6  4  5  2  1  7  4]
603;314;1976;3024;116,883;35,773;2,277;[1  6  0  1  0  2  0  1  1  6  2  2  4  6  7  7  0  4  6  4  4  7  5  1  6  1  3  6  6  1  4  4  7  1  1  2  7  1  4  5  5  3  0  6  4  5  2  1  7  4]
604;319;1979;3021;115,641;35,856;2,282;[1  6  0  1  0  2  0  1  1  6  2  2  4  6  7  7  0  4  6  4  4  7  5  1  6  1  3  6  6  1  4  4  7  1  1  2  7  1  4  5  5  3  0  6  4  5  2  1  7  4]
605;321;1972;3028;114,570;35,924;2,277;[1  6  0  1  0  2  0  1  1  6  2  2  4  6  7  7  0  4  6  4  4  7  5  1  6  1  3  6  6  1  4  4  7  1  1  2  7  1  4  5  5  3  0  6  4  5  2  1  7  4]
606;319;1959;3041;114,317;36,242;2,273;[1  6  0  1  0  2  0  1  1  6  2  2  4  6  7  7  0  4  6  4  4  7  5  1  6  1  3  6  6  1  4  4  7  1  1  2  7  1  4  5  5  3  0  6  4  5  2  1  7  4]
607;317;1945;3055;113,975;36,265;2,271;[1  6  0  1  0  2  0  1  1  6  2  2  4  6  7  7  0  4  6  4  4  7  5  1  6  1  3  6  6  1  4  4  7  1  1  2  7  1  4  5  5  3  0  6  4  5  2  1  7  4]
608;319;1954;3046;114,731;36,301;2,257;[1  6  0  1  0  2  0  1  1  6  2  2  4  6  7  7  0  4  6  4  4  7  5  1  6  1  3  6  6  1  4  4  7  1  1  2  7  1  4  5  5  3  0  6  4  5  2  1  7  4]
609;315;1950;3050;115,144;36,276;2,286;[1  6  0  1  0  2  0  1  1  6  2  2  4  6  7  7  0  4  6  4  4  7  5  1  6  1  3  6  6  1  4  4  7  1  1  2  7  1  4  5  5  3  0  6  4  5  2  1  7  4]
610;313;1947;3053;115,868;36,360;2,288;[1  6  0  1  0  2  0  1  1  6  2  2  4  6  7  7  0  4  6  4  4  7  5  1  6  1  3  6  6  1  4  4  7  1  1  2  7  1  4  5  5  3  0  6  4  5  2  1  7  4]
611;317;1945;3055;115,096;36,360;2,284;[1  6  0  1  0  2  0  1  1  6  2  2  4  6  7  7  0  4  6  4  4  7  5  1  6  1  3  6  6  1  4  4  7  1  1  2  7  1  4  5  5  3  0  6  4  5  2  1  7  4]
612;319;1958;3042;114,618;36,373;2,288;[1  6  0  1  0  2  0  1  1  6  2  2  4  6  7  7  0  4  6  4  4  7  5  1  6  1  3  6  6  1  4  4  7  1  1  2  7  1  4  5  5  3  0  6  4  5  2  1  7  4]
613;315;1964;3036;114,137;36,370;2,305;[1  6  0  1  0  2  0  1  1  6  2  2  4  6  7  7  0  4  6  4  4  7  5  1  6  1  3  6  6  1  4  4  7  1  1  2  7  1  4  5  5  3  0  6  4  5  2  1  7  4]
614;314;1964;3036;114,373;36,481;2,287;[1  6  0  1  0  2  0  1  1  6  2  2  4  6  7  7  0  4  6  4  4  7  5  1  6  1  3  6  6  1  4  4  7  1  1  2  7  1  4  5  5  3  0  6  4  5  2  1  7  4]
615;314;1965;3035;114,565;36,750;2,248;[1  6  0  1  0  2  0  1  1  6  2  2  4  6  7  7  0  4  6  4  4  7  5  1  6  1  3  6  6  1  4  4  7  1  1  2  7  1  4  5  5  3  0  6  4  5  2  1  7  4]
616;312;1976;3024;115,472;36,946;2,228;[1  6  0  1  0  2  0  1  1  6  2  2  4  6  7  7  0  4  6  4  4  7  5  1  6  1  3  6  6  1  4  4  7  1  1  2  7  1  4  5  5  3  0  6  4  5  2  1  7  4]
617;312;1976;3024;113,710;36,966;2,234;[1  6  0  1  0  2  0  1  1  6  2  2  4  6  7  7  0  4  6  4  4  7  5  1  6  1  3  6  6  1  4  4  7  1  1  2  7  1  4  5  5  3  0  6  4  5  2  1  7  4]
618;311;1973;3027;113,916;36,988;2,235;[1  6  0  1  0  2  0  1  1  6  2  2  4  6  7  7  0  4  6  4  4  7  5  1  6  1  3  6  6  1  4  4  7  1  1  2  7  1  4  5  5  3  0  6  4  5  2  1  7  4]
619;310;1987;3013;115,033;37,157;2,206;[1  6  0  1  0  2  0  1  1  6  2  2  4  6  7  7  0  4  6  4  4  7  5  1  6  1  3  6  6  1  4  4  7  1  1  2  7  1  4  5  5  3  0  6  4  5  2  1  7  4]
620;311;1983;3017;114,248;37,188;2,215;[1  6  0  1  0  2  0  1  1  6  2  2  4  6  7  7  0  4  6  4  4  7  5  1  6  1  3  6  6  1  4  4  7  1  1  2  7  1  4  5  5  3  0  6  4  5  2  1  7  4]
621;311;1976;3024;114,346;37,211;2,241;[1  6  0  1  0  2  0  1  1  6  2  2  4  6  7  7  0  4  6  4  4  7  5  1  6  1  3  6  6  1  4  4  7  1  1  2  7  1  4  5  5  3  0  6  4  5  2  1  7  4]
622;306;1977;3023;115,345;37,242;2,261;[3  2  3  5  2  0  1  1  4  5  1  6  7  6  7  5  1  0  2  6  6  2  2  5  3  7  4  0  7  5  0  1  5  7  5  1  3  2  7  1  0  7  1  6  1  4  7  6  0  3]
623;304;1981;3019;116,767;37,321;2,260;[3  2  3  5  2  0  1  1  4  5  1  6  7  6  7  5  1  0  2  6  6  2  2  5  3  7  4  0  7  5  0  1  5  7  5  1  3  2  7  1  0  7  1  6  1  4  7  6  0  3]
624;303;1983;3017;116,567;37,357;2,267;[3  2  3  5  2  0  1  1  4  5  1  6  7  6  7  5  1  0  2  6  6  2  2  5  3  7  4  0  7  5  0  1  5  7  5  1  3  2  7  1  0  7  1  6  1  4  7  6  0  3]
625;306;1995;3005;116,856;37,386;2,268;[3  2  3  5  2  0  1  1  4  5  1  6  7  6  7  5  1  0  2  6  6  2  2  5  3  7  4  0  7  5  0  1  5  7  5  1  3  2  7  1  0  7  1  6  1  4  7  6  0  3]
626;305;2003;2997;115,116;37,399;2,269;[3  2  3  5  2  0  1  1  4  5  1  6  7  6  7  5  1  0  2  6  6  2  2  5  3  7  4  0  7  5  0  1  5  7  5  1  3  2  7  1  0  7  1  6  1  4  7  6  0  3]
627;302;2010;2990;115,450;37,509;2,278;[3  2  3  5  2  0  1  1  4  5  1  6  7  6  7  5  1  0  2  6  6  2  2  5  3  7  4  0  7  5  0  1  5  7  5  1  3  2  7  1  0  7  1  6  1  4  7  6  0  3]
628;299;2008;2992;115,872;37,519;2,294;[3  2  3  5  2  0  1  1  4  5  1  6  7  6  7  5  1  0  2  6  6  2  2  5  3  7  4  0  7  5  0  1  5  7  5  1  3  2  7  1  0  7  1  6  1  4  7  6  0  3]
629;296;2006;2994;117,585;37,538;2,321;[3  2  3  5  2  0  1  1  4  5  1  6  7  6  7  5  1  0  2  6  6  2  2  5  3  7  4  0  7  5  0  1  5  7  5  1  3  2  7  1  0  7  1  6  1  4  7  6  0  3]
630;295;2015;2985;118,596;37,546;2,325;[3  2  3  5  2  0  1  1  4  5  1  6  7  6  7  5  1  0  2  6  6  2  2  5  3  7  4  0  7  5  0  1  5  7  5  1  3  2  7  1  0  7  1  6  1  4  7  6  0  3]
631;290;2023;2977;120,752;37,762;2,324;[3  2  3  5  2  0  1  1  4  5  1  6  7  6  7  5  1  0  2  6  6  2  2  5  3  7  4  0  7  5  0  1  5  7  5  1  3  2  7  1  0  7  1  6  1  4  7  6  0  3]
632;289;2022;2978;121,855;37,849;2,322;[3  2  3  5  2  0  1  1  4  5  1  6  7  6  7  5  1  0  2  6  6  2  2  5  3  7  4  0  7  5  0  1  5  7  5  1  3  2  7  1  0  7  1  6  1  4  7  6  0  3]
633;288;2028;2972;121,778;37,856;2,340;[3  2  3  5  2  0  1  1  4  5  1  6  7  6  7  5  1  0  2  6  6  2  2  5  3  7  4  0  7  5  0  1  5  7  5  1  3  2  7  1  0  7  1  6  1  4  7  6  0  3]
634;287;2025;2975;122,173;37,994;2,352;[3  2  3  5  2  0  1  1  4  5  1  6  7  6  7  5  1  0  2  6  6  2  2  5  3  7  4  0  7  5  0  1  5  7  5  1  3  2  7  1  0  7  1  6  1  4  7  6  0  3]
635;283;2024;2976;123,946;38,023;2,382;[3  2  3  5  2  0  1  1  4  5  1  6  7  6  7  5  1  0  2  6  6  2  2  5  3  7  4  0  7  5  0  1  5  7  5  1  3  2  7  1  0  7  1  6  1  4  7  6  0  3]
636;280;2042;2958;125,252;38,091;2,386;[3  2  3  5  2  0  1  1  4  5  1  6  7  6  7  5  1  0  2  6  6  2  2  5  3  7  4  0  7  5  0  1  5  7  5  1  3  2  7  1  0  7  1  6  1  4  7  6  0  3]
637;278;2048;2952;125,580;38,112;2,388;[3  2  3  5  2  0  1  1  4  5  1  6  7  6  7  5  1  0  2  6  6  2  2  5  3  7  4  0  7  5  0  1  5  7  5  1  3  2  7  1  0  7  1  6  1  4  7  6  0  3]
638;276;2058;2942;126,606;38,174;2,402;[3  2  3  5  2  0  1  1  4  5  1  6  7  6  7  5  1  0  2  6  6  2  2  5  3  7  4  0  7  5  0  1  5  7  5  1  3  2  7  1  0  7  1  6  1  4  7  6  0  3]
639;277;2061;2939;127,463;38,224;2,415;[3  2  3  5  2  0  1  1  4  5  1  6  7  6  7  5  1  0  2  6  6  2  2  5  3  7  4  0  7  5  0  1  5  7  5  1  3  2  7  1  0  7  1  6  1  4  7  6  0  3]
640;282;2068;2932;126,418;38,276;2,408;[3  2  3  5  2  0  1  1  4  5  1  6  7  6  7  5  1  0  2  6  6  2  2  5  3  7  4  0  7  5  0  1  5  7  5  1  3  2  7  1  0  7  1  6  1  4  7  6  0  3]
641;287;2070;2930;123,351;38,276;2,401;[3  2  3  5  2  0  1  1  4  5  1  6  7  6  7  5  1  0  2  6  6  2  2  5  3  7  4  0  7  5  0  1  5  7  5  1  3  2  7  1  0  7  1  6  1  4  7  6  0  3]
642;289;2065;2935;122,263;38,283;2,408;[3  2  3  5  2  0  1  1  4  5  1  6  7  6  7  5  1  0  2  6  6  2  2  5  3  7  4  0  7  5  0  1  5  7  5  1  3  2  7  1  0  7  1  6  1  4  7  6  0  3]
643;291;2057;2943;121,934;38,305;2,405;[3  2  3  5  2  0  1  1  4  5  1  6  7  6  7  5  1  0  2  6  6  2  2  5  3  7  4  0  7  5  0  1  5  7  5  1  3  2  7  1  0  7  1  6  1  4  7  6  0  3]
644;289;2028;2972;122,153;38,340;2,391;[3  2  3  5  2  0  1  1  4  5  1  6  7  6  7  5  1  0  2  6  6  2  2  5  3  7  4  0  7  5  0  1  5  7  5  1  3  2  7  1  0  7  1  6  1  4  7  6  0  3]
645;288;2038;2962;125,175;38,343;2,399;[3  2  3  5  2  0  1  1  4  5  1  6  7  6  7  5  1  0  2  6  6  2  2  5  3  7  4  0  7  5  0  1  5  7  5  1  3  2  7  1  0  7  1  6  1  4  7  6  0  3]
646;292;2040;2960;124,912;38,348;2,404;[3  2  3  5  2  0  1  1  4  5  1  6  7  6  7  5  1  0  2  6  6  2  2  5  3  7  4  0  7  5  0  1  5  7  5  1  3  2  7  1  0  7  1  6  1  4  7  6  0  3]
647;295;2031;2969;122,491;38,346;2,403;[3  2  3  5  2  0  1  1  4  5  1  6  7  6  7  5  1  0  2  6  6  2  2  5  3  7  4  0  7  5  0  1  5  7  5  1  3  2  7  1  0  7  1  6  1  4  7  6  0  3]
648;298;2032;2968;122,688;38,355;2,409;[3  2  3  5  2  0  1  1  4  5  1  6  7  6  7  5  1  0  2  6  6  2  2  5  3  7  4  0  7  5  0  1  5  7  5  1  3  2  7  1  0  7  1  6  1  4  7  6  0  3]
649;299;2019;2981;121,525;38,392;2,411;[3  2  3  5  2  0  1  1  4  5  1  6  7  6  7  5  1  0  2  6  6  2  2  5  3  7  4  0  7  5  0  1  5  7  5  1  3  2  7  1  0  7  1  6  1  4  7  6  0  3]
650;300;2008;2992;121,040;38,384;2,410;[3  2  3  5  2  0  1  1  4  5  1  6  7  6  7  5  1  0  2  6  6  2  2  5  3  7  4  0  7  5  0  1  5  7  5  1  3  2  7  1  0  7  1  6  1  4  7  6  0  3]
651;301;2009;2991;122,864;38,471;2,399;[3  2  3  5  2  0  1  1  4  5  1  6  7  6  7  5  1  0  2  6  6  2  2  5  3  7  4  0  7  5  0  1  5  7  5  1  3  2  7  1  0  7  1  6  1  4  7  6  0  3]
652;303;2006;2994;121,661;38,525;2,386;[3  2  3  5  2  0  1  1  4  5  1  6  7  6  7  5  1  0  2  6  6  2  2  5  3  7  4  0  7  5  0  1  5  7  5  1  3  2  7  1  0  7  1  6  1  4  7  6  0  3]
653;306;2013;2987;120,232;38,523;2,382;[3  2  3  5  2  0  1  1  4  5  1  6  7  6  7  5  1  0  2  6  6  2  2  5  3  7  4  0  7  5  0  1  5  7  5  1  3  2  7  1  0  7  1  6  1  4  7  6  0  3]
654;308;2000;3000;119,063;38,554;2,380;[3  2  3  5  2  0  1  1  4  5  1  6  7  6  7  5  1  0  2  6  6  2  2  5  3  7  4  0  7  5  0  1  5  7  5  1  3  2  7  1  0  7  1  6  1  4  7  6  0  3]
655;308;2008;2992;120,430;38,538;2,396;[3  2  3  5  2  0  1  1  4  5  1  6  7  6  7  5  1  0  2  6  6  2  2  5  3  7  4  0  7  5  0  1  5  7  5  1  3  2  7  1  0  7  1  6  1  4  7  6  0  3]
656;314;2018;2982;118,431;38,527;2,398;[3  2  3  5  2  0  1  1  4  5  1  6  7  6  7  5  1  0  2  6  6  2  2  5  3  7  4  0  7  5  0  1  5  7  5  1  3  2  7  1  0  7  1  6  1  4  7  6  0  3]
657;318;2017;2983;115,208;38,527;2,399;[3  2  3  5  2  0  1  1  4  5  1  6  7  6  7  5  1  0  2  6  6  2  2  5  3  7  4  0  7  5  0  1  5  7  5  1  3  2  7  1  0  7  1  6  1  4  7  6  0  3]
658;319;2015;2985;114,682;38,585;2,386;[3  2  3  5  2  0  1  1  4  5  1  6  7  6  7  5  1  0  2  6  6  2  2  5  3  7  4  0  7  5  0  1  5  7  5  1  3  2  7  1  0  7  1  6  1  4  7  6  0  3]
659;320;2006;2994;113,470;38,675;2,363;[3  2  3  5  2  0  1  1  4  5  1  6  7  6  7  5  1  0  2  6  6  2  2  5  3  7  4  0  7  5  0  1  5  7  5  1  3  2  7  1  0  7  1  6  1  4  7  6  0  3]
660;320;1996;3004;113,270;38,689;2,369;[3  2  3  5  2  0  1  1  4  5  1  6  7  6  7  5  1  0  2  6  6  2  2  5  3  7  4  0  7  5  0  1  5  7  5  1  3  2  7  1  0  7  1  6  1  4  7  6  0  3]
661;322;1992;3008;113,817;38,690;2,370;[3  2  3  5  2  0  1  1  4  5  1  6  7  6  7  5  1  0  2  6  6  2  2  5  3  7  4  0  7  5  0  1  5  7  5  1  3  2  7  1  0  7  1  6  1  4  7  6  0  3]
662;321;1982;3018;114,460;38,691;2,374;[3  2  3  5  2  0  1  1  4  5  1  6  7  6  7  5  1  0  2  6  6  2  2  5  3  7  4  0  7  5  0  1  5  7  5  1  3  2  7  1  0  7  1  6  1  4  7  6  0  3]
663;317;1972;3028;115,064;38,689;2,391;[6  5  4  3  7  6  5  0  2  3  1  1  3  0  5  6  3  2  1  6  5  1  0  0  7  4  5  3  1  3  7  2  6  3  4  1  0  3  1  0  7  1  4  6  6  2  3  2  5  2]
664;323;1975;3025;115,318;38,720;2,378;[6  5  4  3  7  6  5  0  2  3  1  1  3  0  5  6  3  2  1  6  5  1  0  0  7  4  5  3  1  3  7  2  6  3  4  1  0  3  1  0  7  1  4  6  6  2  3  2  5  2]
665;323;1967;3033;113,150;38,697;2,390;[6  5  4  3  7  6  5  0  2  3  1  1  3  0  5  6  3  2  1  6  5  1  0  0  7  4  5  3  1  3  7  2  6  3  4  1  0  3  1  0  7  1  4  6  6  2  3  2  5  2]
666;324;1967;3033;113,229;38,707;2,398;[6  5  4  3  7  6  5  0  2  3  1  1  3  0  5  6  3  2  1  6  5  1  0  0  7  4  5  3  1  3  7  2  6  3  4  1  0  3  1  0  7  1  4  6  6  2  3  2  5  2]
667;331;1968;3032;111,188;38,707;2,390;[6  5  4  3  7  6  5  0  2  3  1  1  3  0  5  6  3  2  1  6  5  1  0  0  7  4  5  3  1  3  7  2  6  3  4  1  0  3  1  0  7  1  4  6  6  2  3  2  5  2]
668;336;1954;3046;109,755;38,796;2,363;[6  5  4  3  7  6  5  0  2  3  1  1  3  0  5  6  3  2  1  6  5  1  0  0  7  4  5  3  1  3  7  2  6  3  4  1  0  3  1  0  7  1  4  6  6  2  3  2  5  2]
669;347;1957;3043;107,039;38,796;2,352;[6  5  4  3  7  6  5  0  2  3  1  1  3  0  5  6  3  2  1  6  5  1  0  0  7  4  5  3  1  3  7  2  6  3  4  1  0  3  1  0  7  1  4  6  6  2  3  2  5  2]
670;354;1955;3045;102,997;38,796;2,345;[5  1  0  5  7  0  7  6  2  3  6  6  7  3  2  0  1  1  7  5  1  6  2  7  0  5  4  2  1  2  2  7  6  5  6  4  2  3  5  5  5  7  0  7  0  3  3  1  3  3]
671;353;1963;3037;101,819;38,809;2,351;[5  1  0  5  7  0  7  6  2  3  6  6  7  3  2  0  1  1  7  5  1  6  2  7  0  5  4  2  1  2  2  7  6  5  6  4  2  3  5  5  5  7  0  7  0  3  3  1  3  3]
672;355;1942;3058;101,063;38,787;2,363;[5  1  0  5  7  0  7  6  2  3  6  6  7  3  2  0  1  1  7  5  1  6  2  7  0  5  4  2  1  2  2  7  6  5  6  4  2  3  5  5  5  7  0  7  0  3  3  1  3  3]
673;353;1937;3063;100,413;38,822;2,365;[5  1  0  5  7  0  7  6  2  3  6  6  7  3  2  0  1  1  7  5  1  6  2  7  0  5  4  2  1  2  2  7  6  5  6  4  2  3  5  5  5  7  0  7  0  3  3  1  3  3]
674;348;1924;3076;101,344;38,891;2,374;[5  1  0  5  7  0  7  6  2  3  6  6  7  3  2  0  1  1  7  5  1  6  2  7  0  5  4  2  1  2  2  7  6  5  6  4  2  3  5  5  5  7  0  7  0  3  3  1  3  3]
675;346;1931;3069;101,831;38,968;2,373;[5  1  0  5  7  0  7  6  2  3  6  6  7  3  2  0  1  1  7  5  1  6  2  7  0  5  4  2  1  2  2  7  6  5  6  4  2  3  5  5  5  7  0  7  0  3  3  1  3  3]
676;335;1937;3063;104,533;39,119;2,409;[5  1  0  5  7  0  7  6  2  3  6  6  7  3  2  0  1  1  7  5  1  6  2  7  0  5  4  2  1  2  2  7  6  5  6  4  2  3  5  5  5  7  0  7  0  3  3  1  3  3]
677;334;1932;3068;105,367;39,336;2,401;[5  1  0  5  7  0  7  6  2  3  6  6  7  3  2  0  1  1  7  5  1  6  2  7  0  5  4  2  1  2  2  7  6  5  6  4  2  3  5  5  5  7  0  7  0  3  3  1  3  3]
678;332;1933;3067;104,227;39,327;2,413;[5  1  0  5  7  0  7  6  2  3  6  6  7  3  2  0  1  1  7  5  1  6  2  7  0  5  4  2  1  2  2  7  6  5  6  4  2  3  5  5  5  7  0  7  0  3  3  1  3  3]
679;334;1935;3065;104,043;39,302;2,413;[5  1  0  5  7  0  7  6  2  3  6  6  7  3  2  0  1  1  7  5  1  6  2  7  0  5  4  2  1  2  2  7  6  5  6  4  2  3  5  5  5  7  0  7  0  3  3  1  3  3]
680;332;1945;3055;103,826;39,408;2,422;[5  1  0  5  7  0  7  6  2  3  6  6  7  3  2  0  1  1  7  5  1  6  2  7  0  5  4  2  1  2  2  7  6  5  6  4  2  3  5  5  5  7  0  7  0  3  3  1  3  3]
681;326;1952;3048;104,213;39,584;2,396;[5  1  0  5  7  0  7  6  2  3  6  6  7  3  2  0  1  1  7  5  1  6  2  7  0  5  4  2  1  2  2  7  6  5  6  4  2  3  5  5  5  7  0  7  0  3  3  1  3  3]
682;325;1954;3046;104,486;39,812;2,345;[5  1  0  5  7  0  7  6  2  3  6  6  7  3  2  0  1  1  7  5  1  6  2  7  0  5  4  2  1  2  2  7  6  5  6  4  2  3  5  5  5  7  0  7  0  3  3  1  3  3]
683;326;1956;3044;103,742;39,806;2,340;[5  1  0  5  7  0  7  6  2  3  6  6  7  3  2  0  1  1  7  5  1  6  2  7  0  5  4  2  1  2  2  7  6  5  6  4  2  3  5  5  5  7  0  7  0  3  3  1  3  3]
684;319;1969;3031;104,937;39,871;2,351;[5  1  0  5  7  0  7  6  2  3  6  6  7  3  2  0  1  1  7  5  1  6  2  7  0  5  4  2  1  2  2  7  6  5  6  4  2  3  5  5  5  7  0  7  0  3  3  1  3  3]
685;313;1977;3023;105,721;40,096;2,326;[5  1  0  5  7  0  7  6  2  3  6  6  7  3  2  0  1  1  7  5  1  6  2  7  0  5  4  2  1  2  2  7  6  5  6  4  2  3  5  5  5  7  0  7  0  3  3  1  3  3]
686;310;1984;3016;106,857;40,139;2,319;[5  1  0  5  7  0  7  6  2  3  6  6  7  3  2  0  1  1  7  5  1  6  2  7  0  5  4  2  1  2  2  7  6  5  6  4  2  3  5  5  5  7  0  7  0  3  3  1  3  3]
687;311;2000;3000;107,098;40,168;2,315;[5  1  0  5  7  0  7  6  2  3  6  6  7  3  2  0  1  1  7  5  1  6  2  7  0  5  4  2  1  2  2  7  6  5  6  4  2  3  5  5  5  7  0  7  0  3  3  1  3  3]
688;308;1990;3010;106,230;40,193;2,334;[5  1  0  5  7  0  7  6  2  3  6  6  7  3  2  0  1  1  7  5  1  6  2  7  0  5  4  2  1  2  2  7  6  5  6  4  2  3  5  5  5  7  0  7  0  3  3  1  3  3]
689;305;1993;3007;107,343;40,271;2,321;[5  1  0  5  7  0  7  6  2  3  6  6  7  3  2  0  1  1  7  5  1  6  2  7  0  5  4  2  1  2  2  7  6  5  6  4  2  3  5  5  5  7  0  7  0  3  3  1  3  3]
690;303;1982;3018;107,857;40,298;2,330;[5  1  0  5  7  0  7  6  2  3  6  6  7  3  2  0  1  1  7  5  1  6  2  7  0  5  4  2  1  2  2  7  6  5  6  4  2  3  5  5  5  7  0  7  0  3  3  1  3  3]
691;300;2005;2995;109,848;40,298;2,347;[5  1  0  5  7  0  7  6  2  3  6  6  7  3  2  0  1  1  7  5  1  6  2  7  0  5  4  2  1  2  2  7  6  5  6  4  2  3  5  5  5  7  0  7  0  3  3  1  3  3]
692;291;2015;2985;111,747;40,514;2,351;[5  1  0  5  7  0  7  6  2  3  6  6  7  3  2  0  1  1  7  5  1  6  2  7  0  5  4  2  1  2  2  7  6  5  6  4  2  3  5  5  5  7  0  7  0  3  3  1  3  3]
693;295;2014;2986;111,419;40,526;2,339;[5  1  0  5  7  0  7  6  2  3  6  6  7  3  2  0  1  1  7  5  1  6  2  7  0  5  4  2  1  2  2  7  6  5  6  4  2  3  5  5  5  7  0  7  0  3  3  1  3  3]
694;299;2012;2988;110,514;40,511;2,348;[5  1  0  5  7  0  7  6  2  3  6  6  7  3  2  0  1  1  7  5  1  6  2  7  0  5  4  2  1  2  2  7  6  5  6  4  2  3  5  5  5  7  0  7  0  3  3  1  3  3]
695;296;2014;2986;110,000;40,614;2,314;[5  1  0  5  7  0  7  6  2  3  6  6  7  3  2  0  1  1  7  5  1  6  2  7  0  5  4  2  1  2  2  7  6  5  6  4  2  3  5  5  5  7  0  7  0  3  3  1  3  3]
696;298;2012;2988;110,000;40,627;2,312;[5  1  0  5  7  0  7  6  2  3  6  6  7  3  2  0  1  1  7  5  1  6  2  7  0  5  4  2  1  2  2  7  6  5  6  4  2  3  5  5  5  7  0  7  0  3  3  1  3  3]
697;305;2011;2989;109,459;40,699;2,292;[5  1  0  5  7  0  7  6  2  3  6  6  7  3  2  0  1  1  7  5  1  6  2  7  0  5  4  2  1  2  2  7  6  5  6  4  2  3  5  5  5  7  0  7  0  3  3  1  3  3]
698;307;2006;2994;107,046;40,685;2,296;[5  1  0  5  7  0  7  6  2  3  6  6  7  3  2  0  1  1  7  5  1  6  2  7  0  5  4  2  1  2  2  7  6  5  6  4  2  3  5  5  5  7  0  7  0  3  3  1  3  3]
699;304;2009;2991;108,317;40,678;2,309;[5  1  0  5  7  0  7  6  2  3  6  6  7  3  2  0  1  1  7  5  1  6  2  7  0  5  4  2  1  2  2  7  6  5  6  4  2  3  5  5  5  7  0  7  0  3  3  1  3  3]
700;306;2004;2996;107,807;40,701;2,317;[5  1  0  5  7  0  7  6  2  3  6  6  7  3  2  0  1  1  7  5  1  6  2  7  0  5  4  2  1  2  2  7  6  5  6  4  2  3  5  5  5  7  0  7  0  3  3  1  3  3]
701;310;2022;2978;107,327;40,754;2,323;[5  1  0  5  7  0  7  6  2  3  6  6  7  3  2  0  1  1  7  5  1  6  2  7  0  5  4  2  1  2  2  7  6  5  6  4  2  3  5  5  5  7  0  7  0  3  3  1  3  3]
702;318;2020;2980;104,659;40,750;2,321;[5  1  0  5  7  0  7  6  2  3  6  6  7  3  2  0  1  1  7  5  1  6  2  7  0  5  4  2  1  2  2  7  6  5  6  4  2  3  5  5  5  7  0  7  0  3  3  1  3  3]
703;317;2027;2973;102,627;40,803;2,315;[5  1  0  5  7  0  7  6  2  3  6  6  7  3  2  0  1  1  7  5  1  6  2  7  0  5  4  2  1  2  2  7  6  5  6  4  2  3  5  5  5  7  0  7  0  3  3  1  3  3]
704;317;2019;2981;102,070;41,016;2,293;[5  1  0  5  7  0  7  6  2  3  6  6  7  3  2  0  1  1  7  5  1  6  2  7  0  5  4  2  1  2  2  7  6  5  6  4  2  3  5  5  5  7  0  7  0  3  3  1  3  3]
705;316;2029;2971;103,215;41,115;2,291;[5  1  0  5  7  0  7  6  2  3  6  6  7  3  2  0  1  1  7  5  1  6  2  7  0  5  4  2  1  2  2  7  6  5  6  4  2  3  5  5  5  7  0  7  0  3  3  1  3  3]
706;318;2029;2971;103,220;41,160;2,302;[5  1  0  5  7  0  7  6  2  3  6  6  7  3  2  0  1  1  7  5  1  6  2  7  0  5  4  2  1  2  2  7  6  5  6  4  2  3  5  5  5  7  0  7  0  3  3  1  3  3]
707;316;2027;2973;101,433;41,175;2,304;[5  1  0  5  7  0  7  6  2  3  6  6  7  3  2  0  1  1  7  5  1  6  2  7  0  5  4  2  1  2  2  7  6  5  6  4  2  3  5  5  5  7  0  7  0  3  3  1  3  3]
708;315;2017;2983;101,306;41,164;2,311;[5  1  0  5  7  0  7  6  2  3  6  6  7  3  2  0  1  1  7  5  1  6  2  7  0  5  4  2  1  2  2  7  6  5  6  4  2  3  5  5  5  7  0  7  0  3  3  1  3  3]
709;312;2021;2979;103,204;41,222;2,314;[5  1  0  5  7  0  7  6  2  3  6  6  7  3  2  0  1  1  7  5  1  6  2  7  0  5  4  2  1  2  2  7  6  5  6  4  2  3  5  5  5  7  0  7  0  3  3  1  3  3]
710;313;2022;2978;103,198;41,185;2,323;[5  1  0  5  7  0  7  6  2  3  6  6  7  3  2  0  1  1  7  5  1  6  2  7  0  5  4  2  1  2  2  7  6  5  6  4  2  3  5  5  5  7  0  7  0  3  3  1  3  3]
711;311;2025;2975;102,355;41,186;2,322;[5  1  0  5  7  0  7  6  2  3  6  6  7  3  2  0  1  1  7  5  1  6  2  7  0  5  4  2  1  2  2  7  6  5  6  4  2  3  5  5  5  7  0  7  0  3  3  1  3  3]
712;308;2026;2974;103,382;41,211;2,331;[5  1  0  5  7  0  7  6  2  3  6  6  7  3  2  0  1  1  7  5  1  6  2  7  0  5  4  2  1  2  2  7  6  5  6  4  2  3  5  5  5  7  0  7  0  3  3  1  3  3]
713;311;2015;2985;103,235;41,250;2,322;[5  1  0  5  7  0  7  6  2  3  6  6  7  3  2  0  1  1  7  5  1  6  2  7  0  5  4  2  1  2  2  7  6  5  6  4  2  3  5  5  5  7  0  7  0  3  3  1  3  3]
714;311;2022;2978;104,703;41,264;2,338;[5  1  0  5  7  0  7  6  2  3  6  6  7  3  2  0  1  1  7  5  1  6  2  7  0  5  4  2  1  2  2  7  6  5  6  4  2  3  5  5  5  7  0  7  0  3  3  1  3  3]
715;314;2022;2978;102,282;41,299;2,338;[5  1  0  5  7  0  7  6  2  3  6  6  7  3  2  0  1  1  7  5  1  6  2  7  0  5  4  2  1  2  2  7  6  5  6  4  2  3  5  5  5  7  0  7  0  3  3  1  3  3]
716;313;2031;2969;102,468;41,339;2,348;[5  1  0  5  7  0  7  6  2  3  6  6  7  3  2  0  1  1  7  5  1  6  2  7  0  5  4  2  1  2  2  7  6  5  6  4  2  3  5  5  5  7  0  7  0  3  3  1  3  3]
717;316;2033;2967;101,570;41,318;2,361;[5  1  0  5  7  0  7  6  2  3  6  6  7  3  2  0  1  1  7  5  1  6  2  7  0  5  4  2  1  2  2  7  6  5  6  4  2  3  5  5  5  7  0  7  0  3  3  1  3  3]
718;320;2031;2969;101,000;41,317;2,366;[5  1  0  5  7  0  7  6  2  3  6  6  7  3  2  0  1  1  7  5  1  6  2  7  0  5  4  2  1  2  2  7  6  5  6  4  2  3  5  5  5  7  0  7  0  3  3  1  3  3]
719;312;2044;2956;100,935;41,562;2,356;[5  1  0  5  7  0  7  6  2  3  6  6  7  3  2  0  1  1  7  5  1  6  2  7  0  5  4  2  1  2  2  7  6  5  6  4  2  3  5  5  5  7  0  7  0  3  3  1  3  3]
720;314;2031;2969;100,145;41,556;2,363;[5  1  0  5  7  0  7  6  2  3  6  6  7  3  2  0  1  1  7  5  1  6  2  7  0  5  4  2  1  2  2  7  6  5  6  4  2  3  5  5  5  7  0  7  0  3  3  1  3  3]
721;310;2044;2956;100,939;41,724;2,352;[5  1  0  5  7  0  7  6  2  3  6  6  7  3  2  0  1  1  7  5  1  6  2  7  0  5  4  2  1  2  2  7  6  5  6  4  2  3  5  5  5  7  0  7  0  3  3  1  3  3]
722;314;2053;2947;100,814;41,771;2,344;[5  1  0  5  7  0  7  6  2  3  6  6  7  3  2  0  1  1  7  5  1  6  2  7  0  5  4  2  1  2  2  7  6  5  6  4  2  3  5  5  5  7  0  7  0  3  3  1  3  3]
723;317;2045;2955;98,339;41,786;2,338;[5  1  0  5  7  0  7  6  2  3  6  6  7  3  2  0  1  1  7  5  1  6  2  7  0  5  4  2  1  2  2  7  6  5  6  4  2  3  5  5  5  7  0  7  0  3  3  1  3  3]
724;312;2040;2960;99,790;41,895;2,369;[5  1  0  5  7  0  7  6  2  3  6  6  7  3  2  0  1  1  7  5  1  6  2  7  0  5  4  2  1  2  2  7  6  5  6  4  2  3  5  5  5  7  0  7  0  3  3  1  3  3]
725;310;2046;2954;100,211;41,976;2,371;[5  1  0  5  7  0  7  6  2  3  6  6  7  3  2  0  1  1  7  5  1  6  2  7  0  5  4  2  1  2  2  7  6  5  6  4  2  3  5  5  5  7  0  7  0  3  3  1  3  3]
726;310;2045;2955;100,114;41,969;2,381;[5  1  0  5  7  0  7  6  2  3  6  6  7  3  2  0  1  1  7  5  1  6  2  7  0  5  4  2  1  2  2  7  6  5  6  4  2  3  5  5  5  7  0  7  0  3  3  1  3  3]
727;312;2051;2949;99,724;42,010;2,372;[5  1  0  5  7  0  7  6  2  3  6  6  7  3  2  0  1  1  7  5  1  6  2  7  0  5  4  2  1  2  2  7  6  5  6  4  2  3  5  5  5  7  0  7  0  3  3  1  3  3]
728;313;2052;2948;99,302;42,132;2,355;[5  1  0  5  7  0  7  6  2  3  6  6  7  3  2  0  1  1  7  5  1  6  2  7  0  5  4  2  1  2  2  7  6  5  6  4  2  3  5  5  5  7  0  7  0  3  3  1  3  3]
729;318;2050;2950;97,540;42,132;2,349;[5  1  0  5  7  0  7  6  2  3  6  6  7  3  2  0  1  1  7  5  1  6  2  7  0  5  4  2  1  2  2  7  6  5  6  4  2  3  5  5  5  7  0  7  0  3  3  1  3  3]
730;318;2048;2952;97,428;42,115;2,365;[5  1  0  5  7  0  7  6  2  3  6  6  7  3  2  0  1  1  7  5  1  6  2  7  0  5  4  2  1  2  2  7  6  5  6  4  2  3  5  5  5  7  0  7  0  3  3  1  3  3]
731;311;2061;2939;98,896;42,200;2,392;[5  1  0  5  7  0  7  6  2  3  6  6  7  3  2  0  1  1  7  5  1  6  2  7  0  5  4  2  1  2  2  7  6  5  6  4  2  3  5  5  5  7  0  7  0  3  3  1  3  3]
732;310;2066;2934;98,453;42,405;2,368;[5  1  0  5  7  0  7  6  2  3  6  6  7  3  2  0  1  1  7  5  1  6  2  7  0  5  4  2  1  2  2  7  6  5  6  4  2  3  5  5  5  7  0  7  0  3  3  1  3  3]
733;309;2070;2930;98,094;42,399;2,375;[5  1  0  5  7  0  7  6  2  3  6  6  7  3  2  0  1  1  7  5  1  6  2  7  0  5  4  2  1  2  2  7  6  5  6  4  2  3  5  5  5  7  0  7  0  3  3  1  3  3]
734;311;2065;2935;97,785;42,426;2,379;[5  1  0  5  7  0  7  6  2  3  6  6  7  3  2  0  1  1  7  5  1  6  2  7  0  5  4  2  1  2  2  7  6  5  6  4  2  3  5  5  5  7  0  7  0  3  3  1  3  3]
735;312;2053;2947;97,597;42,492;2,375;[5  1  0  5  7  0  7  6  2  3  6  6  7  3  2  0  1  1  7  5  1  6  2  7  0  5  4  2  1  2  2  7  6  5  6  4  2  3  5  5  5  7  0  7  0  3  3  1  3  3]
736;315;2063;2937;98,693;42,497;2,384;[5  1  0  5  7  0  7  6  2  3  6  6  7  3  2  0  1  1  7  5  1  6  2  7  0  5  4  2  1  2  2  7  6  5  6  4  2  3  5  5  5  7  0  7  0  3  3  1  3  3]
737;314;2066;2934;97,468;42,600;2,360;[5  1  0  5  7  0  7  6  2  3  6  6  7  3  2  0  1  1  7  5  1  6  2  7  0  5  4  2  1  2  2  7  6  5  6  4  2  3  5  5  5  7  0  7  0  3  3  1  3  3]
738;318;2072;2928;97,192;42,681;2,349;[5  1  0  5  7  0  7  6  2  3  6  6  7  3  2  0  1  1  7  5  1  6  2  7  0  5  4  2  1  2  2  7  6  5  6  4  2  3  5  5  5  7  0  7  0  3  3  1  3  3]
739;317;2072;2928;95,529;42,668;2,366;[5  1  0  5  7  0  7  6  2  3  6  6  7  3  2  0  1  1  7  5  1  6  2  7  0  5  4  2  1  2  2  7  6  5  6  4  2  3  5  5  5  7  0  7  0  3  3  1  3  3]
740;318;2067;2933;94,429;42,660;2,371;[5  1  0  5  7  0  7  6  2  3  6  6  7  3  2  0  1  1  7  5  1  6  2  7  0  5  4  2  1  2  2  7  6  5  6  4  2  3  5  5  5  7  0  7  0  3  3  1  3  3]
741;314;2060;2940;95,643;42,802;2,385;[5  1  0  5  7  0  7  6  2  3  6  6  7  3  2  0  1  1  7  5  1  6  2  7  0  5  4  2  1  2  2  7  6  5  6  4  2  3  5  5  5  7  0  7  0  3  3  1  3  3]
742;314;2055;2945;96,737;43,003;2,328;[5  1  0  5  7  0  7  6  2  3  6  6  7  3  2  0  1  1  7  5  1  6  2  7  0  5  4  2  1  2  2  7  6  5  6  4  2  3  5  5  5  7  0  7  0  3  3  1  3  3]
743;315;2047;2953;96,226;43,001;2,340;[5  1  0  5  7  0  7  6  2  3  6  6  7  3  2  0  1  1  7  5  1  6  2  7  0  5  4  2  1  2  2  7  6  5  6  4  2  3  5  5  5  7  0  7  0  3  3  1  3  3]
744;314;2061;2939;95,833;43,025;2,347;[6  5  4  3  7  6  5  0  2  3  1  1  3  0  5  6  3  2  1  6  5  1  0  0  7  4  5  3  1  3  7  2  6  3  4  1  0  3  1  0  7  1  4  6  6  2  3  2  5  2]
745;310;2069;2931;96,201;43,064;2,361;[6  5  4  3  7  6  5  0  2  3  1  1  3  0  5  6  3  2  1  6  5  1  0  0  7  4  5  3  1  3  7  2  6  3  4  1  0  3  1  0  7  1  4  6  6  2  3  2  5  2]
746;309;2072;2928;96,307;43,169;2,350;[6  5  4  3  7  6  5  0  2  3  1  1  3  0  5  6  3  2  1  6  5  1  0  0  7  4  5  3  1  3  7  2  6  3  4  1  0  3  1  0  7  1  4  6  6  2  3  2  5  2]
747;305;2081;2919;96,694;43,176;2,361;[6  5  4  3  7  6  5  0  2  3  1  1  3  0  5  6  3  2  1  6  5  1  0  0  7  4  5  3  1  3  7  2  6  3  4  1  0  3  1  0  7  1  4  6  6  2  3  2  5  2]
748;302;2065;2935;97,793;43,203;2,381;[6  5  4  3  7  6  5  0  2  3  1  1  3  0  5  6  3  2  1  6  5  1  0  0  7  4  5  3  1  3  7  2  6  3  4  1  0  3  1  0  7  1  4  6  6  2  3  2  5  2]
749;296;2064;2936;100,631;43,412;2,311;[6  5  4  3  7  6  5  0  2  3  1  1  3  0  5  6  3  2  1  6  5  1  0  0  7  4  5  3  1  3  7  2  6  3  4  1  0  3  1  0  7  1  4  6  6  2  3  2  5  2]
750;294;2061;2939;100,802;43,428;2,320;[6  5  4  3  7  6  5  0  2  3  1  1  3  0  5  6  3  2  1  6  5  1  0  0  7  4  5  3  1  3  7  2  6  3  4  1  0  3  1  0  7  1  4  6  6  2  3  2  5  2]
751;294;2052;2948;102,121;43,414;2,330;[6  5  4  3  7  6  5  0  2  3  1  1  3  0  5  6  3  2  1  6  5  1  0  0  7  4  5  3  1  3  7  2  6  3  4  1  0  3  1  0  7  1  4  6  6  2  3  2  5  2]
752;295;2060;2940;101,706;43,405;2,336;[6  5  4  3  7  6  5  0  2  3  1  1  3  0  5  6  3  2  1  6  5  1  0  0  7  4  5  3  1  3  7  2  6  3  4  1  0  3  1  0  7  1  4  6  6  2  3  2  5  2]
753;292;2066;2934;102,113;43,404;2,342;[6  5  4  3  7  6  5  0  2  3  1  1  3  0  5  6  3  2  1  6  5  1  0  0  7  4  5  3  1  3  7  2  6  3  4  1  0  3  1  0  7  1  4  6  6  2  3  2  5  2]
754;291;2067;2933;103,021;43,518;2,296;[6  5  4  3  7  6  5  0  2  3  1  1  3  0  5  6  3  2  1  6  5  1  0  0  7  4  5  3  1  3  7  2  6  3  4  1  0  3  1  0  7  1  4  6  6  2  3  2  5  2]
755;292;2068;2932;102,820;43,510;2,298;[6  5  4  3  7  6  5  0  2  3  1  1  3  0  5  6  3  2  1  6  5  1  0  0  7  4  5  3  1  3  7  2  6  3  4  1  0  3  1  0  7  1  4  6  6  2  3  2  5  2]
756;290;2070;2930;103,316;43,520;2,307;[6  5  4  3  7  6  5  0  2  3  1  1  3  0  5  6  3  2  1  6  5  1  0  0  7  4  5  3  1  3  7  2  6  3  4  1  0  3  1  0  7  1  4  6  6  2  3  2  5  2]
757;286;2078;2922;104,509;43,572;2,329;[6  5  4  3  7  6  5  0  2  3  1  1  3  0  5  6  3  2  1  6  5  1  0  0  7  4  5  3  1  3  7  2  6  3  4  1  0  3  1  0  7  1  4  6  6  2  3  2  5  2]
758;287;2084;2916;105,461;43,574;2,345;[6  5  4  3  7  6  5  0  2  3  1  1  3  0  5  6  3  2  1  6  5  1  0  0  7  4  5  3  1  3  7  2  6  3  4  1  0  3  1  0  7  1  4  6  6  2  3  2  5  2]
759;286;2094;2906;105,461;43,599;2,357;[6  5  4  3  7  6  5  0  2  3  1  1  3  0  5  6  3  2  1  6  5  1  0  0  7  4  5  3  1  3  7  2  6  3  4  1  0  3  1  0  7  1  4  6  6  2  3  2  5  2]
760;283;2101;2899;105,623;43,604;2,371;[0  2  2  7  5  1  5  2  1  4  4  1  5  5  5  1  7  3  0  5  1  3  7  2  3  3  3  6  1  3  0  1  5  1  2  2  7  0  6  7  2  2  0  7  7  0  1  5  2  7]
761;284;2103;2897;105,587;43,611;2,377;[0  2  2  7  5  1  5  2  1  4  4  1  5  5  5  1  7  3  0  5  1  3  7  2  3  3  3  6  1  3  0  1  5  1  2  2  7  0  6  7  2  2  0  7  7  0  1  5  2  7]
762;284;2114;2886;105,443;43,644;2,370;[0  2  2  7  5  1  5  2  1  4  4  1  5  5  5  1  7  3  0  5  1  3  7  2  3  3  3  6  1  3  0  1  5  1  2  2  7  0  6  7  2  2  0  7  7  0  1  5  2  7]
763;287;2112;2888;106,308;43,650;2,373;[0  2  2  7  5  1  5  2  1  4  4  1  5  5  5  1  7  3  0  5  1  3  7  2  3  3  3  6  1  3  0  1  5  1  2  2  7  0  6  7  2  2  0  7  7  0  1  5  2  7]
764;285;2111;2889;105,656;43,625;2,396;[0  2  2  7  5  1  5  2  1  4  4  1  5  5  5  1  7  3  0  5  1  3  7  2  3  3  3  6  1  3  0  1  5  1  2  2  7  0  6  7  2  2  0  7  7  0  1  5  2  7]
765;284;2114;2886;106,406;43,681;2,408;[0  2  2  7  5  1  5  2  1  4  4  1  5  5  5  1  7  3  0  5  1  3  7  2  3  3  3  6  1  3  0  1  5  1  2  2  7  0  6  7  2  2  0  7  7  0  1  5  2  7]
766;283;2128;2872;106,206;43,700;2,406;[0  2  2  7  5  1  5  2  1  4  4  1  5  5  5  1  7  3  0  5  1  3  7  2  3  3  3  6  1  3  0  1  5  1  2  2  7  0  6  7  2  2  0  7  7  0  1  5  2  7]
767;287;2133;2867;105,406;43,700;2,401;[0  2  2  7  5  1  5  2  1  4  4  1  5  5  5  1  7  3  0  5  1  3  7  2  3  3  3  6  1  3  0  1  5  1  2  2  7  0  6  7  2  2  0  7  7  0  1  5  2  7]
768;286;2135;2865;105,442;43,764;2,395;[0  2  2  7  5  1  5  2  1  4  4  1  5  5  5  1  7  3  0  5  1  3  7  2  3  3  3  6  1  3  0  1  5  1  2  2  7  0  6  7  2  2  0  7  7  0  1  5  2  7]
769;287;2120;2880;105,264;43,926;2,369;[0  2  2  7  5  1  5  2  1  4  4  1  5  5  5  1  7  3  0  5  1  3  7  2  3  3  3  6  1  3  0  1  5  1  2  2  7  0  6  7  2  2  0  7  7  0  1  5  2  7]
770;288;2120;2880;107,092;43,958;2,382;[0  2  2  7  5  1  5  2  1  4  4  1  5  5  5  1  7  3  0  5  1  3  7  2  3  3  3  6  1  3  0  1  5  1  2  2  7  0  6  7  2  2  0  7  7  0  1  5  2  7]
771;290;2129;2871;106,655;44,065;2,352;[0  2  2  7  5  1  5  2  1  4  4  1  5  5  5  1  7  3  0  5  1  3  7  2  3  3  3  6  1  3  0  1  5  1  2  2  7  0  6  7  2  2  0  7  7  0  1  5  2  7]
772;290;2134;2866;105,348;44,059;2,362;[0  2  2  7  5  1  5  2  1  4  4  1  5  5  5  1  7  3  0  5  1  3  7  2  3  3  3  6  1  3  0  1  5  1  2  2  7  0  6  7  2  2  0  7  7  0  1  5  2  7]
773;288;2120;2880;105,682;44,088;2,365;[0  2  2  7  5  1  5  2  1  4  4  1  5  5  5  1  7  3  0  5  1  3  7  2  3  3  3  6  1  3  0  1  5  1  2  2  7  0  6  7  2  2  0  7  7  0  1  5  2  7]
774;290;2115;2885;106,289;44,086;2,369;[0  2  2  7  5  1  5  2  1  4  4  1  5  5  5  1  7  3  0  5  1  3  7  2  3  3  3  6  1  3  0  1  5  1  2  2  7  0  6  7  2  2  0  7  7  0  1  5  2  7]
775;289;2126;2874;107,150;44,072;2,388;[0  2  2  7  5  1  5  2  1  4  4  1  5  5  5  1  7  3  0  5  1  3  7  2  3  3  3  6  1  3  0  1  5  1  2  2  7  0  6  7  2  2  0  7  7  0  1  5  2  7]
776;289;2124;2876;107,193;44,347;2,311;[0  2  2  7  5  1  5  2  1  4  4  1  5  5  5  1  7  3  0  5  1  3  7  2  3  3  3  6  1  3  0  1  5  1  2  2  7  0  6  7  2  2  0  7  7  0  1  5  2  7]
777;295;2136;2864;106,441;44,363;2,305;[0  2  2  7  5  1  5  2  1  4  4  1  5  5  5  1  7  3  0  5  1  3  7  2  3  3  3  6  1  3  0  1  5  1  2  2  7  0  6  7  2  2  0  7  7  0  1  5  2  7]
778;297;2130;2870;104,215;44,403;2,293;[0  2  2  7  5  1  5  2  1  4  4  1  5  5  5  1  7  3  0  5  1  3  7  2  3  3  3  6  1  3  0  1  5  1  2  2  7  0  6  7  2  2  0  7  7  0  1  5  2  7]
779;296;2138;2862;105,361;44,454;2,311;[5  1  0  3  2  1  5  7  2  4  6  5  6  0  3  6  4  3  3  5  6  4  3  5  0  7  2  5  1  3  7  2  7  5  4  5  7  7  0  3  6  4  4  5  1  2  1  2  5  1]
780;303;2146;2854;103,678;44,512;2,294;[5  1  0  3  2  1  5  7  2  4  6  5  6  0  3  6  4  3  3  5  6  4  3  5  0  7  2  5  1  3  7  2  7  5  4  5  7  7  0  3  6  4  4  5  1  2  1  2  5  1]
781;304;2151;2849;102,315;44,576;2,283;[5  1  0  3  2  1  5  7  2  4  6  5  6  0  3  6  4  3  3  5  6  4  3  5  0  7  2  5  1  3  7  2  7  5  4  5  7  7  0  3  6  4  4  5  1  2  1  2  5  1]
782;305;2149;2851;102,441;44,566;2,315;[5  1  0  3  2  1  5  7  2  4  6  5  6  0  3  6  4  3  3  5  6  4  3  5  0  7  2  5  1  3  7  2  7  5  4  5  7  7  0  3  6  4  4  5  1  2  1  2  5  1]
783;311;2139;2861;101,229;44,598;2,305;[5  1  0  3  2  1  5  7  2  4  6  5  6  0  3  6  4  3  3  5  6  4  3  5  0  7  2  5  1  3  7  2  7  5  4  5  7  7  0  3  6  4  4  5  1  2  1  2  5  1]
784;312;2135;2865;99,078;44,597;2,311;[3  7  7  0  1  0  1  2  7  6  7  5  5  4  3  4  2  5  5  2  4  5  2  4  6  5  6  5  4  0  7  7  5  7  5  5  1  4  7  4  2  2  7  4  1  3  5  6  1  1]
785;321;2138;2862;98,173;44,597;2,302;[3  7  7  0  1  0  1  2  7  6  7  5  5  4  3  4  2  5  5  2  4  5  2  4  6  5  6  5  4  0  7  7  5  7  5  5  1  4  7  4  2  2  7  4  1  3  5  6  1  1]
786;322;2130;2870;95,991;44,591;2,304;[3  7  7  0  1  0  1  2  7  6  7  5  5  4  3  4  2  5  5  2  4  5  2  4  6  5  6  5  4  0  7  7  5  7  5  5  1  4  7  4  2  2  7  4  1  3  5  6  1  1]
787;322;2124;2876;96,085;44,608;2,292;[3  7  7  0  1  0  1  2  7  6  7  5  5  4  3  4  2  5  5  2  4  5  2  4  6  5  6  5  4  0  7  7  5  7  5  5  1  4  7  4  2  2  7  4  1  3  5  6  1  1]
788;327;2122;2878;96,085;44,640;2,278;[3  7  7  0  1  0  1  2  7  6  7  5  5  4  3  4  2  5  5  2  4  5  2  4  6  5  6  5  4  0  7  7  5  7  5  5  1  4  7  4  2  2  7  4  1  3  5  6  1  1]
789;332;2106;2894;93,543;44,630;2,277;[3  7  7  0  1  0  1  2  7  6  7  5  5  4  3  4  2  5  5  2  4  5  2  4  6  5  6  5  4  0  7  7  5  7  5  5  1  4  7  4  2  2  7  4  1  3  5  6  1  1]
790;334;2086;2914;93,593;44,593;2,290;[3  7  7  0  1  0  1  2  7  6  7  5  5  4  3  4  2  5  5  2  4  5  2  4  6  5  6  5  4  0  7  7  5  7  5  5  1  4  7  4  2  2  7  4  1  3  5  6  1  1]
791;338;2085;2915;93,242;44,554;2,302;[3  7  7  0  1  0  1  2  7  6  7  5  5  4  3  4  2  5  5  2  4  5  2  4  6  5  6  5  4  0  7  7  5  7  5  5  1  4  7  4  2  2  7  4  1  3  5  6  1  1]
792;340;2083;2917;91,997;44,587;2,318;[3  7  7  0  1  0  1  2  7  6  7  5  5  4  3  4  2  5  5  2  4  5  2  4  6  5  6  5  4  0  7  7  5  7  5  5  1  4  7  4  2  2  7  4  1  3  5  6  1  1]
793;340;2065;2935;90,237;44,589;2,321;[3  7  7  0  1  0  1  2  7  6  7  5  5  4  3  4  2  5  5  2  4  5  2  4  6  5  6  5  4  0  7  7  5  7  5  5  1  4  7  4  2  2  7  4  1  3  5  6  1  1]
794;337;2055;2945;91,557;44,649;2,332;[3  7  7  0  1  0  1  2  7  6  7  5  5  4  3  4  2  5  5  2  4  5  2  4  6  5  6  5  4  0  7  7  5  7  5  5  1  4  7  4  2  2  7  4  1  3  5  6  1  1]
795;336;2046;2954;91,497;44,637;2,330;[3  7  7  0  1  0  1  2  7  6  7  5  5  4  3  4  2  5  5  2  4  5  2  4  6  5  6  5  4  0  7  7  5  7  5  5  1  4  7  4  2  2  7  4  1  3  5  6  1  1]
796;337;2034;2966;91,667;44,638;2,332;[3  7  7  0  1  0  1  2  7  6  7  5  5  4  3  4  2  5  5  2  4  5  2  4  6  5  6  5  4  0  7  7  5  7  5  5  1  4  7  4  2  2  7  4  1  3  5  6  1  1]
797;333;2022;2978;92,827;44,639;2,333;[3  7  7  0  1  0  1  2  7  6  7  5  5  4  3  4  2  5  5  2  4  5  2  4  6  5  6  5  4  0  7  7  5  7  5  5  1  4  7  4  2  2  7  4  1  3  5  6  1  1]
798;328;2012;2988;93,502;44,613;2,354;[3  7  7  0  1  0  1  2  7  6  7  5  5  4  3  4  2  5  5  2  4  5  2  4  6  5  6  5  4  0  7  7  5  7  5  5  1  4  7  4  2  2  7  4  1  3  5  6  1  1]
799;331;2010;2990;93,834;44,639;2,347;[3  7  7  0  1  0  1  2  7  6  7  5  5  4  3  4  2  5  5  2  4  5  2  4  6  5  6  5  4  0  7  7  5  7  5  5  1  4  7  4  2  2  7  4  1  3  5  6  1  1]
800;326;1997;3003;94,105;44,631;2,374;[3  7  7  0  1  0  1  2  7  6  7  5  5  4  3  4  2  5  5  2  4  5  2  4  6  5  6  5  4  0  7  7  5  7  5  5  1  4  7  4  2  2  7  4  1  3  5  6  1  1]
801;327;2003;2997;94,922;44,658;2,376;[3  7  7  0  1  0  1  2  7  6  7  5  5  4  3  4  2  5  5  2  4  5  2  4  6  5  6  5  4  0  7  7  5  7  5  5  1  4  7  4  2  2  7  4  1  3  5  6  1  1]
802;329;1996;3004;93,144;44,649;2,377;[3  7  7  0  1  0  1  2  7  6  7  5  5  4  3  4  2  5  5  2  4  5  2  4  6  5  6  5  4  0  7  7  5  7  5  5  1  4  7  4  2  2  7  4  1  3  5  6  1  1]
803;330;1997;3003;93,354;44,707;2,379;[3  7  7  0  1  0  1  2  7  6  7  5  5  4  3  4  2  5  5  2  4  5  2  4  6  5  6  5  4  0  7  7  5  7  5  5  1  4  7  4  2  2  7  4  1  3  5  6  1  1]
804;330;1991;3009;92,355;44,708;2,373;[3  7  7  0  1  0  1  2  7  6  7  5  5  4  3  4  2  5  5  2  4  5  2  4  6  5  6  5  4  0  7  7  5  7  5  5  1  4  7  4  2  2  7  4  1  3  5  6  1  1]
805;332;1998;3002;93,071;44,693;2,383;[3  7  7  0  1  0  1  2  7  6  7  5  5  4  3  4  2  5  5  2  4  5  2  4  6  5  6  5  4  0  7  7  5  7  5  5  1  4  7  4  2  2  7  4  1  3  5  6  1  1]
806;331;1995;3005;91,529;44,720;2,384;[3  7  7  0  1  0  1  2  7  6  7  5  5  4  3  4  2  5  5  2  4  5  2  4  6  5  6  5  4  0  7  7  5  7  5  5  1  4  7  4  2  2  7  4  1  3  5  6  1  1]
807;328;2000;3000;91,534;44,761;2,372;[3  7  7  0  1  0  1  2  7  6  7  5  5  4  3  4  2  5  5  2  4  5  2  4  6  5  6  5  4  0  7  7  5  7  5  5  1  4  7  4  2  2  7  4  1  3  5  6  1  1]
808;330;1992;3008;91,749;44,751;2,376;[3  7  7  0  1  0  1  2  7  6  7  5  5  4  3  4  2  5  5  2  4  5  2  4  6  5  6  5  4  0  7  7  5  7  5  5  1  4  7  4  2  2  7  4  1  3  5  6  1  1]
809;330;1990;3010;90,920;44,766;2,376;[3  7  7  0  1  0  1  2  7  6  7  5  5  4  3  4  2  5  5  2  4  5  2  4  6  5  6  5  4  0  7  7  5  7  5  5  1  4  7  4  2  2  7  4  1  3  5  6  1  1]
810;331;1986;3014;90,613;44,767;2,375;[3  7  7  0  1  0  1  2  7  6  7  5  5  4  3  4  2  5  5  2  4  5  2  4  6  5  6  5  4  0  7  7  5  7  5  5  1  4  7  4  2  2  7  4  1  3  5  6  1  1]
811;335;1971;3029;89,848;44,760;2,367;[3  7  7  0  1  0  1  2  7  6  7  5  5  4  3  4  2  5  5  2  4  5  2  4  6  5  6  5  4  0  7  7  5  7  5  5  1  4  7  4  2  2  7  4  1  3  5  6  1  1]
812;333;1973;3027;89,561;44,769;2,384;[3  7  7  0  1  0  1  2  7  6  7  5  5  4  3  4  2  5  5  2  4  5  2  4  6  5  6  5  4  0  7  7  5  7  5  5  1  4  7  4  2  2  7  4  1  3  5  6  1  1]
813;334;1969;3031;89,832;44,907;2,377;[3  7  7  0  1  0  1  2  7  6  7  5  5  4  3  4  2  5  5  2  4  5  2  4  6  5  6  5  4  0  7  7  5  7  5  5  1  4  7  4  2  2  7  4  1  3  5  6  1  1]
814;327;1974;3026;90,154;44,921;2,394;[3  7  7  0  1  0  1  2  7  6  7  5  5  4  3  4  2  5  5  2  4  5  2  4  6  5  6  5  4  0  7  7  5  7  5  5  1  4  7  4  2  2  7  4  1  3  5  6  1  1]
815;327;1965;3035;89,815;44,987;2,364;[3  7  7  0  1  0  1  2  7  6  7  5  5  4  3  4  2  5  5  2  4  5  2  4  6  5  6  5  4  0  7  7  5  7  5  5  1  4  7  4  2  2  7  4  1  3  5  6  1  1]
816;327;1965;3035;90,139;45,124;2,327;[3  7  7  0  1  0  1  2  7  6  7  5  5  4  3  4  2  5  5  2  4  5  2  4  6  5  6  5  4  0  7  7  5  7  5  5  1  4  7  4  2  2  7  4  1  3  5  6  1  1]
817;328;1966;3034;88,957;45,125;2,329;[0  7  6  6  2  1  3  7  3  7  5  4  7  4  0  3  0  1  6  3  6  7  1  7  1  2  2  3  4  4  7  2  3  5  4  0  7  3  7  3  0  0  0  3  3  3  6  2  2  7]
818;328;1967;3033;89,612;45,159;2,341;[0  7  6  6  2  1  3  7  3  7  5  4  7  4  0  3  0  1  6  3  6  7  1  7  1  2  2  3  4  4  7  2  3  5  4  0  7  3  7  3  0  0  0  3  3  3  6  2  2  7]
819;323;1963;3037;90,063;45,390;2,313;[0  7  6  6  2  1  3  7  3  7  5  4  7  4  0  3  0  1  6  3  6  7  1  7  1  2  2  3  4  4  7  2  3  5  4  0  7  3  7  3  0  0  0  3  3  3  6  2  2  7]
820;322;1952;3048;90,236;45,437;2,295;[0  7  6  6  2  1  3  7  3  7  5  4  7  4  0  3  0  1  6  3  6  7  1  7  1  2  2  3  4  4  7  2  3  5  4  0  7  3  7  3  0  0  0  3  3  3  6  2  2  7]
821;326;1958;3042;89,626;45,427;2,294;[0  7  6  6  2  1  3  7  3  7  5  4  7  4  0  3  0  1  6  3  6  7  1  7  1  2  2  3  4  4  7  2  3  5  4  0  7  3  7  3  0  0  0  3  3  3  6  2  2  7]
822;326;1960;3040;89,297;45,446;2,310;[0  7  6  6  2  1  3  7  3  7  5  4  7  4  0  3  0  1  6  3  6  7  1  7  1  2  2  3  4  4  7  2  3  5  4  0  7  3  7  3  0  0  0  3  3  3  6  2  2  7]
823;327;1950;3050;88,339;45,524;2,281;[0  7  6  6  2  1  3  7  3  7  5  4  7  4  0  3  0  1  6  3  6  7  1  7  1  2  2  3  4  4  7  2  3  5  4  0  7  3  7  3  0  0  0  3  3  3  6  2  2  7]
824;327;1963;3037;88,463;45,569;2,291;[0  7  6  6  2  1  3  7  3  7  5  4  7  4  0  3  0  1  6  3  6  7  1  7  1  2  2  3  4  4  7  2  3  5  4  0  7  3  7  3  0  0  0  3  3  3  6  2  2  7]
825;326;1973;3027;87,516;45,598;2,282;[0  7  6  6  2  1  3  7  3  7  5  4  7  4  0  3  0  1  6  3  6  7  1  7  1  2  2  3  4  4  7  2  3  5  4  0  7  3  7  3  0  0  0  3  3  3  6  2  2  7]
826;327;1976;3024;86,440;45,638;2,278;[0  7  6  6  2  1  3  7  3  7  5  4  7  4  0  3  0  1  6  3  6  7  1  7  1  2  2  3  4  4  7  2  3  5  4  0  7  3  7  3  0  0  0  3  3  3  6  2  2  7]
827;329;1986;3014;85,153;45,635;2,280;[0  7  6  6  2  1  3  7  3  7  5  4  7  4  0  3  0  1  6  3  6  7  1  7  1  2  2  3  4  4  7  2  3  5  4  0  7  3  7  3  0  0  0  3  3  3  6  2  2  7]
828;327;1985;3015;84,815;45,811;2,257;[0  7  6  6  2  1  3  7  3  7  5  4  7  4  0  3  0  1  6  3  6  7  1  7  1  2  2  3  4  4  7  2  3  5  4  0  7  3  7  3  0  0  0  3  3  3  6  2  2  7]
829;325;1984;3016;85,280;45,796;2,271;[0  7  6  6  2  1  3  7  3  7  5  4  7  4  0  3  0  1  6  3  6  7  1  7  1  2  2  3  4  4  7  2  3  5  4  0  7  3  7  3  0  0  0  3  3  3  6  2  2  7]
830;319;1985;3015;86,073;45,918;2,263;[0  7  6  6  2  1  3  7  3  7  5  4  7  4  0  3  0  1  6  3  6  7  1  7  1  2  2  3  4  4  7  2  3  5  4  0  7  3  7  3  0  0  0  3  3  3  6  2  2  7]
831;316;1997;3003;86,853;45,916;2,266;[0  7  6  6  2  1  3  7  3  7  5  4  7  4  0  3  0  1  6  3  6  7  1  7  1  2  2  3  4  4  7  2  3  5  4  0  7  3  7  3  0  0  0  3  3  3  6  2  2  7]
832;314;2007;2993;86,624;46,181;2,223;[0  7  6  6  2  1  3  7  3  7  5  4  7  4  0  3  0  1  6  3  6  7  1  7  1  2  2  3  4  4  7  2  3  5  4  0  7  3  7  3  0  0  0  3  3  3  6  2  2  7]
833;311;2009;2991;86,242;46,267;2,190;[0  7  6  6  2  1  3  7  3  7  5  4  7  4  0  3  0  1  6  3  6  7  1  7  1  2  2  3  4  4  7  2  3  5  4  0  7  3  7  3  0  0  0  3  3  3  6  2  2  7]
834;307;1992;3008;87,108;46,254;2,192;[0  7  6  6  2  1  3  7  3  7  5  4  7  4  0  3  0  1  6  3  6  7  1  7  1  2  2  3  4  4  7  2  3  5  4  0  7  3  7  3  0  0  0  3  3  3  6  2  2  7]
835;307;1979;3021;89,302;46,455;2,173;[0  7  6  6  2  1  3  7  3  7  5  4  7  4  0  3  0  1  6  3  6  7  1  7  1  2  2  3  4  4  7  2  3  5  4  0  7  3  7  3  0  0  0  3  3  3  6  2  2  7]
836;304;1989;3011;89,934;46,434;2,188;[0  7  6  6  2  1  3  7  3  7  5  4  7  4  0  3  0  1  6  3  6  7  1  7  1  2  2  3  4  4  7  2  3  5  4  0  7  3  7  3  0  0  0  3  3  3  6  2  2  7]
837;301;2004;2996;90,319;46,433;2,206;[0  7  6  6  2  1  3  7  3  7  5  4  7  4  0  3  0  1  6  3  6  7  1  7  1  2  2  3  4  4  7  2  3  5  4  0  7  3  7  3  0  0  0  3  3  3  6  2  2  7]
838;302;2003;2997;89,899;46,471;2,215;[0  7  6  6  2  1  3  7  3  7  5  4  7  4  0  3  0  1  6  3  6  7  1  7  1  2  2  3  4  4  7  2  3  5  4  0  7  3  7  3  0  0  0  3  3  3  6  2  2  7]
839;303;2015;2985;89,100;46,520;2,201;[0  7  6  6  2  1  3  7  3  7  5  4  7  4  0  3  0  1  6  3  6  7  1  7  1  2  2  3  4  4  7  2  3  5  4  0  7  3  7  3  0  0  0  3  3  3  6  2  2  7]
840;303;2020;2980;88,206;46,530;2,201;[0  7  6  6  2  1  3  7  3  7  5  4  7  4  0  3  0  1  6  3  6  7  1  7  1  2  2  3  4  4  7  2  3  5  4  0  7  3  7  3  0  0  0  3  3  3  6  2  2  7]
841;302;2015;2985;88,233;46,538;2,205;[5  7  3  6  6  0  2  0  7  6  7  0  3  3  1  7  0  3  7  4  3  4  3  5  6  5  4  3  4  7  0  3  2  7  1  7  4  2  3  7  6  3  7  2  2  0  2  0  0  1]
842;305;2021;2979;89,077;46,583;2,207;[5  7  3  6  6  0  2  0  7  6  7  0  3  3  1  7  0  3  7  4  3  4  3  5  6  5  4  3  4  7  0  3  2  7  1  7  4  2  3  7  6  3  7  2  2  0  2  0  0  1]
843;305;2036;2964;88,512;46,640;2,203;[5  7  3  6  6  0  2  0  7  6  7  0  3  3  1  7  0  3  7  4  3  4  3  5  6  5  4  3  4  7  0  3  2  7  1  7  4  2  3  7  6  3  7  2  2  0  2  0  0  1]
844;302;2041;2959;87,776;46,680;2,219;[5  7  3  6  6  0  2  0  7  6  7  0  3  3  1  7  0  3  7  4  3  4  3  5  6  5  4  3  4  7  0  3  2  7  1  7  4  2  3  7  6  3  7  2  2  0  2  0  0  1]
845;306;2045;2955;87,542;46,696;2,229;[5  7  3  6  6  0  2  0  7  6  7  0  3  3  1  7  0  3  7  4  3  4  3  5  6  5  4  3  4  7  0  3  2  7  1  7  4  2  3  7  6  3  7  2  2  0  2  0  0  1]
846;309;2026;2974;85,639;46,691;2,230;[5  7  3  6  6  0  2  0  7  6  7  0  3  3  1  7  0  3  7  4  3  4  3  5  6  5  4  3  4  7  0  3  2  7  1  7  4  2  3  7  6  3  7  2  2  0  2  0  0  1]
847;306;2030;2970;86,492;46,712;2,235;[5  7  3  6  6  0  2  0  7  6  7  0  3  3  1  7  0  3  7  4  3  4  3  5  6  5  4  3  4  7  0  3  2  7  1  7  4  2  3  7  6  3  7  2  2  0  2  0  0  1]
848;304;2032;2968;87,359;46,810;2,234;[5  7  3  6  6  0  2  0  7  6  7  0  3  3  1  7  0  3  7  4  3  4  3  5  6  5  4  3  4  7  0  3  2  7  1  7  4  2  3  7  6  3  7  2  2  0  2  0  0  1]
849;308;2030;2970;86,954;46,806;2,237;[5  7  3  6  6  0  2  0  7  6  7  0  3  3  1  7  0  3  7  4  3  4  3  5  6  5  4  3  4  7  0  3  2  7  1  7  4  2  3  7  6  3  7  2  2  0  2  0  0  1]
850;310;2030;2970;85,882;46,840;2,235;[5  7  3  6  6  0  2  0  7  6  7  0  3  3  1  7  0  3  7  4  3  4  3  5  6  5  4  3  4  7  0  3  2  7  1  7  4  2  3  7  6  3  7  2  2  0  2  0  0  1]
851;307;2030;2970;86,349;46,860;2,251;[5  7  3  6  6  0  2  0  7  6  7  0  3  3  1  7  0  3  7  4  3  4  3  5  6  5  4  3  4  7  0  3  2  7  1  7  4  2  3  7  6  3  7  2  2  0  2  0  0  1]
852;304;2029;2971;88,020;46,896;2,250;[5  7  3  6  6  0  2  0  7  6  7  0  3  3  1  7  0  3  7  4  3  4  3  5  6  5  4  3  4  7  0  3  2  7  1  7  4  2  3  7  6  3  7  2  2  0  2  0  0  1]
853;305;2037;2963;86,650;46,887;2,252;[5  7  3  6  6  0  2  0  7  6  7  0  3  3  1  7  0  3  7  4  3  4  3  5  6  5  4  3  4  7  0  3  2  7  1  7  4  2  3  7  6  3  7  2  2  0  2  0  0  1]
854;307;2032;2968;87,067;46,882;2,254;[5  7  3  6  6  0  2  0  7  6  7  0  3  3  1  7  0  3  7  4  3  4  3  5  6  5  4  3  4  7  0  3  2  7  1  7  4  2  3  7  6  3  7  2  2  0  2  0  0  1]
855;311;2032;2968;86,452;46,877;2,251;[5  7  3  6  6  0  2  0  7  6  7  0  3  3  1  7  0  3  7  4  3  4  3  5  6  5  4  3  4  7  0  3  2  7  1  7  4  2  3  7  6  3  7  2  2  0  2  0  0  1]
856;312;2033;2967;85,277;46,893;2,272;[5  7  3  6  6  0  2  0  7  6  7  0  3  3  1  7  0  3  7  4  3  4  3  5  6  5  4  3  4  7  0  3  2  7  1  7  4  2  3  7  6  3  7  2  2  0  2  0  0  1]
857;304;2042;2958;86,811;47,123;2,207;[5  7  3  6  6  0  2  0  7  6  7  0  3  3  1  7  0  3  7  4  3  4  3  5  6  5  4  3  4  7  0  3  2  7  1  7  4  2  3  7  6  3  7  2  2  0  2  0  0  1]
858;304;2036;2964;85,776;47,116;2,207;[5  7  3  6  6  0  2  0  7  6  7  0  3  3  1  7  0  3  7  4  3  4  3  5  6  5  4  3  4  7  0  3  2  7  1  7  4  2  3  7  6  3  7  2  2  0  2  0  0  1]
859;303;2038;2962;87,174;47,134;2,221;[5  7  3  6  6  0  2  0  7  6  7  0  3  3  1  7  0  3  7  4  3  4  3  5  6  5  4  3  4  7  0  3  2  7  1  7  4  2  3  7  6  3  7  2  2  0  2  0  0  1]
860;305;2048;2952;86,800;47,188;2,213;[5  7  3  6  6  0  2  0  7  6  7  0  3  3  1  7  0  3  7  4  3  4  3  5  6  5  4  3  4  7  0  3  2  7  1  7  4  2  3  7  6  3  7  2  2  0  2  0  0  1]
861;306;2049;2951;85,446;47,188;2,219;[5  7  3  6  6  0  2  0  7  6  7  0  3  3  1  7  0  3  7  4  3  4  3  5  6  5  4  3  4  7  0  3  2  7  1  7  4  2  3  7  6  3  7  2  2  0  2  0  0  1]
862;309;2041;2959;85,066;47,227;2,191;[5  7  3  6  6  0  2  0  7  6  7  0  3  3  1  7  0  3  7  4  3  4  3  5  6  5  4  3  4  7  0  3  2  7  1  7  4  2  3  7  6  3  7  2  2  0  2  0  0  1]
863;312;2040;2960;84,560;47,207;2,196;[5  7  3  6  6  0  2  0  7  6  7  0  3  3  1  7  0  3  7  4  3  4  3  5  6  5  4  3  4  7  0  3  2  7  1  7  4  2  3  7  6  3  7  2  2  0  2  0  0  1]
864;313;2025;2975;84,495;47,182;2,214;[5  7  3  6  6  0  2  0  7  6  7  0  3  3  1  7  0  3  7  4  3  4  3  5  6  5  4  3  4  7  0  3  2  7  1  7  4  2  3  7  6  3  7  2  2  0  2  0  0  1]
865;311;2031;2969;85,392;47,162;2,232;[5  7  3  6  6  0  2  0  7  6  7  0  3  3  1  7  0  3  7  4  3  4  3  5  6  5  4  3  4  7  0  3  2  7  1  7  4  2  3  7  6  3  7  2  2  0  2  0  0  1]
866;312;2047;2953;84,175;47,169;2,224;[5  7  3  6  6  0  2  0  7  6  7  0  3  3  1  7  0  3  7  4  3  4  3  5  6  5  4  3  4  7  0  3  2  7  1  7  4  2  3  7  6  3  7  2  2  0  2  0  0  1]
867;314;2041;2959;83,523;47,188;2,226;[5  7  3  6  6  0  2  0  7  6  7  0  3  3  1  7  0  3  7  4  3  4  3  5  6  5  4  3  4  7  0  3  2  7  1  7  4  2  3  7  6  3  7  2  2  0  2  0  0  1]
868;312;2039;2961;83,685;47,231;2,240;[5  7  3  6  6  0  2  0  7  6  7  0  3  3  1  7  0  3  7  4  3  4  3  5  6  5  4  3  4  7  0  3  2  7  1  7  4  2  3  7  6  3  7  2  2  0  2  0  0  1]
869;309;2039;2961;83,925;47,298;2,243;[5  7  3  6  6  0  2  0  7  6  7  0  3  3  1  7  0  3  7  4  3  4  3  5  6  5  4  3  4  7  0  3  2  7  1  7  4  2  3  7  6  3  7  2  2  0  2  0  0  1]
870;303;2033;2967;85,482;47,384;2,221;[1  1  1  4  7  5  6  0  0  3  1  5  2  3  6  1  0  2  4  3  6  4  5  2  7  6  7  3  1  0  5  1  3  7  0  7  7  5  5  2  5  0  2  0  5  7  7  1  2  6]
871;300;2030;2970;86,338;47,395;2,207;[1  1  1  4  7  5  6  0  0  3  1  5  2  3  6  1  0  2  4  3  6  4  5  2  7  6  7  3  1  0  5  1  3  7  0  7  7  5  5  2  5  0  2  0  5  7  7  1  2  6]
872;304;2038;2962;87,382;47,412;2,214;[1  1  1  4  7  5  6  0  0  3  1  5  2  3  6  1  0  2  4  3  6  4  5  2  7  6  7  3  1  0  5  1  3  7  0  7  7  5  5  2  5  0  2  0  5  7  7  1  2  6]
873;296;2052;2948;87,044;47,496;2,226;[1  1  1  4  7  5  6  0  0  3  1  5  2  3  6  1  0  2  4  3  6  4  5  2  7  6  7  3  1  0  5  1  3  7  0  7  7  5  5  2  5  0  2  0  5  7  7  1  2  6]
874;295;2049;2951;86,990;47,568;2,220;[1  1  1  4  7  5  6  0  0  3  1  5  2  3  6  1  0  2  4  3  6  4  5  2  7  6  7  3  1  0  5  1  3  7  0  7  7  5  5  2  5  0  2  0  5  7  7  1  2  6]
875;292;2056;2944;88,448;47,613;2,219;[1  1  1  4  7  5  6  0  0  3  1  5  2  3  6  1  0  2  4  3  6  4  5  2  7  6  7  3  1  0  5  1  3  7  0  7  7  5  5  2  5  0  2  0  5  7  7  1  2  6]
876;291;2046;2954;88,259;47,633;2,220;[1  1  1  4  7  5  6  0  0  3  1  5  2  3  6  1  0  2  4  3  6  4  5  2  7  6  7  3  1  0  5  1  3  7  0  7  7  5  5  2  5  0  2  0  5  7  7  1  2  6]
877;289;2059;2941;90,509;47,696;2,239;[1  1  1  4  7  5  6  0  0  3  1  5  2  3  6  1  0  2  4  3  6  4  5  2  7  6  7  3  1  0  5  1  3  7  0  7  7  5  5  2  5  0  2  0  5  7  7  1  2  6]
878;289;2057;2943;90,088;47,765;2,235;[1  1  1  4  7  5  6  0  0  3  1  5  2  3  6  1  0  2  4  3  6  4  5  2  7  6  7  3  1  0  5  1  3  7  0  7  7  5  5  2  5  0  2  0  5  7  7  1  2  6]
879;295;2061;2939;89,826;47,788;2,244;[1  1  1  4  7  5  6  0  0  3  1  5  2  3  6  1  0  2  4  3  6  4  5  2  7  6  7  3  1  0  5  1  3  7  0  7  7  5  5  2  5  0  2  0  5  7  7  1  2  6]
880;293;2072;2928;88,914;47,807;2,242;[1  1  1  4  7  5  6  0  0  3  1  5  2  3  6  1  0  2  4  3  6  4  5  2  7  6  7  3  1  0  5  1  3  7  0  7  7  5  5  2  5  0  2  0  5  7  7  1  2  6]
881;295;2066;2934;88,824;47,833;2,237;[1  1  1  4  7  5  6  0  0  3  1  5  2  3  6  1  0  2  4  3  6  4  5  2  7  6  7  3  1  0  5  1  3  7  0  7  7  5  5  2  5  0  2  0  5  7  7  1  2  6]
882;293;2068;2932;89,017;47,813;2,263;[5  2  1  3  6  6  6  2  2  7  5  7  2  7  1  6  7  6  2  6  4  2  4  1  5  7  1  2  4  2  3  7  1  3  1  0  4  0  5  4  6  7  3  4  2  2  6  4  7  6]
883;295;2071;2929;88,780;47,811;2,268;[5  2  1  3  6  6  6  2  2  7  5  7  2  7  1  6  7  6  2  6  4  2  4  1  5  7  1  2  4  2  3  7  1  3  1  0  4  0  5  4  6  7  3  4  2  2  6  4  7  6]
884;296;2079;2921;88,780;47,872;2,233;[5  2  1  3  6  6  6  2  2  7  5  7  2  7  1  6  7  6  2  6  4  2  4  1  5  7  1  2  4  2  3  7  1  3  1  0  4  0  5  4  6  7  3  4  2  2  6  4  7  6]
885;299;2074;2926;87,322;47,864;2,237;[5  2  1  3  6  6  6  2  2  7  5  7  2  7  1  6  7  6  2  6  4  2  4  1  5  7  1  2  4  2  3  7  1  3  1  0  4  0  5  4  6  7  3  4  2  2  6  4  7  6]
886;299;2080;2920;87,661;47,863;2,244;[5  2  1  3  6  6  6  2  2  7  5  7  2  7  1  6  7  6  2  6  4  2  4  1  5  7  1  2  4  2  3  7  1  3  1  0  4  0  5  4  6  7  3  4  2  2  6  4  7  6]
887;295;2089;2911;88,339;47,977;2,203;[5  2  1  3  6  6  6  2  2  7  5  7  2  7  1  6  7  6  2  6  4  2  4  1  5  7  1  2  4  2  3  7  1  3  1  0  4  0  5  4  6  7  3  4  2  2  6  4  7  6]
888;297;2079;2921;87,713;47,966;2,212;[5  2  1  3  6  6  6  2  2  7  5  7  2  7  1  6  7  6  2  6  4  2  4  1  5  7  1  2  4  2  3  7  1  3  1  0  4  0  5  4  6  7  3  4  2  2  6  4  7  6]
889;296;2084;2916;88,345;48,042;2,166;[5  2  1  3  6  6  6  2  2  7  5  7  2  7  1  6  7  6  2  6  4  2  4  1  5  7  1  2  4  2  3  7  1  3  1  0  4  0  5  4  6  7  3  4  2  2  6  4  7  6]
890;296;2085;2915;87,908;48,081;2,162;[5  2  1  3  6  6  6  2  2  7  5  7  2  7  1  6  7  6  2  6  4  2  4  1  5  7  1  2  4  2  3  7  1  3  1  0  4  0  5  4  6  7  3  4  2  2  6  4  7  6]
891;291;2081;2919;89,792;48,203;2,162;[5  2  1  3  6  6  6  2  2  7  5  7  2  7  1  6  7  6  2  6  4  2  4  1  5  7  1  2  4  2  3  7  1  3  1  0  4  0  5  4  6  7  3  4  2  2  6  4  7  6]
892;295;2087;2913;90,208;48,441;2,105;[5  2  1  3  6  6  6  2  2  7  5  7  2  7  1  6  7  6  2  6  4  2  4  1  5  7  1  2  4  2  3  7  1  3  1  0  4  0  5  4  6  7  3  4  2  2  6  4  7  6]
893;294;2084;2916;89,483;48,575;2,092;[5  2  1  3  6  6  6  2  2  7  5  7  2  7  1  6  7  6  2  6  4  2  4  1  5  7  1  2  4  2  3  7  1  3  1  0  4  0  5  4  6  7  3  4  2  2  6  4  7  6]
894;296;2089;2911;89,502;48,581;2,095;[5  2  1  3  6  6  6  2  2  7  5  7  2  7  1  6  7  6  2  6  4  2  4  1  5  7  1  2  4  2  3  7  1  3  1  0  4  0  5  4  6  7  3  4  2  2  6  4  7  6]
895;296;2104;2896;89,399;48,609;2,108;[5  2  1  3  6  6  6  2  2  7  5  7  2  7  1  6  7  6  2  6  4  2  4  1  5  7  1  2  4  2  3  7  1  3  1  0  4  0  5  4  6  7  3  4  2  2  6  4  7  6]
896;296;2097;2903;87,576;48,604;2,105;[5  2  1  3  6  6  6  2  2  7  5  7  2  7  1  6  7  6  2  6  4  2  4  1  5  7  1  2  4  2  3  7  1  3  1  0  4  0  5  4  6  7  3  4  2  2  6  4  7  6]
897;300;2107;2893;88,316;48,602;2,107;[5  2  1  3  6  6  6  2  2  7  5  7  2  7  1  6  7  6  2  6  4  2  4  1  5  7  1  2  4  2  3  7  1  3  1  0  4  0  5  4  6  7  3  4  2  2  6  4  7  6]
898;303;2109;2891;87,020;48,592;2,109;[5  2  1  3  6  6  6  2  2  7  5  7  2  7  1  6  7  6  2  6  4  2  4  1  5  7  1  2  4  2  3  7  1  3  1  0  4  0  5  4  6  7  3  4  2  2  6  4  7  6]
899;306;2108;2892;86,388;48,608;2,101;[5  2  1  3  6  6  6  2  2  7  5  7  2  7  1  6  7  6  2  6  4  2  4  1  5  7  1  2  4  2  3  7  1  3  1  0  4  0  5  4  6  7  3  4  2  2  6  4  7  6]
900;304;2123;2877;85,880;48,630;2,118;[5  2  1  3  6  6  6  2  2  7  5  7  2  7  1  6  7  6  2  6  4  2  4  1  5  7  1  2  4  2  3  7  1  3  1  0  4  0  5  4  6  7  3  4  2  2  6  4  7  6]
901;299;2134;2866;87,143;48,699;2,127;[5  2  1  3  6  6  6  2  2  7  5  7  2  7  1  6  7  6  2  6  4  2  4  1  5  7  1  2  4  2  3  7  1  3  1  0  4  0  5  4  6  7  3  4  2  2  6  4  7  6]
902;297;2132;2868;86,098;48,682;2,138;[5  2  1  3  6  6  6  2  2  7  5  7  2  7  1  6  7  6  2  6  4  2  4  1  5  7  1  2  4  2  3  7  1  3  1  0  4  0  5  4  6  7  3  4  2  2  6  4  7  6]
903;296;2129;2871;86,854;48,754;2,125;[5  2  1  3  6  6  6  2  2  7  5  7  2  7  1  6  7  6  2  6  4  2  4  1  5  7  1  2  4  2  3  7  1  3  1  0  4  0  5  4  6  7  3  4  2  2  6  4  7  6]
904;298;2141;2859;87,705;48,830;2,117;[5  2  1  3  6  6  6  2  2  7  5  7  2  7  1  6  7  6  2  6  4  2  4  1  5  7  1  2  4  2  3  7  1  3  1  0  4  0  5  4  6  7  3  4  2  2  6  4  7  6]
905;299;2140;2860;86,928;48,872;2,104;[5  2  1  3  6  6  6  2  2  7  5  7  2  7  1  6  7  6  2  6  4  2  4  1  5  7  1  2  4  2  3  7  1  3  1  0  4  0  5  4  6  7  3  4  2  2  6  4  7  6]
906;302;2144;2856;86,216;48,902;2,096;[5  2  1  3  6  6  6  2  2  7  5  7  2  7  1  6  7  6  2  6  4  2  4  1  5  7  1  2  4  2  3  7  1  3  1  0  4  0  5  4  6  7  3  4  2  2  6  4  7  6]
907;301;2152;2848;85,217;48,897;2,110;[5  2  1  3  6  6  6  2  2  7  5  7  2  7  1  6  7  6  2  6  4  2  4  1  5  7  1  2  4  2  3  7  1  3  1  0  4  0  5  4  6  7  3  4  2  2  6  4  7  6]
908;299;2151;2849;86,570;48,989;2,074;[5  2  1  3  6  6  6  2  2  7  5  7  2  7  1  6  7  6  2  6  4  2  4  1  5  7  1  2  4  2  3  7  1  3  1  0  4  0  5  4  6  7  3  4  2  2  6  4  7  6]
909;294;2156;2844;86,741;48,966;2,088;[5  2  1  3  6  6  6  2  2  7  5  7  2  7  1  6  7  6  2  6  4  2  4  1  5  7  1  2  4  2  3  7  1  3  1  0  4  0  5  4  6  7  3  4  2  2  6  4  7  6]
910;294;2172;2828;87,803;48,958;2,095;[5  2  1  3  6  6  6  2  2  7  5  7  2  7  1  6  7  6  2  6  4  2  4  1  5  7  1  2  4  2  3  7  1  3  1  0  4  0  5  4  6  7  3  4  2  2  6  4  7  6]
911;292;2163;2837;86,862;48,971;2,106;[5  2  1  3  6  6  6  2  2  7  5  7  2  7  1  6  7  6  2  6  4  2  4  1  5  7  1  2  4  2  3  7  1  3  1  0  4  0  5  4  6  7  3  4  2  2  6  4  7  6]
912;290;2158;2842;88,415;48,949;2,117;[5  2  1  3  6  6  6  2  2  7  5  7  2  7  1  6  7  6  2  6  4  2  4  1  5  7  1  2  4  2  3  7  1  3  1  0  4  0  5  4  6  7  3  4  2  2  6  4  7  6]
913;291;2155;2845;88,902;48,937;2,113;[5  2  1  3  6  6  6  2  2  7  5  7  2  7  1  6  7  6  2  6  4  2  4  1  5  7  1  2  4  2  3  7  1  3  1  0  4  0  5  4  6  7  3  4  2  2  6  4  7  6]
914;287;2165;2835;89,912;48,959;2,129;[5  2  1  3  6  6  6  2  2  7  5  7  2  7  1  6  7  6  2  6  4  2  4  1  5  7  1  2  4  2  3  7  1  3  1  0  4  0  5  4  6  7  3  4  2  2  6  4  7  6]
915;284;2162;2838;91,906;48,954;2,158;[5  2  1  3  6  6  6  2  2  7  5  7  2  7  1  6  7  6  2  6  4  2  4  1  5  7  1  2  4  2  3  7  1  3  1  0  4  0  5  4  6  7  3  4  2  2  6  4  7  6]
916;290;2173;2827;90,830;48,954;2,162;[5  2  1  3  6  6  6  2  2  7  5  7  2  7  1  6  7  6  2  6  4  2  4  1  5  7  1  2  4  2  3  7  1  3  1  0  4  0  5  4  6  7  3  4  2  2  6  4  7  6]
917;295;2180;2820;88,668;48,944;2,163;[5  2  1  3  6  6  6  2  2  7  5  7  2  7  1  6  7  6  2  6  4  2  4  1  5  7  1  2  4  2  3  7  1  3  1  0  4  0  5  4  6  7  3  4  2  2  6  4  7  6]
918;299;2175;2825;87,287;49,152;2,124;[5  2  1  3  6  6  6  2  2  7  5  7  2  7  1  6  7  6  2  6  4  2  4  1  5  7  1  2  4  2  3  7  1  3  1  0  4  0  5  4  6  7  3  4  2  2  6  4  7  6]
919;297;2171;2829;87,068;49,139;2,131;[5  2  1  3  6  6  6  2  2  7  5  7  2  7  1  6  7  6  2  6  4  2  4  1  5  7  1  2  4  2  3  7  1  3  1  0  4  0  5  4  6  7  3  4  2  2  6  4  7  6]
920;297;2179;2821;88,253;49,135;2,148;[5  2  1  3  6  6  6  2  2  7  5  7  2  7  1  6  7  6  2  6  4  2  4  1  5  7  1  2  4  2  3  7  1  3  1  0  4  0  5  4  6  7  3  4  2  2  6  4  7  6]
921;301;2173;2827;87,085;49,126;2,153;[5  2  1  3  6  6  6  2  2  7  5  7  2  7  1  6  7  6  2  6  4  2  4  1  5  7  1  2  4  2  3  7  1  3  1  0  4  0  5  4  6  7  3  4  2  2  6  4  7  6]
922;300;2166;2834;86,886;49,355;2,113;[5  2  1  3  6  6  6  2  2  7  5  7  2  7  1  6  7  6  2  6  4  2  4  1  5  7  1  2  4  2  3  7  1  3  1  0  4  0  5  4  6  7  3  4  2  2  6  4  7  6]
923;304;2173;2827;86,706;49,361;2,115;[5  2  1  3  6  6  6  2  2  7  5  7  2  7  1  6  7  6  2  6  4  2  4  1  5  7  1  2  4  2  3  7  1  3  1  0  4  0  5  4  6  7  3  4  2  2  6  4  7  6]
924;304;2177;2823;86,371;49,426;2,105;[5  2  1  3  6  6  6  2  2  7  5  7  2  7  1  6  7  6  2  6  4  2  4  1  5  7  1  2  4  2  3  7  1  3  1  0  4  0  5  4  6  7  3  4  2  2  6  4  7  6]
925;303;2168;2832;86,187;49,544;2,092;[5  2  1  3  6  6  6  2  2  7  5  7  2  7  1  6  7  6  2  6  4  2  4  1  5  7  1  2  4  2  3  7  1  3  1  0  4  0  5  4  6  7  3  4  2  2  6  4  7  6]
926;305;2163;2837;86,367;49,527;2,095;[5  2  1  3  6  6  6  2  2  7  5  7  2  7  1  6  7  6  2  6  4  2  4  1  5  7  1  2  4  2  3  7  1  3  1  0  4  0  5  4  6  7  3  4  2  2  6  4  7  6]
927;307;2160;2840;86,043;49,547;2,088;[5  2  1  3  6  6  6  2  2  7  5  7  2  7  1  6  7  6  2  6  4  2  4  1  5  7  1  2  4  2  3  7  1  3  1  0  4  0  5  4  6  7  3  4  2  2  6  4  7  6]
928;306;2171;2829;85,875;49,788;2,026;[5  2  1  3  6  6  6  2  2  7  5  7  2  7  1  6  7  6  2  6  4  2  4  1  5  7  1  2  4  2  3  7  1  3  1  0  4  0  5  4  6  7  3  4  2  2  6  4  7  6]
929;311;2172;2828;85,281;49,774;2,035;[5  2  1  3  6  6  6  2  2  7  5  7  2  7  1  6  7  6  2  6  4  2  4  1  5  7  1  2  4  2  3  7  1  3  1  0  4  0  5  4  6  7  3  4  2  2  6  4  7  6]
930;309;2173;2827;84,346;49,778;2,049;[5  2  1  3  6  6  6  2  2  7  5  7  2  7  1  6  7  6  2  6  4  2  4  1  5  7  1  2  4  2  3  7  1  3  1  0  4  0  5  4  6  7  3  4  2  2  6  4  7  6]
931;311;2173;2827;84,475;49,856;2,039;[5  2  1  3  6  6  6  2  2  7  5  7  2  7  1  6  7  6  2  6  4  2  4  1  5  7  1  2  4  2  3  7  1  3  1  0  4  0  5  4  6  7  3  4  2  2  6  4  7  6]
932;306;2175;2825;84,671;49,969;2,026;[5  2  1  3  6  6  6  2  2  7  5  7  2  7  1  6  7  6  2  6  4  2  4  1  5  7  1  2  4  2  3  7  1  3  1  0  4  0  5  4  6  7  3  4  2  2  6  4  7  6]
933;309;2166;2834;84,785;49,982;2,019;[5  2  1  3  6  6  6  2  2  7  5  7  2  7  1  6  7  6  2  6  4  2  4  1  5  7  1  2  4  2  3  7  1  3  1  0  4  0  5  4  6  7  3  4  2  2  6  4  7  6]
934;308;2169;2831;84,901;49,979;2,032;[5  2  1  3  6  6  6  2  2  7  5  7  2  7  1  6  7  6  2  6  4  2  4  1  5  7  1  2  4  2  3  7  1  3  1  0  4  0  5  4  6  7  3  4  2  2  6  4  7  6]
935;308;2164;2836;84,967;49,973;2,055;[5  5  4  1  3  5  1  0  0  4  5  0  2  5  0  3  2  5  5  5  4  6  4  5  6  6  1  7  7  7  3  6  3  4  3  6  7  4  1  3  5  0  4  4  6  7  0  6  0  2]
936;307;2169;2831;85,731;49,952;2,059;[5  5  4  1  3  5  1  0  0  4  5  0  2  5  0  3  2  5  5  5  4  6  4  5  6  6  1  7  7  7  3  6  3  4  3  6  7  4  1  3  5  0  4  4  6  7  0  6  0  2]
937;311;2166;2834;84,344;49,943;2,068;[5  5  4  1  3  5  1  0  0  4  5  0  2  5  0  3  2  5  5  5  4  6  4  5  6  6  1  7  7  7  3  6  3  4  3  6  7  4  1  3  5  0  4  4  6  7  0  6  0  2]
938;311;2149;2851;83,860;50,094;2,048;[5  5  4  1  3  5  1  0  0  4  5  0  2  5  0  3  2  5  5  5  4  6  4  5  6  6  1  7  7  7  3  6  3  4  3  6  7  4  1  3  5  0  4  4  6  7  0  6  0  2]
939;315;2156;2844;84,302;50,107;2,041;[5  5  4  1  3  5  1  0  0  4  5  0  2  5  0  3  2  5  5  5  4  6  4  5  6  6  1  7  7  7  3  6  3  4  3  6  7  4  1  3  5  0  4  4  6  7  0  6  0  2]
940;315;2157;2843;82,756;50,138;2,032;[5  5  4  1  3  5  1  0  0  4  5  0  2  5  0  3  2  5  5  5  4  6  4  5  6  6  1  7  7  7  3  6  3  4  3  6  7  4  1  3  5  0  4  4  6  7  0  6  0  2]
941;316;2162;2838;82,516;50,139;2,044;[5  5  4  1  3  5  1  0  0  4  5  0  2  5  0  3  2  5  5  5  4  6  4  5  6  6  1  7  7  7  3  6  3  4  3  6  7  4  1  3  5  0  4  4  6  7  0  6  0  2]
942;316;2160;2840;82,083;50,124;2,044;[5  5  4  1  3  5  1  0  0  4  5  0  2  5  0  3  2  5  5  5  4  6  4  5  6  6  1  7  7  7  3  6  3  4  3  6  7  4  1  3  5  0  4  4  6  7  0  6  0  2]
943;314;2161;2839;82,516;50,129;2,041;[5  5  4  1  3  5  1  0  0  4  5  0  2  5  0  3  2  5  5  5  4  6  4  5  6  6  1  7  7  7  3  6  3  4  3  6  7  4  1  3  5  0  4  4  6  7  0  6  0  2]
944;305;2156;2844;83,931;50,160;2,069;[5  5  4  1  3  5  1  0  0  4  5  0  2  5  0  3  2  5  5  5  4  6  4  5  6  6  1  7  7  7  3  6  3  4  3  6  7  4  1  3  5  0  4  4  6  7  0  6  0  2]
945;301;2164;2836;84,950;50,340;2,040;[5  5  4  1  3  5  1  0  0  4  5  0  2  5  0  3  2  5  5  5  4  6  4  5  6  6  1  7  7  7  3  6  3  4  3  6  7  4  1  3  5  0  4  4  6  7  0  6  0  2]
946;298;2160;2840;86,843;50,378;2,034;[5  5  4  1  3  5  1  0  0  4  5  0  2  5  0  3  2  5  5  5  4  6  4  5  6  6  1  7  7  7  3  6  3  4  3  6  7  4  1  3  5  0  4  4  6  7  0  6  0  2]
947;294;2155;2845;87,466;50,353;2,034;[5  5  4  1  3  5  1  0  0  4  5  0  2  5  0  3  2  5  5  5  4  6  4  5  6  6  1  7  7  7  3  6  3  4  3  6  7  4  1  3  5  0  4  4  6  7  0  6  0  2]
948;292;2157;2843;89,080;50,336;2,038;[5  5  4  1  3  5  1  0  0  4  5  0  2  5  0  3  2  5  5  5  4  6  4  5  6  6  1  7  7  7  3  6  3  4  3  6  7  4  1  3  5  0  4  4  6  7  0  6  0  2]
949;292;2162;2838;88,875;50,325;2,041;[5  5  4  1  3  5  1  0  0  4  5  0  2  5  0  3  2  5  5  5  4  6  4  5  6  6  1  7  7  7  3  6  3  4  3  6  7  4  1  3  5  0  4  4  6  7  0  6  0  2]
950;295;2168;2832;88,196;50,316;2,044;[5  5  4  1  3  5  1  0  0  4  5  0  2  5  0  3  2  5  5  5  4  6  4  5  6  6  1  7  7  7  3  6  3  4  3  6  7  4  1  3  5  0  4  4  6  7  0  6  0  2]
951;296;2167;2833;88,041;50,306;2,061;[5  5  4  1  3  5  1  0  0  4  5  0  2  5  0  3  2  5  5  5  4  6  4  5  6  6  1  7  7  7  3  6  3  4  3  6  7  4  1  3  5  0  4  4  6  7  0  6  0  2]
952;296;2175;2825;87,945;50,330;2,061;[5  5  4  1  3  5  1  0  0  4  5  0  2  5  0  3  2  5  5  5  4  6  4  5  6  6  1  7  7  7  3  6  3  4  3  6  7  4  1  3  5  0  4  4  6  7  0  6  0  2]
953;298;2194;2806;87,372;50,326;2,054;[5  5  4  1  3  5  1  0  0  4  5  0  2  5  0  3  2  5  5  5  4  6  4  5  6  6  1  7  7  7  3  6  3  4  3  6  7  4  1  3  5  0  4  4  6  7  0  6  0  2]
954;298;2209;2791;86,815;50,310;2,054;[5  5  4  1  3  5  1  0  0  4  5  0  2  5  0  3  2  5  5  5  4  6  4  5  6  6  1  7  7  7  3  6  3  4  3  6  7  4  1  3  5  0  4  4  6  7  0  6  0  2]
955;299;2205;2795;85,305;50,303;2,057;[5  5  4  1  3  5  1  0  0  4  5  0  2  5  0  3  2  5  5  5  4  6  4  5  6  6  1  7  7  7  3  6  3  4  3  6  7  4  1  3  5  0  4  4  6  7  0  6  0  2]
956;294;2220;2780;86,770;50,430;2,031;[5  5  4  1  3  5  1  0  0  4  5  0  2  5  0  3  2  5  5  5  4  6  4  5  6  6  1  7  7  7  3  6  3  4  3  6  7  4  1  3  5  0  4  4  6  7  0  6  0  2]
957;295;2227;2773;85,856;50,413;2,037;[5  5  4  1  3  5  1  0  0  4  5  0  2  5  0  3  2  5  5  5  4  6  4  5  6  6  1  7  7  7  3  6  3  4  3  6  7  4  1  3  5  0  4  4  6  7  0  6  0  2]
958;290;2237;2763;86,823;50,420;2,055;[5  5  4  1  3  5  1  0  0  4  5  0  2  5  0  3  2  5  5  5  4  6  4  5  6  6  1  7  7  7  3  6  3  4  3  6  7  4  1  3  5  0  4  4  6  7  0  6  0  2]
959;287;2237;2763;87,729;50,442;2,052;[5  5  4  1  3  5  1  0  0  4  5  0  2  5  0  3  2  5  5  5  4  6  4  5  6  6  1  7  7  7  3  6  3  4  3  6  7  4  1  3  5  0  4  4  6  7  0  6  0  2]
960;280;2250;2750;89,910;50,413;2,082;[5  5  4  1  3  5  1  0  0  4  5  0  2  5  0  3  2  5  5  5  4  6  4  5  6  6  1  7  7  7  3  6  3  4  3  6  7  4  1  3  5  0  4  4  6  7  0  6  0  2]
961;281;2245;2755;90,912;50,434;2,093;[5  5  4  1  3  5  1  0  0  4  5  0  2  5  0  3  2  5  5  5  4  6  4  5  6  6  1  7  7  7  3  6  3  4  3  6  7  4  1  3  5  0  4  4  6  7  0  6  0  2]
962;286;2246;2754;89,696;50,426;2,094;[5  5  4  1  3  5  1  0  0  4  5  0  2  5  0  3  2  5  5  5  4  6  4  5  6  6  1  7  7  7  3  6  3  4  3  6  7  4  1  3  5  0  4  4  6  7  0  6  0  2]
963;287;2246;2754;89,046;50,417;2,101;[5  5  4  1  3  5  1  0  0  4  5  0  2  5  0  3  2  5  5  5  4  6  4  5  6  6  1  7  7  7  3  6  3  4  3  6  7  4  1  3  5  0  4  4  6  7  0  6  0  2]
964;286;2237;2763;89,032;50,444;2,105;[5  5  4  1  3  5  1  0  0  4  5  0  2  5  0  3  2  5  5  5  4  6  4  5  6  6  1  7  7  7  3  6  3  4  3  6  7  4  1  3  5  0  4  4  6  7  0  6  0  2]
965;287;2236;2764;90,426;50,475;2,105;[5  5  4  1  3  5  1  0  0  4  5  0  2  5  0  3  2  5  5  5  4  6  4  5  6  6  1  7  7  7  3  6  3  4  3  6  7  4  1  3  5  0  4  4  6  7  0  6  0  2]
966;287;2237;2763;90,477;50,519;2,098;[5  5  4  1  3  5  1  0  0  4  5  0  2  5  0  3  2  5  5  5  4  6  4  5  6  6  1  7  7  7  3  6  3  4  3  6  7  4  1  3  5  0  4  4  6  7  0  6  0  2]
967;292;2257;2743;90,724;50,528;2,096;[5  5  4  1  3  5  1  0  0  4  5  0  2  5  0  3  2  5  5  5  4  6  4  5  6  6  1  7  7  7  3  6  3  4  3  6  7  4  1  3  5  0  4  4  6  7  0  6  0  2]
968;293;2257;2743;89,021;50,603;2,044;[5  5  4  1  3  5  1  0  0  4  5  0  2  5  0  3  2  5  5  5  4  6  4  5  6  6  1  7  7  7  3  6  3  4  3  6  7  4  1  3  5  0  4  4  6  7  0  6  0  2]
969;294;2258;2742;87,732;50,610;2,054;[5  5  4  1  3  5  1  0  0  4  5  0  2  5  0  3  2  5  5  5  4  6  4  5  6  6  1  7  7  7  3  6  3  4  3  6  7  4  1  3  5  0  4  4  6  7  0  6  0  2]
970;296;2249;2751;87,534;50,601;2,057;[5  5  4  1  3  5  1  0  0  4  5  0  2  5  0  3  2  5  5  5  4  6  4  5  6  6  1  7  7  7  3  6  3  4  3  6  7  4  1  3  5  0  4  4  6  7  0  6  0  2]
971;294;2251;2749;88,436;50,639;2,061;[5  5  4  1  3  5  1  0  0  4  5  0  2  5  0  3  2  5  5  5  4  6  4  5  6  6  1  7  7  7  3  6  3  4  3  6  7  4  1  3  5  0  4  4  6  7  0  6  0  2]
972;298;2238;2762;87,884;50,637;2,067;[5  5  4  1  3  5  1  0  0  4  5  0  2  5  0  3  2  5  5  5  4  6  4  5  6  6  1  7  7  7  3  6  3  4  3  6  7  4  1  3  5  0  4  4  6  7  0  6  0  2]
973;298;2239;2761;88,068;50,639;2,074;[5  5  4  1  3  5  1  0  0  4  5  0  2  5  0  3  2  5  5  5  4  6  4  5  6  6  1  7  7  7  3  6  3  4  3  6  7  4  1  3  5  0  4  4  6  7  0  6  0  2]
974;296;2239;2761;88,401;50,669;2,071;[5  5  4  1  3  5  1  0  0  4  5  0  2  5  0  3  2  5  5  5  4  6  4  5  6  6  1  7  7  7  3  6  3  4  3  6  7  4  1  3  5  0  4  4  6  7  0  6  0  2]
975;292;2230;2770;89,416;50,676;2,058;[5  5  4  1  3  5  1  0  0  4  5  0  2  5  0  3  2  5  5  5  4  6  4  5  6  6  1  7  7  7  3  6  3  4  3  6  7  4  1  3  5  0  4  4  6  7  0  6  0  2]
976;292;2220;2780;90,657;50,672;2,062;[5  5  4  1  3  5  1  0  0  4  5  0  2  5  0  3  2  5  5  5  4  6  4  5  6  6  1  7  7  7  3  6  3  4  3  6  7  4  1  3  5  0  4  4  6  7  0  6  0  2]
977;290;2216;2784;91,684;50,688;2,055;[5  5  4  1  3  5  1  0  0  4  5  0  2  5  0  3  2  5  5  5  4  6  4  5  6  6  1  7  7  7  3  6  3  4  3  6  7  4  1  3  5  0  4  4  6  7  0  6  0  2]
978;290;2224;2776;92,422;50,701;2,055;[5  5  4  1  3  5  1  0  0  4  5  0  2  5  0  3  2  5  5  5  4  6  4  5  6  6  1  7  7  7  3  6  3  4  3  6  7  4  1  3  5  0  4  4  6  7  0  6  0  2]
979;293;2232;2768;92,552;50,692;2,065;[5  5  4  1  3  5  1  0  0  4  5  0  2  5  0  3  2  5  5  5  4  6  4  5  6  6  1  7  7  7  3  6  3  4  3  6  7  4  1  3  5  0  4  4  6  7  0  6  0  2]
980;295;2232;2768;92,056;50,696;2,064;[1  1  1  4  7  5  6  0  0  3  1  5  2  3  6  1  0  2  4  3  6  4  5  2  7  6  7  3  1  0  5  1  3  7  0  7  7  5  5  2  5  0  2  0  5  7  7  1  2  6]
981;297;2243;2757;91,014;50,720;2,081;[1  1  1  4  7  5  6  0  0  3  1  5  2  3  6  1  0  2  4  3  6  4  5  2  7  6  7  3  1  0  5  1  3  7  0  7  7  5  5  2  5  0  2  0  5  7  7  1  2  6]
982;303;2241;2759;89,373;50,705;2,083;[1  1  1  4  7  5  6  0  0  3  1  5  2  3  6  1  0  2  4  3  6  4  5  2  7  6  7  3  1  0  5  1  3  7  0  7  7  5  5  2  5  0  2  0  5  7  7  1  2  6]
983;302;2233;2767;88,361;50,890;2,026;[1  1  1  4  7  5  6  0  0  3  1  5  2  3  6  1  0  2  4  3  6  4  5  2  7  6  7  3  1  0  5  1  3  7  0  7  7  5  5  2  5  0  2  0  5  7  7  1  2  6]
984;307;2230;2770;88,483;50,896;2,029;[1  1  1  4  7  5  6  0  0  3  1  5  2  3  6  1  0  2  4  3  6  4  5  2  7  6  7  3  1  0  5  1  3  7  0  7  7  5  5  2  5  0  2  0  5  7  7  1  2  6]
985;304;2211;2789;88,046;50,892;2,036;[1  1  1  4  7  5  6  0  0  3  1  5  2  3  6  1  0  2  4  3  6  4  5  2  7  6  7  3  1  0  5  1  3  7  0  7  7  5  5  2  5  0  2  0  5  7  7  1  2  6]
986;306;2217;2783;89,550;50,910;2,042;[1  1  1  4  7  5  6  0  0  3  1  5  2  3  6  1  0  2  4  3  6  4  5  2  7  6  7  3  1  0  5  1  3  7  0  7  7  5  5  2  5  0  2  0  5  7  7  1  2  6]
987;308;2232;2768;87,787;50,920;2,039;[1  1  1  4  7  5  6  0  0  3  1  5  2  3  6  1  0  2  4  3  6  4  5  2  7  6  7  3  1  0  5  1  3  7  0  7  7  5  5  2  5  0  2  0  5  7  7  1  2  6]
988;306;2231;2769;87,253;50,926;2,042;[1  1  1  4  7  5  6  0  0  3  1  5  2  3  6  1  0  2  4  3  6  4  5  2  7  6  7  3  1  0  5  1  3  7  0  7  7  5  5  2  5  0  2  0  5  7  7  1  2  6]
989;308;2238;2762;86,951;50,934;2,036;[1  1  1  4  7  5  6  0  0  3  1  5  2  3  6  1  0  2  4  3  6  4  5  2  7  6  7  3  1  0  5  1  3  7  0  7  7  5  5  2  5  0  2  0  5  7  7  1  2  6]
990;305;2236;2764;87,674;50,925;2,033;[1  1  1  4  7  5  6  0  0  3  1  5  2  3  6  1  0  2  4  3  6  4  5  2  7  6  7  3  1  0  5  1  3  7  0  7  7  5  5  2  5  0  2  0  5  7  7  1  2  6]
991;300;2238;2762;88,344;50,914;2,033;[1  1  1  4  7  5  6  0  0  3  1  5  2  3  6  1  0  2  4  3  6  4  5  2  7  6  7  3  1  0  5  1  3  7  0  7  7  5  5  2  5  0  2  0  5  7  7  1  2  6]
992;296;2243;2757;90,068;50,987;2,017;[1  1  1  4  7  5  6  0  0  3  1  5  2  3  6  1  0  2  4  3  6  4  5  2  7  6  7  3  1  0  5  1  3  7  0  7  7  5  5  2  5  0  2  0  5  7  7  1  2  6]
993;296;2242;2758;89,932;50,989;2,017;[1  1  1  4  7  5  6  0  0  3  1  5  2  3  6  1  0  2  4  3  6  4  5  2  7  6  7  3  1  0  5  1  3  7  0  7  7  5  5  2  5  0  2  0  5  7  7  1  2  6]
994;298;2252;2748;89,492;50,995;2,013;[1  1  1  4  7  5  6  0  0  3  1  5  2  3  6  1  0  2  4  3  6  4  5  2  7  6  7  3  1  0  5  1  3  7  0  7  7  5  5  2  5  0  2  0  5  7  7  1  2  6]
995;296;2268;2732;89,983;51,015;2,003;[1  1  1  4  7  5  6  0  0  3  1  5  2  3  6  1  0  2  4  3  6  4  5  2  7  6  7  3  1  0  5  1  3  7  0  7  7  5  5  2  5  0  2  0  5  7  7  1  2  6]
996;290;2265;2735;89,914;51,016;2,021;[1  1  1  4  7  5  6  0  0  3  1  5  2  3  6  1  0  2  4  3  6  4  5  2  7  6  7  3  1  0  5  1  3  7  0  7  7  5  5  2  5  0  2  0  5  7  7  1  2  6]
997;287;2276;2724;92,148;51,028;2,035;[1  1  1  4  7  5  6  0  0  3  1  5  2  3  6  1  0  2  4  3  6  4  5  2  7  6  7  3  1  0  5  1  3  7  0  7  7  5  5  2  5  0  2  0  5  7  7  1  2  6]
998;284;2264;2736;92,829;51,244;1,989;[1  1  1  4  7  5  6  0  0  3  1  5  2  3  6  1  0  2  4  3  6  4  5  2  7  6  7  3  1  0  5  1  3  7  0  7  7  5  5  2  5  0  2  0  5  7  7  1  2  6]
999;287;2249;2751;93,475;51,253;1,990;[1  1  1  4  7  5  6  0  0  3  1  5  2  3  6  1  0  2  4  3  6  4  5  2  7  6  7  3  1  0  5  1  3  7  0  7  7  5  5  2  5  0  2  0  5  7  7  1  2  6]
1000;282;2258;2742;94,592;51,245;2,000;[1  1  1  4  7  5  6  0  0  3  1  5  2  3  6  1  0  2  4  3  6  4  5  2  7  6  7  3  1  0  5  1  3  7  0  7  7  5  5  2  5  0  2  0  5  7  7  1  2  6]
1001;281;2250;2750;95,448;51,263;2,000;[1  1  1  4  7  5  6  0  0  3  1  5  2  3  6  1  0  2  4  3  6  4  5  2  7  6  7  3  1  0  5  1  3  7  0  7  7  5  5  2  5  0  2  0  5  7  7  1  2  6]
1002;284;2255;2745;96,601;51,283;2,011;[1  1  1  4  7  5  6  0  0  3  1  5  2  3  6  1  0  2  4  3  6  4  5  2  7  6  7  3  1  0  5  1  3  7  0  7  7  5  5  2  5  0  2  0  5  7  7  1  2  6]
1003;285;2256;2744;96,727;51,599;1,888;[1  1  1  4  7  5  6  0  0  3  1  5  2  3  6  1  0  2  4  3  6  4  5  2  7  6  7  3  1  0  5  1  3  7  0  7  7  5  5  2  5  0  2  0  5  7  7  1  2  6]
1004;287;2258;2742;95,353;51,593;1,895;[1  1  1  4  7  5  6  0  0  3  1  5  2  3  6  1  0  2  4  3  6  4  5  2  7  6  7  3  1  0  5  1  3  7  0  7  7  5  5  2  5  0  2  0  5  7  7  1  2  6]
1005;287;2274;2726;95,211;51,602;1,902;[1  1  1  4  7  5  6  0  0  3  1  5  2  3  6  1  0  2  4  3  6  4  5  2  7  6  7  3  1  0  5  1  3  7  0  7  7  5  5  2  5  0  2  0  5  7  7  1  2  6]
1006;289;2278;2722;94,316;51,615;1,903;[1  1  1  4  7  5  6  0  0  3  1  5  2  3  6  1  0  2  4  3  6  4  5  2  7  6  7  3  1  0  5  1  3  7  0  7  7  5  5  2  5  0  2  0  5  7  7  1  2  6]
1007;289;2280;2720;95,035;51,677;1,903;[1  1  1  4  7  5  6  0  0  3  1  5  2  3  6  1  0  2  4  3  6  4  5  2  7  6  7  3  1  0  5  1  3  7  0  7  7  5  5  2  5  0  2  0  5  7  7  1  2  6]
1008;294;2287;2713;93,576;51,667;1,908;[1  1  1  4  7  5  6  0  0  3  1  5  2  3  6  1  0  2  4  3  6  4  5  2  7  6  7  3  1  0  5  1  3  7  0  7  7  5  5  2  5  0  2  0  5  7  7  1  2  6]
1009;295;2282;2718;92,140;51,685;1,895;[1  1  1  4  7  5  6  0  0  3  1  5  2  3  6  1  0  2  4  3  6  4  5  2  7  6  7  3  1  0  5  1  3  7  0  7  7  5  5  2  5  0  2  0  5  7  7  1  2  6]
1010;301;2285;2715;92,534;51,698;1,900;[1  1  1  4  7  5  6  0  0  3  1  5  2  3  6  1  0  2  4  3  6  4  5  2  7  6  7  3  1  0  5  1  3  7  0  7  7  5  5  2  5  0  2  0  5  7  7  1  2  6]
1011;306;2288;2712;90,050;51,691;1,902;[1  1  1  4  7  5  6  0  0  3  1  5  2  3  6  1  0  2  4  3  6  4  5  2  7  6  7  3  1  0  5  1  3  7  0  7  7  5  5  2  5  0  2  0  5  7  7  1  2  6]
1012;306;2276;2724;89,010;51,696;1,905;[1  1  1  4  7  5  6  0  0  3  1  5  2  3  6  1  0  2  4  3  6  4  5  2  7  6  7  3  1  0  5  1  3  7  0  7  7  5  5  2  5  0  2  0  5  7  7  1  2  6]
1013;309;2270;2730;89,851;51,689;1,906;[1  1  1  4  7  5  6  0  0  3  1  5  2  3  6  1  0  2  4  3  6  4  5  2  7  6  7  3  1  0  5  1  3  7  0  7  7  5  5  2  5  0  2  0  5  7  7  1  2  6]
1014;311;2274;2726;88,648;51,695;1,913;[1  1  1  4  7  5  6  0  0  3  1  5  2  3  6  1  0  2  4  3  6  4  5  2  7  6  7  3  1  0  5  1  3  7  0  7  7  5  5  2  5  0  2  0  5  7  7  1  2  6]
1015;315;2272;2728;88,052;51,724;1,914;[1  1  1  4  7  5  6  0  0  3  1  5  2  3  6  1  0  2  4  3  6  4  5  2  7  6  7  3  1  0  5  1  3  7  0  7  7  5  5  2  5  0  2  0  5  7  7  1  2  6]
1016;314;2270;2730;86,891;51,724;1,917;[1  1  1  4  7  5  6  0  0  3  1  5  2  3  6  1  0  2  4  3  6  4  5  2  7  6  7  3  1  0  5  1  3  7  0  7  7  5  5  2  5  0  2  0  5  7  7  1  2  6]
1017;313;2272;2728;87,074;51,743;1,927;[1  1  1  4  7  5  6  0  0  3  1  5  2  3  6  1  0  2  4  3  6  4  5  2  7  6  7  3  1  0  5  1  3  7  0  7  7  5  5  2  5  0  2  0  5  7  7  1  2  6]
1018;318;2275;2725;86,801;51,728;1,931;[1  1  1  4  7  5  6  0  0  3  1  5  2  3  6  1  0  2  4  3  6  4  5  2  7  6  7  3  1  0  5  1  3  7  0  7  7  5  5  2  5  0  2  0  5  7  7  1  2  6]
1019;313;2268;2732;86,479;51,740;1,920;[1  1  1  4  7  5  6  0  0  3  1  5  2  3  6  1  0  2  4  3  6  4  5  2  7  6  7  3  1  0  5  1  3  7  0  7  7  5  5  2  5  0  2  0  5  7  7  1  2  6]
1020;314;2272;2728;87,201;51,717;1,936;[1  1  1  4  7  5  6  0  0  3  1  5  2  3  6  1  0  2  4  3  6  4  5  2  7  6  7  3  1  0  5  1  3  7  0  7  7  5  5  2  5  0  2  0  5  7  7  1  2  6]
1021;317;2281;2719;86,302;51,699;1,940;[1  1  1  4  7  5  6  0  0  3  1  5  2  3  6  1  0  2  4  3  6  4  5  2  7  6  7  3  1  0  5  1  3  7  0  7  7  5  5  2  5  0  2  0  5  7  7  1  2  6]
1022;319;2295;2705;85,144;51,776;1,912;[1  1  1  4  7  5  6  0  0  3  1  5  2  3  6  1  0  2  4  3  6  4  5  2  7  6  7  3  1  0  5  1  3  7  0  7  7  5  5  2  5  0  2  0  5  7  7  1  2  6]
1023;315;2287;2713;84,265;51,745;1,908;[1  1  1  4  7  5  6  0  0  3  1  5  2  3  6  1  0  2  4  3  6  4  5  2  7  6  7  3  1  0  5  1  3  7  0  7  7  5  5  2  5  0  2  0  5  7  7  1  2  6]
1024;312;2274;2726;84,984;51,723;1,913;[1  1  1  4  7  5  6  0  0  3  1  5  2  3  6  1  0  2  4  3  6  4  5  2  7  6  7  3  1  0  5  1  3  7  0  7  7  5  5  2  5  0  2  0  5  7  7  1  2  6]
1025;314;2280;2720;86,266;51,694;1,930;[1  1  1  4  7  5  6  0  0  3  1  5  2  3  6  1  0  2  4  3  6  4  5  2  7  6  7  3  1  0  5  1  3  7  0  7  7  5  5  2  5  0  2  0  5  7  7  1  2  6]
1026;313;2277;2723;85,016;51,742;1,939;[1  1  1  4  7  5  6  0  0  3  1  5  2  3  6  1  0  2  4  3  6  4  5  2  7  6  7  3  1  0  5  1  3  7  0  7  7  5  5  2  5  0  2  0  5  7  7  1  2  6]
1027;314;2273;2727;85,534;51,727;1,933;[1  1  1  4  7  5  6  0  0  3  1  5  2  3  6  1  0  2  4  3  6  4  5  2  7  6  7  3  1  0  5  1  3  7  0  7  7  5  5  2  5  0  2  0  5  7  7  1  2  6]
1028;307;2263;2737;86,990;51,918;1,945;[4  6  0  4  7  0  3  7  1  2  2  0  0  6  2  1  6  6  6  7  3  5  5  6  2  5  3  4  3  0  6  2  1  1  1  4  4  2  3  0  7  3  0  2  4  6  5  2  7  2]
1029;306;2263;2737;87,706;51,902;1,961;[4  6  0  4  7  0  3  7  1  2  2  0  0  6  2  1  6  6  6  7  3  5  5  6  2  5  3  4  3  0  6  2  1  1  1  4  4  2  3  0  7  3  0  2  4  6  5  2  7  2]
1030;305;2267;2733;88,239;51,924;1,944;[4  6  0  4  7  0  3  7  1  2  2  0  0  6  2  1  6  6  6  7  3  5  5  6  2  5  3  4  3  0  6  2  1  1  1  4  4  2  3  0  7  3  0  2  4  6  5  2  7  2]
1031;302;2268;2732;88,317;51,914;1,947;[4  6  0  4  7  0  3  7  1  2  2  0  0  6  2  1  6  6  6  7  3  5  5  6  2  5  3  4  3  0  6  2  1  1  1  4  4  2  3  0  7  3  0  2  4  6  5  2  7  2]
1032;299;2276;2724;90,068;51,928;1,957;[4  6  0  4  7  0  3  7  1  2  2  0  0  6  2  1  6  6  6  7  3  5  5  6  2  5  3  4  3  0  6  2  1  1  1  4  4  2  3  0  7  3  0  2  4  6  5  2  7  2]
1033;303;2265;2735;88,261;51,928;1,957;[4  6  0  4  7  0  3  7  1  2  2  0  0  6  2  1  6  6  6  7  3  5  5  6  2  5  3  4  3  0  6  2  1  1  1  4  4  2  3  0  7  3  0  2  4  6  5  2  7  2]
1034;299;2256;2744;89,730;51,942;1,946;[4  6  0  4  7  0  3  7  1  2  2  0  0  6  2  1  6  6  6  7  3  5  5  6  2  5  3  4  3  0  6  2  1  1  1  4  4  2  3  0  7  3  0  2  4  6  5  2  7  2]
1035;292;2250;2750;91,804;51,936;1,952;[4  6  0  4  7  0  3  7  1  2  2  0  0  6  2  1  6  6  6  7  3  5  5  6  2  5  3  4  3  0  6  2  1  1  1  4  4  2  3  0  7  3  0  2  4  6  5  2  7  2]
1036;294;2259;2741;93,229;51,971;1,939;[4  6  0  4  7  0  3  7  1  2  2  0  0  6  2  1  6  6  6  7  3  5  5  6  2  5  3  4  3  0  6  2  1  1  1  4  4  2  3  0  7  3  0  2  4  6  5  2  7  2]
1037;294;2259;2741;93,619;51,955;1,956;[4  6  0  4  7  0  3  7  1  2  2  0  0  6  2  1  6  6  6  7  3  5  5  6  2  5  3  4  3  0  6  2  1  1  1  4  4  2  3  0  7  3  0  2  4  6  5  2  7  2]
1038;296;2253;2747;93,212;52,029;1,919;[4  6  0  4  7  0  3  7  1  2  2  0  0  6  2  1  6  6  6  7  3  5  5  6  2  5  3  4  3  0  6  2  1  1  1  4  4  2  3  0  7  3  0  2  4  6  5  2  7  2]
1039;295;2251;2749;92,449;52,004;1,929;[4  6  0  4  7  0  3  7  1  2  2  0  0  6  2  1  6  6  6  7  3  5  5  6  2  5  3  4  3  0  6  2  1  1  1  4  4  2  3  0  7  3  0  2  4  6  5  2  7  2]
1040;289;2253;2747;93,651;51,986;1,941;[4  6  0  4  7  0  3  7  1  2  2  0  0  6  2  1  6  6  6  7  3  5  5  6  2  5  3  4  3  0  6  2  1  1  1  4  4  2  3  0  7  3  0  2  4  6  5  2  7  2]
1041;289;2247;2753;95,053;52,012;1,941;[4  6  0  4  7  0  3  7  1  2  2  0  0  6  2  1  6  6  6  7  3  5  5  6  2  5  3  4  3  0  6  2  1  1  1  4  4  2  3  0  7  3  0  2  4  6  5  2  7  2]
1042;292;2251;2749;94,635;52,008;1,949;[4  6  0  4  7  0  3  7  1  2  2  0  0  6  2  1  6  6  6  7  3  5  5  6  2  5  3  4  3  0  6  2  1  1  1  4  4  2  3  0  7  3  0  2  4  6  5  2  7  2]
1043;291;2249;2751;95,297;52,039;1,935;[4  6  0  4  7  0  3  7  1  2  2  0  0  6  2  1  6  6  6  7  3  5  5  6  2  5  3  4  3  0  6  2  1  1  1  4  4  2  3  0  7  3  0  2  4  6  5  2  7  2]
1044;289;2246;2754;95,314;52,035;1,955;[4  6  0  4  7  0  3  7  1  2  2  0  0  6  2  1  6  6  6  7  3  5  5  6  2  5  3  4  3  0  6  2  1  1  1  4  4  2  3  0  7  3  0  2  4  6  5  2  7  2]
1045;287;2247;2753;96,031;52,040;1,958;[4  6  0  4  7  0  3  7  1  2  2  0  0  6  2  1  6  6  6  7  3  5  5  6  2  5  3  4  3  0  6  2  1  1  1  4  4  2  3  0  7  3  0  2  4  6  5  2  7  2]
1046;290;2256;2744;96,561;52,026;1,966;[4  6  0  4  7  0  3  7  1  2  2  0  0  6  2  1  6  6  6  7  3  5  5  6  2  5  3  4  3  0  6  2  1  1  1  4  4  2  3  0  7  3  0  2  4  6  5  2  7  2]
1047;290;2264;2736;96,690;52,039;1,969;[4  6  0  4  7  0  3  7  1  2  2  0  0  6  2  1  6  6  6  7  3  5  5  6  2  5  3  4  3  0  6  2  1  1  1  4  4  2  3  0  7  3  0  2  4  6  5  2  7  2]
1048;284;2268;2732;97,234;52,061;1,975;[4  6  0  4  7  0  3  7  1  2  2  0  0  6  2  1  6  6  6  7  3  5  5  6  2  5  3  4  3  0  6  2  1  1  1  4  4  2  3  0  7  3  0  2  4  6  5  2  7  2]
1049;286;2270;2730;97,687;52,046;1,990;[4  6  0  4  7  0  3  7  1  2  2  0  0  6  2  1  6  6  6  7  3  5  5  6  2  5  3  4  3  0  6  2  1  1  1  4  4  2  3  0  7  3  0  2  4  6  5  2  7  2]
1050;283;2267;2733;98,268;52,048;2,018;[4  6  0  4  7  0  3  7  1  2  2  0  0  6  2  1  6  6  6  7  3  5  5  6  2  5  3  4  3  0  6  2  1  1  1  4  4  2  3  0  7  3  0  2  4  6  5  2  7  2]
1051;285;2281;2719;98,434;52,055;2,018;[4  6  0  4  7  0  3  7  1  2  2  0  0  6  2  1  6  6  6  7  3  5  5  6  2  5  3  4  3  0  6  2  1  1  1  4  4  2  3  0  7  3  0  2  4  6  5  2  7  2]
1052;286;2280;2720;98,728;52,075;2,028;[4  6  0  4  7  0  3  7  1  2  2  0  0  6  2  1  6  6  6  7  3  5  5  6  2  5  3  4  3  0  6  2  1  1  1  4  4  2  3  0  7  3  0  2  4  6  5  2  7  2]
1053;289;2274;2726;96,731;52,075;2,028;[4  6  0  4  7  0  3  7  1  2  2  0  0  6  2  1  6  6  6  7  3  5  5  6  2  5  3  4  3  0  6  2  1  1  1  4  4  2  3  0  7  3  0  2  4  6  5  2  7  2]
1054;293;2266;2734;96,951;52,072;2,034;[4  6  0  4  7  0  3  7  1  2  2  0  0  6  2  1  6  6  6  7  3  5  5  6  2  5  3  4  3  0  6  2  1  1  1  4  4  2  3  0  7  3  0  2  4  6  5  2  7  2]
1055;299;2283;2717;95,597;52,072;2,033;[4  6  0  4  7  0  3  7  1  2  2  0  0  6  2  1  6  6  6  7  3  5  5  6  2  5  3  4  3  0  6  2  1  1  1  4  4  2  3  0  7  3  0  2  4  6  5  2  7  2]
1056;298;2275;2725;93,569;52,088;2,030;[2  4  1  3  2  6  3  4  3  1  3  3  7  0  7  0  2  4  7  1  5  7  5  6  3  7  3  7  6  3  2  3  4  1  6  2  7  0  4  5  6  5  4  1  5  6  4  0  2  5]
1057;301;2267;2733;94,983;52,133;2,030;[2  4  1  3  2  6  3  4  3  1  3  3  7  0  7  0  2  4  7  1  5  7  5  6  3  7  3  7  6  3  2  3  4  1  6  2  7  0  4  5  6  5  4  1  5  6  4  0  2  5]
1058;303;2259;2741;94,848;52,113;2,036;[2  4  1  3  2  6  3  4  3  1  3  3  7  0  7  0  2  4  7  1  5  7  5  6  3  7  3  7  6  3  2  3  4  1  6  2  7  0  4  5  6  5  4  1  5  6  4  0  2  5]
1059;302;2260;2740;94,050;52,188;2,010;[2  4  1  3  2  6  3  4  3  1  3  3  7  0  7  0  2  4  7  1  5  7  5  6  3  7  3  7  6  3  2  3  4  1  6  2  7  0  4  5  6  5  4  1  5  6  4  0  2  5]
1060;306;2251;2749;93,688;52,195;2,003;[2  4  1  3  2  6  3  4  3  1  3  3  7  0  7  0  2  4  7  1  5  7  5  6  3  7  3  7  6  3  2  3  4  1  6  2  7  0  4  5  6  5  4  1  5  6  4  0  2  5]
1061;307;2244;2756;92,885;52,190;2,007;[2  4  1  3  2  6  3  4  3  1  3  3  7  0  7  0  2  4  7  1  5  7  5  6  3  7  3  7  6  3  2  3  4  1  6  2  7  0  4  5  6  5  4  1  5  6  4  0  2  5]
1062;305;2236;2764;94,700;52,218;2,010;[2  4  1  3  2  6  3  4  3  1  3  3  7  0  7  0  2  4  7  1  5  7  5  6  3  7  3  7  6  3  2  3  4  1  6  2  7  0  4  5  6  5  4  1  5  6  4  0  2  5]
1063;303;2236;2764;96,061;52,221;2,017;[2  4  1  3  2  6  3  4  3  1  3  3  7  0  7  0  2  4  7  1  5  7  5  6  3  7  3  7  6  3  2  3  4  1  6  2  7  0  4  5  6  5  4  1  5  6  4  0  2  5]
1064;305;2237;2763;97,423;52,245;2,033;[2  4  1  3  2  6  3  4  3  1  3  3  7  0  7  0  2  4  7  1  5  7  5  6  3  7  3  7  6  3  2  3  4  1  6  2  7  0  4  5  6  5  4  1  5  6  4  0  2  5]
1065;305;2227;2773;94,586;52,252;2,043;[2  4  1  3  2  6  3  4  3  1  3  3  7  0  7  0  2  4  7  1  5  7  5  6  3  7  3  7  6  3  2  3  4  1  6  2  7  0  4  5  6  5  4  1  5  6  4  0  2  5]
1066;310;2231;2769;94,424;52,243;2,045;[2  4  1  3  2  6  3  4  3  1  3  3  7  0  7  0  2  4  7  1  5  7  5  6  3  7  3  7  6  3  2  3  4  1  6  2  7  0  4  5  6  5  4  1  5  6  4  0  2  5]
1067;313;2229;2771;93,546;52,236;2,061;[2  4  1  3  2  6  3  4  3  1  3  3  7  0  7  0  2  4  7  1  5  7  5  6  3  7  3  7  6  3  2  3  4  1  6  2  7  0  4  5  6  5  4  1  5  6  4  0  2  5]
1068;317;2221;2779;92,042;52,287;2,035;[2  4  1  3  2  6  3  4  3  1  3  3  7  0  7  0  2  4  7  1  5  7  5  6  3  7  3  7  6  3  2  3  4  1  6  2  7  0  4  5  6  5  4  1  5  6  4  0  2  5]
1069;320;2208;2792;91,369;52,279;2,031;[2  4  1  3  2  6  3  4  3  1  3  3  7  0  7  0  2  4  7  1  5  7  5  6  3  7  3  7  6  3  2  3  4  1  6  2  7  0  4  5  6  5  4  1  5  6  4  0  2  5]
1070;320;2217;2783;90,899;52,313;2,034;[2  4  1  3  2  6  3  4  3  1  3  3  7  0  7  0  2  4  7  1  5  7  5  6  3  7  3  7  6  3  2  3  4  1  6  2  7  0  4  5  6  5  4  1  5  6  4  0  2  5]
1071;320;2222;2778;91,067;52,338;2,044;[2  4  1  3  2  6  3  4  3  1  3  3  7  0  7  0  2  4  7  1  5  7  5  6  3  7  3  7  6  3  2  3  4  1  6  2  7  0  4  5  6  5  4  1  5  6  4  0  2  5]
1072;318;2212;2788;90,605;52,296;2,053;[2  4  1  3  2  6  3  4  3  1  3  3  7  0  7  0  2  4  7  1  5  7  5  6  3  7  3  7  6  3  2  3  4  1  6  2  7  0  4  5  6  5  4  1  5  6  4  0  2  5]
1073;316;2218;2782;91,736;52,314;2,060;[2  4  1  3  2  6  3  4  3  1  3  3  7  0  7  0  2  4  7  1  5  7  5  6  3  7  3  7  6  3  2  3  4  1  6  2  7  0  4  5  6  5  4  1  5  6  4  0  2  5]
1074;315;2218;2782;90,978;52,331;2,067;[2  4  1  3  2  6  3  4  3  1  3  3  7  0  7  0  2  4  7  1  5  7  5  6  3  7  3  7  6  3  2  3  4  1  6  2  7  0  4  5  6  5  4  1  5  6  4  0  2  5]
1075;313;2211;2789;91,371;52,322;2,067;[2  4  1  3  2  6  3  4  3  1  3  3  7  0  7  0  2  4  7  1  5  7  5  6  3  7  3  7  6  3  2  3  4  1  6  2  7  0  4  5  6  5  4  1  5  6  4  0  2  5]
1076;310;2203;2797;92,443;52,289;2,081;[2  4  1  3  2  6  3  4  3  1  3  3  7  0  7  0  2  4  7  1  5  7  5  6  3  7  3  7  6  3  2  3  4  1  6  2  7  0  4  5  6  5  4  1  5  6  4  0  2  5]
1077;313;2214;2786;93,328;52,290;2,067;[2  4  1  3  2  6  3  4  3  1  3  3  7  0  7  0  2  4  7  1  5  7  5  6  3  7  3  7  6  3  2  3  4  1  6  2  7  0  4  5  6  5  4  1  5  6  4  0  2  5]
1078;316;2210;2790;90,625;52,300;2,060;[2  4  1  3  2  6  3  4  3  1  3  3  7  0  7  0  2  4  7  1  5  7  5  6  3  7  3  7  6  3  2  3  4  1  6  2  7  0  4  5  6  5  4  1  5  6  4  0  2  5]
1079;319;2212;2788;90,916;52,282;2,066;[2  4  1  3  2  6  3  4  3  1  3  3  7  0  7  0  2  4  7  1  5  7  5  6  3  7  3  7  6  3  2  3  4  1  6  2  7  0  4  5  6  5  4  1  5  6  4  0  2  5]
1080;322;2209;2791;89,209;52,286;2,081;[2  4  1  3  2  6  3  4  3  1  3  3  7  0  7  0  2  4  7  1  5  7  5  6  3  7  3  7  6  3  2  3  4  1  6  2  7  0  4  5  6  5  4  1  5  6  4  0  2  5]
1081;322;2223;2777;88,817;52,306;2,075;[2  4  1  3  2  6  3  4  3  1  3  3  7  0  7  0  2  4  7  1  5  7  5  6  3  7  3  7  6  3  2  3  4  1  6  2  7  0  4  5  6  5  4  1  5  6  4  0  2  5]
1082;323;2233;2767;87,886;52,319;2,084;[2  4  1  3  2  6  3  4  3  1  3  3  7  0  7  0  2  4  7  1  5  7  5  6  3  7  3  7  6  3  2  3  4  1  6  2  7  0  4  5  6  5  4  1  5  6  4  0  2  5]
1083;318;2240;2760;87,145;52,383;2,053;[2  4  1  3  2  6  3  4  3  1  3  3  7  0  7  0  2  4  7  1  5  7  5  6  3  7  3  7  6  3  2  3  4  1  6  2  7  0  4  5  6  5  4  1  5  6  4  0  2  5]
1084;314;2240;2760;88,500;52,372;2,076;[2  4  1  3  2  6  3  4  3  1  3  3  7  0  7  0  2  4  7  1  5  7  5  6  3  7  3  7  6  3  2  3  4  1  6  2  7  0  4  5  6  5  4  1  5  6  4  0  2  5]
1085;312;2245;2755;89,493;52,355;2,090;[2  4  1  3  2  6  3  4  3  1  3  3  7  0  7  0  2  4  7  1  5  7  5  6  3  7  3  7  6  3  2  3  4  1  6  2  7  0  4  5  6  5  4  1  5  6  4  0  2  5]
1086;309;2244;2756;88,571;52,345;2,097;[2  4  1  3  2  6  3  4  3  1  3  3  7  0  7  0  2  4  7  1  5  7  5  6  3  7  3  7  6  3  2  3  4  1  6  2  7  0  4  5  6  5  4  1  5  6  4  0  2  5]
1087;312;2247;2753;88,779;52,420;2,077;[2  4  1  3  2  6  3  4  3  1  3  3  7  0  7  0  2  4  7  1  5  7  5  6  3  7  3  7  6  3  2  3  4  1  6  2  7  0  4  5  6  5  4  1  5  6  4  0  2  5]
1088;307;2246;2754;89,391;52,493;2,065;[2  4  1  3  2  6  3  4  3  1  3  3  7  0  7  0  2  4  7  1  5  7  5  6  3  7  3  7  6  3  2  3  4  1  6  2  7  0  4  5  6  5  4  1  5  6  4  0  2  5]
1089;309;2234;2766;89,082;52,479;2,074;[2  4  1  3  2  6  3  4  3  1  3  3  7  0  7  0  2  4  7  1  5  7  5  6  3  7  3  7  6  3  2  3  4  1  6  2  7  0  4  5  6  5  4  1  5  6  4  0  2  5]
1090;306;2242;2758;89,885;52,518;2,052;[2  4  1  3  2  6  3  4  3  1  3  3  7  0  7  0  2  4  7  1  5  7  5  6  3  7  3  7  6  3  2  3  4  1  6  2  7  0  4  5  6  5  4  1  5  6  4  0  2  5]
1091;307;2254;2746;90,617;52,523;2,065;[2  4  1  3  2  6  3  4  3  1  3  3  7  0  7  0  2  4  7  1  5  7  5  6  3  7  3  7  6  3  2  3  4  1  6  2  7  0  4  5  6  5  4  1  5  6  4  0  2  5]
1092;311;2266;2734;88,832;52,505;2,071;[2  4  1  3  2  6  3  4  3  1  3  3  7  0  7  0  2  4  7  1  5  7  5  6  3  7  3  7  6  3  2  3  4  1  6  2  7  0  4  5  6  5  4  1  5  6  4  0  2  5]
1093;309;2266;2734;87,885;52,519;2,065;[2  4  1  3  2  6  3  4  3  1  3  3  7  0  7  0  2  4  7  1  5  7  5  6  3  7  3  7  6  3  2  3  4  1  6  2  7  0  4  5  6  5  4  1  5  6  4  0  2  5]
1094;304;2263;2737;89,565;52,639;2,039;[2  4  1  3  2  6  3  4  3  1  3  3  7  0  7  0  2  4  7  1  5  7  5  6  3  7  3  7  6  3  2  3  4  1  6  2  7  0  4  5  6  5  4  1  5  6  4  0  2  5]
1095;302;2261;2739;90,034;52,668;2,033;[2  4  1  3  2  6  3  4  3  1  3  3  7  0  7  0  2  4  7  1  5  7  5  6  3  7  3  7  6  3  2  3  4  1  6  2  7  0  4  5  6  5  4  1  5  6  4  0  2  5]
1096;300;2251;2749;89,866;52,647;2,040;[2  4  1  3  2  6  3  4  3  1  3  3  7  0  7  0  2  4  7  1  5  7  5  6  3  7  3  7  6  3  2  3  4  1  6  2  7  0  4  5  6  5  4  1  5  6  4  0  2  5]
1097;300;2243;2757;90,385;52,651;2,037;[2  4  1  3  2  6  3  4  3  1  3  3  7  0  7  0  2  4  7  1  5  7  5  6  3  7  3  7  6  3  2  3  4  1  6  2  7  0  4  5  6  5  4  1  5  6  4  0  2  5]
1098;302;2253;2747;91,414;52,677;2,036;[2  4  1  3  2  6  3  4  3  1  3  3  7  0  7  0  2  4  7  1  5  7  5  6  3  7  3  7  6  3  2  3  4  1  6  2  7  0  4  5  6  5  4  1  5  6  4  0  2  5]
1099;301;2259;2741;91,576;52,720;2,047;[2  4  1  3  2  6  3  4  3  1  3  3  7  0  7  0  2  4  7  1  5  7  5  6  3  7  3  7  6  3  2  3  4  1  6  2  7  0  4  5  6  5  4  1  5  6  4  0  2  5]
1100;298;2255;2745;91,356;52,699;2,064;[2  4  1  3  2  6  3  4  3  1  3  3  7  0  7  0  2  4  7  1  5  7  5  6  3  7  3  7  6  3  2  3  4  1  6  2  7  0  4  5  6  5  4  1  5  6  4  0  2  5]
1101;300;2260;2740;91,334;52,701;2,067;[2  4  1  3  2  6  3  4  3  1  3  3  7  0  7  0  2  4  7  1  5  7  5  6  3  7  3  7  6  3  2  3  4  1  6  2  7  0  4  5  6  5  4  1  5  6  4  0  2  5]
1102;299;2259;2741;91,149;52,693;2,080;[2  4  1  3  2  6  3  4  3  1  3  3  7  0  7  0  2  4  7  1  5  7  5  6  3  7  3  7  6  3  2  3  4  1  6  2  7  0  4  5  6  5  4  1  5  6  4  0  2  5]
1103;299;2250;2750;91,888;52,712;2,074;[2  4  1  3  2  6  3  4  3  1  3  3  7  0  7  0  2  4  7  1  5  7  5  6  3  7  3  7  6  3  2  3  4  1  6  2  7  0  4  5  6  5  4  1  5  6  4  0  2  5]
1104;298;2236;2764;91,824;52,701;2,081;[2  4  1  3  2  6  3  4  3  1  3  3  7  0  7  0  2  4  7  1  5  7  5  6  3  7  3  7  6  3  2  3  4  1  6  2  7  0  4  5  6  5  4  1  5  6  4  0  2  5]
1105;305;2228;2772;92,290;52,694;2,082;[2  4  1  3  2  6  3  4  3  1  3  3  7  0  7  0  2  4  7  1  5  7  5  6  3  7  3  7  6  3  2  3  4  1  6  2  7  0  4  5  6  5  4  1  5  6  4  0  2  5]
1106;309;2226;2774;90,609;52,702;2,084;[2  4  1  3  2  6  3  4  3  1  3  3  7  0  7  0  2  4  7  1  5  7  5  6  3  7  3  7  6  3  2  3  4  1  6  2  7  0  4  5  6  5  4  1  5  6  4  0  2  5]
1107;314;2222;2778;89,756;52,710;2,086;[2  4  1  3  2  6  3  4  3  1  3  3  7  0  7  0  2  4  7  1  5  7  5  6  3  7  3  7  6  3  2  3  4  1  6  2  7  0  4  5  6  5  4  1  5  6  4  0  2  5]
1108;318;2217;2783;88,397;52,729;2,079;[2  4  1  3  2  6  3  4  3  1  3  3  7  0  7  0  2  4  7  1  5  7  5  6  3  7  3  7  6  3  2  3  4  1  6  2  7  0  4  5  6  5  4  1  5  6  4  0  2  5]
1109;313;2220;2780;89,016;52,748;2,086;[7  2  1  4  6  4  5  0  3  6  7  3  3  4  6  4  6  6  1  7  1  1  5  4  1  2  0  6  6  5  3  7  4  7  5  5  2  0  3  7  5  2  3  0  6  3  0  1  7  1]
1110;307;2212;2788;89,869;52,805;2,078;[7  2  1  4  6  4  5  0  3  6  7  3  3  4  6  4  6  6  1  7  1  1  5  4  1  2  0  6  6  5  3  7  4  7  5  5  2  0  3  7  5  2  3  0  6  3  0  1  7  1]
1111;313;2200;2800;90,163;52,805;2,083;[7  2  1  4  6  4  5  0  3  6  7  3  3  4  6  4  6  6  1  7  1  1  5  4  1  2  0  6  6  5  3  7  4  7  5  5  2  0  3  7  5  2  3  0  6  3  0  1  7  1]
1112;311;2204;2796;89,484;52,799;2,093;[7  3  2  1  4  3  7  0  0  7  3  3  5  2  0  3  2  3  4  0  6  3  5  1  5  2  3  0  7  4  2  3  6  6  7  7  0  2  6  4  4  3  4  5  6  0  3  6  7  1]
1113;313;2191;2809;89,708;52,795;2,099;[7  3  2  1  4  3  7  0  0  7  3  3  5  2  0  3  2  3  4  0  6  3  5  1  5  2  3  0  7  4  2  3  6  6  7  7  0  2  6  4  4  3  4  5  6  0  3  6  7  1]
1114;315;2193;2807;89,629;52,788;2,108;[7  3  2  1  4  3  7  0  0  7  3  3  5  2  0  3  2  3  4  0  6  3  5  1  5  2  3  0  7  4  2  3  6  6  7  7  0  2  6  4  4  3  4  5  6  0  3  6  7  1]
1115;313;2198;2802;88,798;52,834;2,080;[7  3  2  1  4  3  7  0  0  7  3  3  5  2  0  3  2  3  4  0  6  3  5  1  5  2  3  0  7  4  2  3  6  6  7  7  0  2  6  4  4  3  4  5  6  0  3  6  7  1]
1116;314;2211;2789;89,513;52,818;2,099;[7  3  2  1  4  3  7  0  0  7  3  3  5  2  0  3  2  3  4  0  6  3  5  1  5  2  3  0  7  4  2  3  6  6  7  7  0  2  6  4  4  3  4  5  6  0  3  6  7  1]
1117;308;2209;2791;89,918;52,819;2,097;[7  3  2  1  4  3  7  0  0  7  3  3  5  2  0  3  2  3  4  0  6  3  5  1  5  2  3  0  7  4  2  3  6  6  7  7  0  2  6  4  4  3  4  5  6  0  3  6  7  1]
1118;309;2219;2781;90,847;52,797;2,104;[7  3  2  1  4  3  7  0  0  7  3  3  5  2  0  3  2  3  4  0  6  3  5  1  5  2  3  0  7  4  2  3  6  6  7  7  0  2  6  4  4  3  4  5  6  0  3  6  7  1]
1119;309;2216;2784;89,441;52,796;2,107;[7  3  2  1  4  3  7  0  0  7  3  3  5  2  0  3  2  3  4  0  6  3  5  1  5  2  3  0  7  4  2  3  6  6  7  7  0  2  6  4  4  3  4  5  6  0  3  6  7  1]
1120;311;2225;2775;88,938;52,809;2,116;[7  3  2  1  4  3  7  0  0  7  3  3  5  2  0  3  2  3  4  0  6  3  5  1  5  2  3  0  7  4  2  3  6  6  7  7  0  2  6  4  4  3  4  5  6  0  3  6  7  1]
1121;308;2221;2779;88,689;52,818;2,127;[7  3  2  1  4  3  7  0  0  7  3  3  5  2  0  3  2  3  4  0  6  3  5  1  5  2  3  0  7  4  2  3  6  6  7  7  0  2  6  4  4  3  4  5  6  0  3  6  7  1]
1122;307;2225;2775;88,513;52,818;2,137;[7  3  2  1  4  3  7  0  0  7  3  3  5  2  0  3  2  3  4  0  6  3  5  1  5  2  3  0  7  4  2  3  6  6  7  7  0  2  6  4  4  3  4  5  6  0  3  6  7  1]
1123;306;2217;2783;88,508;53,069;2,007;[7  3  2  1  4  3  7  0  0  7  3  3  5  2  0  3  2  3  4  0  6  3  5  1  5  2  3  0  7  4  2  3  6  6  7  7  0  2  6  4  4  3  4  5  6  0  3  6  7  1]
1124;307;2212;2788;89,112;53,081;2,003;[7  3  2  1  4  3  7  0  0  7  3  3  5  2  0  3  2  3  4  0  6  3  5  1  5  2  3  0  7  4  2  3  6  6  7  7  0  2  6  4  4  3  4  5  6  0  3  6  7  1]
1125;306;2206;2794;89,587;53,084;2,010;[7  3  2  1  4  3  7  0  0  7  3  3  5  2  0  3  2  3  4  0  6  3  5  1  5  2  3  0  7  4  2  3  6  6  7  7  0  2  6  4  4  3  4  5  6  0  3  6  7  1]
1126;302;2214;2786;91,037;53,112;2,010;[7  2  1  4  6  4  5  0  3  6  7  3  3  4  6  4  6  6  1  7  1  1  5  4  1  2  0  6  6  5  3  7  4  7  5  5  2  0  3  7  5  2  3  0  6  3  0  1  7  1]
1127;303;2213;2787;90,652;53,168;2,013;[7  2  1  4  6  4  5  0  3  6  7  3  3  4  6  4  6  6  1  7  1  1  5  4  1  2  0  6  6  5  3  7  4  7  5  5  2  0  3  7  5  2  3  0  6  3  0  1  7  1]
1128;303;2209;2791;90,719;53,161;2,023;[7  2  1  4  6  4  5  0  3  6  7  3  3  4  6  4  6  6  1  7  1  1  5  4  1  2  0  6  6  5  3  7  4  7  5  5  2  0  3  7  5  2  3  0  6  3  0  1  7  1]
1129;301;2216;2784;90,332;53,154;2,030;[7  2  1  4  6  4  5  0  3  6  7  3  3  4  6  4  6  6  1  7  1  1  5  4  1  2  0  6  6  5  3  7  4  7  5  5  2  0  3  7  5  2  3  0  6  3  0  1  7  1]
1130;301;2207;2793;91,797;53,148;2,050;[7  2  1  4  6  4  5  0  3  6  7  3  3  4  6  4  6  6  1  7  1  1  5  4  1  2  0  6  6  5  3  7  4  7  5  5  2  0  3  7  5  2  3  0  6  3  0  1  7  1]
1131;302;2209;2791;91,409;53,187;2,036;[7  2  1  4  6  4  5  0  3  6  7  3  3  4  6  4  6  6  1  7  1  1  5  4  1  2  0  6  6  5  3  7  4  7  5  5  2  0  3  7  5  2  3  0  6  3  0  1  7  1]
1132;306;2209;2791;90,432;53,183;2,036;[7  2  1  4  6  4  5  0  3  6  7  3  3  4  6  4  6  6  1  7  1  1  5  4  1  2  0  6  6  5  3  7  4  7  5  5  2  0  3  7  5  2  3  0  6  3  0  1  7  1]
1133;304;2198;2802;90,717;53,171;2,046;[7  2  1  4  6  4  5  0  3  6  7  3  3  4  6  4  6  6  1  7  1  1  5  4  1  2  0  6  6  5  3  7  4  7  5  5  2  0  3  7  5  2  3  0  6  3  0  1  7  1]
1134;300;2204;2796;91,572;53,153;2,060;[7  2  1  4  6  4  5  0  3  6  7  3  3  4  6  4  6  6  1  7  1  1  5  4  1  2  0  6  6  5  3  7  4  7  5  5  2  0  3  7  5  2  3  0  6  3  0  1  7  1]
1135;301;2202;2798;91,902;53,181;2,047;[7  2  1  4  6  4  5  0  3  6  7  3  3  4  6  4  6  6  1  7  1  1  5  4  1  2  0  6  6  5  3  7  4  7  5  5  2  0  3  7  5  2  3  0  6  3  0  1  7  1]
1136;300;2197;2803;92,054;53,156;2,060;[7  2  1  4  6  4  5  0  3  6  7  3  3  4  6  4  6  6  1  7  1  1  5  4  1  2  0  6  6  5  3  7  4  7  5  5  2  0  3  7  5  2  3  0  6  3  0  1  7  1]
1137;303;2177;2823;92,047;53,150;2,069;[7  2  1  4  6  4  5  0  3  6  7  3  3  4  6  4  6  6  1  7  1  1  5  4  1  2  0  6  6  5  3  7  4  7  5  5  2  0  3  7  5  2  3  0  6  3  0  1  7  1]
1138;304;2170;2830;91,854;53,145;2,069;[7  2  1  4  6  4  5  0  3  6  7  3  3  4  6  4  6  6  1  7  1  1  5  4  1  2  0  6  6  5  3  7  4  7  5  5  2  0  3  7  5  2  3  0  6  3  0  1  7  1]
1139;307;2182;2818;92,475;53,140;2,081;[7  2  1  4  6  4  5  0  3  6  7  3  3  4  6  4  6  6  1  7  1  1  5  4  1  2  0  6  6  5  3  7  4  7  5  5  2  0  3  7  5  2  3  0  6  3  0  1  7  1]
1140;306;2176;2824;90,954;53,124;2,092;[7  2  1  4  6  4  5  0  3  6  7  3  3  4  6  4  6  6  1  7  1  1  5  4  1  2  0  6  6  5  3  7  4  7  5  5  2  0  3  7  5  2  3  0  6  3  0  1  7  1]
1141;306;2175;2825;91,788;53,138;2,078;[7  2  1  4  6  4  5  0  3  6  7  3  3  4  6  4  6  6  1  7  1  1  5  4  1  2  0  6  6  5  3  7  4  7  5  5  2  0  3  7  5  2  3  0  6  3  0  1  7  1]
1142;305;2176;2824;92,110;53,138;2,075;[7  2  1  4  6  4  5  0  3  6  7  3  3  4  6  4  6  6  1  7  1  1  5  4  1  2  0  6  6  5  3  7  4  7  5  5  2  0  3  7  5  2  3  0  6  3  0  1  7  1]
1143;306;2178;2822;91,135;53,135;2,078;[7  2  1  4  6  4  5  0  3  6  7  3  3  4  6  4  6  6  1  7  1  1  5  4  1  2  0  6  6  5  3  7  4  7  5  5  2  0  3  7  5  2  3  0  6  3  0  1  7  1]
1144;304;2185;2815;91,877;53,125;2,092;[7  2  1  4  6  4  5  0  3  6  7  3  3  4  6  4  6  6  1  7  1  1  5  4  1  2  0  6  6  5  3  7  4  7  5  5  2  0  3  7  5  2  3  0  6  3  0  1  7  1]
1145;308;2188;2812;91,512;53,135;2,081;[7  2  1  4  6  4  5  0  3  6  7  3  3  4  6  4  6  6  1  7  1  1  5  4  1  2  0  6  6  5  3  7  4  7  5  5  2  0  3  7  5  2  3  0  6  3  0  1  7  1]
1146;309;2169;2831;90,444;53,145;2,068;[7  2  1  4  6  4  5  0  3  6  7  3  3  4  6  4  6  6  1  7  1  1  5  4  1  2  0  6  6  5  3  7  4  7  5  5  2  0  3  7  5  2  3  0  6  3  0  1  7  1]
1147;311;2174;2826;90,130;53,146;2,071;[7  2  1  4  6  4  5  0  3  6  7  3  3  4  6  4  6  6  1  7  1  1  5  4  1  2  0  6  6  5  3  7  4  7  5  5  2  0  3  7  5  2  3  0  6  3  0  1  7  1]
1148;309;2169;2831;90,343;53,145;2,071;[7  2  1  4  6  4  5  0  3  6  7  3  3  4  6  4  6  6  1  7  1  1  5  4  1  2  0  6  6  5  3  7  4  7  5  5  2  0  3  7  5  2  3  0  6  3  0  1  7  1]
1149;313;2158;2842;90,195;53,140;2,077;[7  2  1  4  6  4  5  0  3  6  7  3  3  4  6  4  6  6  1  7  1  1  5  4  1  2  0  6  6  5  3  7  4  7  5  5  2  0  3  7  5  2  3  0  6  3  0  1  7  1]
1150;318;2161;2839;89,453;53,127;2,075;[7  2  1  4  6  4  5  0  3  6  7  3  3  4  6  4  6  6  1  7  1  1  5  4  1  2  0  6  6  5  3  7  4  7  5  5  2  0  3  7  5  2  3  0  6  3  0  1  7  1]
1151;310;2158;2842;89,709;53,139;2,071;[7  2  1  4  6  4  5  0  3  6  7  3  3  4  6  4  6  6  1  7  1  1  5  4  1  2  0  6  6  5  3  7  4  7  5  5  2  0  3  7  5  2  3  0  6  3  0  1  7  1]
1152;311;2154;2846;90,293;53,129;2,077;[7  2  1  4  6  4  5  0  3  6  7  3  3  4  6  4  6  6  1  7  1  1  5  4  1  2  0  6  6  5  3  7  4  7  5  5  2  0  3  7  5  2  3  0  6  3  0  1  7  1]
1153;315;2148;2852;89,500;53,134;2,076;[7  2  1  4  6  4  5  0  3  6  7  3  3  4  6  4  6  6  1  7  1  1  5  4  1  2  0  6  6  5  3  7  4  7  5  5  2  0  3  7  5  2  3  0  6  3  0  1  7  1]
1154;313;2141;2859;89,919;53,224;2,042;[7  2  1  4  6  4  5  0  3  6  7  3  3  4  6  4  6  6  1  7  1  1  5  4  1  2  0  6  6  5  3  7  4  7  5  5  2  0  3  7  5  2  3  0  6  3  0  1  7  1]
1155;317;2138;2862;89,534;53,220;2,041;[7  2  1  4  6  4  5  0  3  6  7  3  3  4  6  4  6  6  1  7  1  1  5  4  1  2  0  6  6  5  3  7  4  7  5  5  2  0  3  7  5  2  3  0  6  3  0  1  7  1]
1156;314;2141;2859;89,215;53,219;2,054;[7  2  1  4  6  4  5  0  3  6  7  3  3  4  6  4  6  6  1  7  1  1  5  4  1  2  0  6  6  5  3  7  4  7  5  5  2  0  3  7  5  2  3  0  6  3  0  1  7  1]
1157;314;2130;2870;89,452;53,235;2,045;[7  2  1  4  6  4  5  0  3  6  7  3  3  4  6  4  6  6  1  7  1  1  5  4  1  2  0  6  6  5  3  7  4  7  5  5  2  0  3  7  5  2  3  0  6  3  0  1  7  1]
1158;313;2136;2864;90,113;53,225;2,061;[7  2  1  4  6  4  5  0  3  6  7  3  3  4  6  4  6  6  1  7  1  1  5  4  1  2  0  6  6  5  3  7  4  7  5  5  2  0  3  7  5  2  3  0  6  3  0  1  7  1]
1159;309;2140;2860;89,968;53,208;2,071;[7  2  1  4  6  4  5  0  3  6  7  3  3  4  6  4  6  6  1  7  1  1  5  4  1  2  0  6  6  5  3  7  4  7  5  5  2  0  3  7  5  2  3  0  6  3  0  1  7  1]
1160;311;2146;2854;89,935;53,209;2,068;[7  2  1  4  6  4  5  0  3  6  7  3  3  4  6  4  6  6  1  7  1  1  5  4  1  2  0  6  6  5  3  7  4  7  5  5  2  0  3  7  5  2  3  0  6  3  0  1  7  1]
1161;308;2142;2858;90,411;53,254;2,055;[7  2  1  4  6  4  5  0  3  6  7  3  3  4  6  4  6  6  1  7  1  1  5  4  1  2  0  6  6  5  3  7  4  7  5  5  2  0  3  7  5  2  3  0  6  3  0  1  7  1]
1162;306;2131;2869;91,750;53,286;2,065;[7  2  1  4  6  4  5  0  3  6  7  3  3  4  6  4  6  6  1  7  1  1  5  4  1  2  0  6  6  5  3  7  4  7  5  5  2  0  3  7  5  2  3  0  6  3  0  1  7  1]
1163;308;2127;2873;91,386;53,301;2,052;[7  2  1  4  6  4  5  0  3  6  7  3  3  4  6  4  6  6  1  7  1  1  5  4  1  2  0  6  6  5  3  7  4  7  5  5  2  0  3  7  5  2  3  0  6  3  0  1  7  1]
1164;308;2115;2885;90,637;53,290;2,058;[7  2  1  4  6  4  5  0  3  6  7  3  3  4  6  4  6  6  1  7  1  1  5  4  1  2  0  6  6  5  3  7  4  7  5  5  2  0  3  7  5  2  3  0  6  3  0  1  7  1]
1165;309;2126;2874;91,426;53,270;2,071;[7  2  1  4  6  4  5  0  3  6  7  3  3  4  6  4  6  6  1  7  1  1  5  4  1  2  0  6  6  5  3  7  4  7  5  5  2  0  3  7  5  2  3  0  6  3  0  1  7  1]
1166;313;2131;2869;90,507;53,298;2,064;[7  2  1  4  6  4  5  0  3  6  7  3  3  4  6  4  6  6  1  7  1  1  5  4  1  2  0  6  6  5  3  7  4  7  5  5  2  0  3  7  5  2  3  0  6  3  0  1  7  1]
1167;307;2140;2860;90,459;53,323;2,068;[7  2  1  4  6  4  5  0  3  6  7  3  3  4  6  4  6  6  1  7  1  1  5  4  1  2  0  6  6  5  3  7  4  7  5  5  2  0  3  7  5  2  3  0  6  3  0  1  7  1]
1168;305;2138;2862;91,433;53,334;2,069;[7  2  1  4  6  4  5  0  3  6  7  3  3  4  6  4  6  6  1  7  1  1  5  4  1  2  0  6  6  5  3  7  4  7  5  5  2  0  3  7  5  2  3  0  6  3  0  1  7  1]
1169;303;2151;2849;91,839;53,361;2,079;[7  2  1  4  6  4  5  0  3  6  7  3  3  4  6  4  6  6  1  7  1  1  5  4  1  2  0  6  6  5  3  7  4  7  5  5  2  0  3  7  5  2  3  0  6  3  0  1  7  1]
1170;303;2165;2835;91,510;53,374;2,092;[7  2  1  4  6  4  5  0  3  6  7  3  3  4  6  4  6  6  1  7  1  1  5  4  1  2  0  6  6  5  3  7  4  7  5  5  2  0  3  7  5  2  3  0  6  3  0  1  7  1]
1171;303;2165;2835;90,535;53,372;2,099;[7  2  1  4  6  4  5  0  3  6  7  3  3  4  6  4  6  6  1  7  1  1  5  4  1  2  0  6  6  5  3  7  4  7  5  5  2  0  3  7  5  2  3  0  6  3  0  1  7  1]
1172;303;2175;2825;90,250;53,358;2,106;[7  2  1  4  6  4  5  0  3  6  7  3  3  4  6  4  6  6  1  7  1  1  5  4  1  2  0  6  6  5  3  7  4  7  5  5  2  0  3  7  5  2  3  0  6  3  0  1  7  1]
1173;300;2185;2815;90,657;53,408;2,087;[7  2  1  4  6  4  5  0  3  6  7  3  3  4  6  4  6  6  1  7  1  1  5  4  1  2  0  6  6  5  3  7  4  7  5  5  2  0  3  7  5  2  3  0  6  3  0  1  7  1]
1174;296;2195;2805;90,814;53,478;2,084;[7  2  1  4  6  4  5  0  3  6  7  3  3  4  6  4  6  6  1  7  1  1  5  4  1  2  0  6  6  5  3  7  4  7  5  5  2  0  3  7  5  2  3  0  6  3  0  1  7  1]
1175;294;2224;2776;92,587;53,492;2,071;[7  2  1  4  6  4  5  0  3  6  7  3  3  4  6  4  6  6  1  7  1  1  5  4  1  2  0  6  6  5  3  7  4  7  5  5  2  0  3  7  5  2  3  0  6  3  0  1  7  1]
1176;295;2230;2770;90,344;53,493;2,071;[7  2  1  4  6  4  5  0  3  6  7  3  3  4  6  4  6  6  1  7  1  1  5  4  1  2  0  6  6  5  3  7  4  7  5  5  2  0  3  7  5  2  3  0  6  3  0  1  7  1]
1177;296;2230;2770;89,573;53,480;2,081;[7  2  1  4  6  4  5  0  3  6  7  3  3  4  6  4  6  6  1  7  1  1  5  4  1  2  0  6  6  5  3  7  4  7  5  5  2  0  3  7  5  2  3  0  6  3  0  1  7  1]
1178;295;2229;2771;90,934;53,463;2,088;[7  2  1  4  6  4  5  0  3  6  7  3  3  4  6  4  6  6  1  7  1  1  5  4  1  2  0  6  6  5  3  7  4  7  5  5  2  0  3  7  5  2  3  0  6  3  0  1  7  1]
1179;294;2214;2786;90,550;53,538;2,037;[7  2  1  4  6  4  5  0  3  6  7  3  3  4  6  4  6  6  1  7  1  1  5  4  1  2  0  6  6  5  3  7  4  7  5  5  2  0  3  7  5  2  3  0  6  3  0  1  7  1]
1180;294;2209;2791;91,164;53,543;2,031;[7  2  1  4  6  4  5  0  3  6  7  3  3  4  6  4  6  6  1  7  1  1  5  4  1  2  0  6  6  5  3  7  4  7  5  5  2  0  3  7  5  2  3  0  6  3  0  1  7  1]
1181;297;2203;2797;91,558;53,556;2,030;[7  2  1  4  6  4  5  0  3  6  7  3  3  4  6  4  6  6  1  7  1  1  5  4  1  2  0  6  6  5  3  7  4  7  5  5  2  0  3  7  5  2  3  0  6  3  0  1  7  1]
1182;298;2215;2785;92,320;53,552;2,044;[2  4  1  3  2  6  3  4  3  1  3  3  7  0  7  0  2  4  7  1  5  7  5  6  3  7  3  7  6  3  2  3  4  1  6  2  7  0  4  5  6  5  4  1  5  6  4  0  2  5]
1183;300;2197;2803;90,610;53,666;2,043;[2  4  1  3  2  6  3  4  3  1  3  3  7  0  7  0  2  4  7  1  5  7  5  6  3  7  3  7  6  3  2  3  4  1  6  2  7  0  4  5  6  5  4  1  5  6  4  0  2  5]
1184;298;2189;2811;91,610;53,702;2,013;[2  4  1  3  2  6  3  4  3  1  3  3  7  0  7  0  2  4  7  1  5  7  5  6  3  7  3  7  6  3  2  3  4  1  6  2  7  0  4  5  6  5  4  1  5  6  4  0  2  5]
1185;297;2197;2803;92,730;53,729;2,034;[2  4  1  3  2  6  3  4  3  1  3  3  7  0  7  0  2  4  7  1  5  7  5  6  3  7  3  7  6  3  2  3  4  1  6  2  7  0  4  5  6  5  4  1  5  6  4  0  2  5]
1186;295;2192;2808;92,126;53,754;2,024;[2  4  1  3  2  6  3  4  3  1  3  3  7  0  7  0  2  4  7  1  5  7  5  6  3  7  3  7  6  3  2  3  4  1  6  2  7  0  4  5  6  5  4  1  5  6  4  0  2  5]
1187;293;2193;2807;93,759;53,737;2,041;[2  4  1  3  2  6  3  4  3  1  3  3  7  0  7  0  2  4  7  1  5  7  5  6  3  7  3  7  6  3  2  3  4  1  6  2  7  0  4  5  6  5  4  1  5  6  4  0  2  5]
1188;292;2192;2808;94,204;53,765;2,031;[2  4  1  3  2  6  3  4  3  1  3  3  7  0  7  0  2  4  7  1  5  7  5  6  3  7  3  7  6  3  2  3  4  1  6  2  7  0  4  5  6  5  4  1  5  6  4  0  2  5]
1189;294;2198;2802;94,446;53,771;2,048;[2  4  1  3  2  6  3  4  3  1  3  3  7  0  7  0  2  4  7  1  5  7  5  6  3  7  3  7  6  3  2  3  4  1  6  2  7  0  4  5  6  5  4  1  5  6  4  0  2  5]
1190;299;2199;2801;93,677;53,756;2,064;[2  4  1  3  2  6  3  4  3  1  3  3  7  0  7  0  2  4  7  1  5  7  5  6  3  7  3  7  6  3  2  3  4  1  6  2  7  0  4  5  6  5  4  1  5  6  4  0  2  5]
1191;304;2197;2803;92,196;53,820;2,033;[2  4  1  3  2  6  3  4  3  1  3  3  7  0  7  0  2  4  7  1  5  7  5  6  3  7  3  7  6  3  2  3  4  1  6  2  7  0  4  5  6  5  4  1  5  6  4  0  2  5]
1192;304;2196;2804;91,133;53,868;2,026;[2  4  1  3  2  6  3  4  3  1  3  3  7  0  7  0  2  4  7  1  5  7  5  6  3  7  3  7  6  3  2  3  4  1  6  2  7  0  4  5  6  5  4  1  5  6  4  0  2  5]
1193;304;2197;2803;90,579;53,875;2,026;[2  4  1  3  2  6  3  4  3  1  3  3  7  0  7  0  2  4  7  1  5  7  5  6  3  7  3  7  6  3  2  3  4  1  6  2  7  0  4  5  6  5  4  1  5  6  4  0  2  5]
1194;300;2200;2800;91,405;53,871;2,050;[2  4  1  3  2  6  3  4  3  1  3  3  7  0  7  0  2  4  7  1  5  7  5  6  3  7  3  7  6  3  2  3  4  1  6  2  7  0  4  5  6  5  4  1  5  6  4  0  2  5]
1195;303;2190;2810;91,577;53,872;2,053;[2  4  1  3  2  6  3  4  3  1  3  3  7  0  7  0  2  4  7  1  5  7  5  6  3  7  3  7  6  3  2  3  4  1  6  2  7  0  4  5  6  5  4  1  5  6  4  0  2  5]
1196;305;2186;2814;91,196;53,911;2,043;[2  4  1  3  2  6  3  4  3  1  3  3  7  0  7  0  2  4  7  1  5  7  5  6  3  7  3  7  6  3  2  3  4  1  6  2  7  0  4  5  6  5  4  1  5  6  4  0  2  5]
1197;303;2183;2817;91,379;53,910;2,043;[2  4  1  3  2  6  3  4  3  1  3  3  7  0  7  0  2  4  7  1  5  7  5  6  3  7  3  7  6  3  2  3  4  1  6  2  7  0  4  5  6  5  4  1  5  6  4  0  2  5]
1198;299;2193;2807;93,373;53,885;2,074;[2  4  1  3  2  6  3  4  3  1  3  3  7  0  7  0  2  4  7  1  5  7  5  6  3  7  3  7  6  3  2  3  4  1  6  2  7  0  4  5  6  5  4  1  5  6  4  0  2  5]
1199;299;2197;2803;93,265;53,859;2,094;[2  4  1  3  2  6  3  4  3  1  3  3  7  0  7  0  2  4  7  1  5  7  5  6  3  7  3  7  6  3  2  3  4  1  6  2  7  0  4  5  6  5  4  1  5  6  4  0  2  5]
1200;297;2211;2789;93,801;53,836;2,114;[2  4  1  3  2  6  3  4  3  1  3  3  7  0  7  0  2  4  7  1  5  7  5  6  3  7  3  7  6  3  2  3  4  1  6  2  7  0  4  5  6  5  4  1  5  6  4  0  2  5]
1201;296;2216;2784;93,862;54,004;2,064;[2  4  1  3  2  6  3  4  3  1  3  3  7  0  7  0  2  4  7  1  5  7  5  6  3  7  3  7  6  3  2  3  4  1  6  2  7  0  4  5  6  5  4  1  5  6  4  0  2  5]
1202;297;2214;2786;93,454;54,065;2,064;[2  4  1  3  2  6  3  4  3  1  3  3  7  0  7  0  2  4  7  1  5  7  5  6  3  7  3  7  6  3  2  3  4  1  6  2  7  0  4  5  6  5  4  1  5  6  4  0  2  5]
1203;295;2219;2781;93,390;54,101;2,051;[2  4  1  3  2  6  3  4  3  1  3  3  7  0  7  0  2  4  7  1  5  7  5  6  3  7  3  7  6  3  2  3  4  1  6  2  7  0  4  5  6  5  4  1  5  6  4  0  2  5]
1204;293;2223;2777;93,271;54,086;2,058;[2  4  1  3  2  6  3  4  3  1  3  3  7  0  7  0  2  4  7  1  5  7  5  6  3  7  3  7  6  3  2  3  4  1  6  2  7  0  4  5  6  5  4  1  5  6  4  0  2  5]
1205;292;2226;2774;94,170;54,070;2,065;[2  4  1  3  2  6  3  4  3  1  3  3  7  0  7  0  2  4  7  1  5  7  5  6  3  7  3  7  6  3  2  3  4  1  6  2  7  0  4  5  6  5  4  1  5  6  4  0  2  5]
1206;292;2229;2771;93,557;54,062;2,068;[2  4  1  3  2  6  3  4  3  1  3  3  7  0  7  0  2  4  7  1  5  7  5  6  3  7  3  7  6  3  2  3  4  1  6  2  7  0  4  5  6  5  4  1  5  6  4  0  2  5]
1207;291;2234;2766;93,879;54,057;2,069;[2  4  1  3  2  6  3  4  3  1  3  3  7  0  7  0  2  4  7  1  5  7  5  6  3  7  3  7  6  3  2  3  4  1  6  2  7  0  4  5  6  5  4  1  5  6  4  0  2  5]
1208;289;2221;2779;94,774;54,069;2,073;[2  4  1  3  2  6  3  4  3  1  3  3  7  0  7  0  2  4  7  1  5  7  5  6  3  7  3  7  6  3  2  3  4  1  6  2  7  0  4  5  6  5  4  1  5  6  4  0  2  5]
1209;292;2223;2777;96,014;54,082;2,082;[2  4  1  3  2  6  3  4  3  1  3  3  7  0  7  0  2  4  7  1  5  7  5  6  3  7  3  7  6  3  2  3  4  1  6  2  7  0  4  5  6  5  4  1  5  6  4  0  2  5]
1210;294;2234;2766;95,156;54,105;2,085;[2  4  1  3  2  6  3  4  3  1  3  3  7  0  7  0  2  4  7  1  5  7  5  6  3  7  3  7  6  3  2  3  4  1  6  2  7  0  4  5  6  5  4  1  5  6  4  0  2  5]
1211;295;2234;2766;93,801;54,100;2,092;[2  4  1  3  2  6  3  4  3  1  3  3  7  0  7  0  2  4  7  1  5  7  5  6  3  7  3  7  6  3  2  3  4  1  6  2  7  0  4  5  6  5  4  1  5  6  4  0  2  5]
1212;296;2232;2768;94,586;54,100;2,101;[2  4  1  3  2  6  3  4  3  1  3  3  7  0  7  0  2  4  7  1  5  7  5  6  3  7  3  7  6  3  2  3  4  1  6  2  7  0  4  5  6  5  4  1  5  6  4  0  2  5]
1213;293;2212;2788;95,190;54,092;2,123;[2  4  1  3  2  6  3  4  3  1  3  3  7  0  7  0  2  4  7  1  5  7  5  6  3  7  3  7  6  3  2  3  4  1  6  2  7  0  4  5  6  5  4  1  5  6  4  0  2  5]
1214;295;2199;2801;96,419;54,076;2,125;[2  4  1  3  2  6  3  4  3  1  3  3  7  0  7  0  2  4  7  1  5  7  5  6  3  7  3  7  6  3  2  3  4  1  6  2  7  0  4  5  6  5  4  1  5  6  4  0  2  5]
1215;294;2200;2800;96,615;54,097;2,109;[2  4  1  3  2  6  3  4  3  1  3  3  7  0  7  0  2  4  7  1  5  7  5  6  3  7  3  7  6  3  2  3  4  1  6  2  7  0  4  5  6  5  4  1  5  6  4  0  2  5]
1216;299;2201;2799;96,058;54,095;2,114;[2  4  1  3  2  6  3  4  3  1  3  3  7  0  7  0  2  4  7  1  5  7  5  6  3  7  3  7  6  3  2  3  4  1  6  2  7  0  4  5  6  5  4  1  5  6  4  0  2  5]
1217;303;2199;2801;94,832;54,078;2,122;[2  4  1  3  2  6  3  4  3  1  3  3  7  0  7  0  2  4  7  1  5  7  5  6  3  7  3  7  6  3  2  3  4  1  6  2  7  0  4  5  6  5  4  1  5  6  4  0  2  5]
1218;305;2194;2806;93,721;54,085;2,115;[2  4  1  3  2  6  3  4  3  1  3  3  7  0  7  0  2  4  7  1  5  7  5  6  3  7  3  7  6  3  2  3  4  1  6  2  7  0  4  5  6  5  4  1  5  6  4  0  2  5]
1219;304;2186;2814;93,642;54,073;2,122;[2  4  1  3  2  6  3  4  3  1  3  3  7  0  7  0  2  4  7  1  5  7  5  6  3  7  3  7  6  3  2  3  4  1  6  2  7  0  4  5  6  5  4  1  5  6  4  0  2  5]
1220;307;2169;2831;93,696;54,069;2,127;[2  4  1  3  2  6  3  4  3  1  3  3  7  0  7  0  2  4  7  1  5  7  5  6  3  7  3  7  6  3  2  3  4  1  6  2  7  0  4  5  6  5  4  1  5  6  4  0  2  5]
1221;308;2153;2847;94,178;54,181;2,104;[2  4  1  3  2  6  3  4  3  1  3  3  7  0  7  0  2  4  7  1  5  7  5  6  3  7  3  7  6  3  2  3  4  1  6  2  7  0  4  5  6  5  4  1  5  6  4  0  2  5]
1222;305;2149;2851;95,847;54,215;2,098;[2  4  1  3  2  6  3  4  3  1  3  3  7  0  7  0  2  4  7  1  5  7  5  6  3  7  3  7  6  3  2  3  4  1  6  2  7  0  4  5  6  5  4  1  5  6  4  0  2  5]
1223;311;2148;2852;94,770;54,215;2,096;[2  4  1  3  2  6  3  4  3  1  3  3  7  0  7  0  2  4  7  1  5  7  5  6  3  7  3  7  6  3  2  3  4  1  6  2  7  0  4  5  6  5  4  1  5  6  4  0  2  5]
1224;315;2151;2849;93,815;54,211;2,098;[2  4  1  3  2  6  3  4  3  1  3  3  7  0  7  0  2  4  7  1  5  7  5  6  3  7  3  7  6  3  2  3  4  1  6  2  7  0  4  5  6  5  4  1  5  6  4  0  2  5]
1225;319;2133;2867;91,752;54,205;2,100;[2  4  1  3  2  6  3  4  3  1  3  3  7  0  7  0  2  4  7  1  5  7  5  6  3  7  3  7  6  3  2  3  4  1  6  2  7  0  4  5  6  5  4  1  5  6  4  0  2  5]
1226;319;2114;2886;91,804;54,235;2,085;[2  4  1  3  2  6  3  4  3  1  3  3  7  0  7  0  2  4  7  1  5  7  5  6  3  7  3  7  6  3  2  3  4  1  6  2  7  0  4  5  6  5  4  1  5  6  4  0  2  5]
1227;310;2116;2884;94,854;54,275;2,081;[2  4  1  3  2  6  3  4  3  1  3  3  7  0  7  0  2  4  7  1  5  7  5  6  3  7  3  7  6  3  2  3  4  1  6  2  7  0  4  5  6  5  4  1  5  6  4  0  2  5]
1228;309;2115;2885;94,935;54,295;2,071;[2  4  1  3  2  6  3  4  3  1  3  3  7  0  7  0  2  4  7  1  5  7  5  6  3  7  3  7  6  3  2  3  4  1  6  2  7  0  4  5  6  5  4  1  5  6  4  0  2  5]
1229;312;2114;2886;94,870;54,309;2,067;[7  5  0  1  3  3  3  1  2  2  6  1  3  0  0  4  3  3  7  2  0  4  3  0  5  5  5  4  3  5  5  7  3  1  6  7  5  1  5  7  4  1  7  5  3  7  7  7  5  0]
1230;311;2125;2875;95,114;54,370;2,039;[7  5  0  1  3  3  3  1  2  2  6  1  3  0  0  4  3  3  7  2  0  4  3  0  5  5  5  4  3  5  5  7  3  1  6  7  5  1  5  7  4  1  7  5  3  7  7  7  5  0]
1231;312;2105;2895;94,169;54,368;2,045;[7  5  0  1  3  3  3  1  2  2  6  1  3  0  0  4  3  3  7  2  0  4  3  0  5  5  5  4  3  5  5  7  3  1  6  7  5  1  5  7  4  1  7  5  3  7  7  7  5  0]
1232;311;2102;2898;94,724;54,372;2,045;[7  5  0  1  3  3  3  1  2  2  6  1  3  0  0  4  3  3  7  2  0  4  3  0  5  5  5  4  3  5  5  7  3  1  6  7  5  1  5  7  4  1  7  5  3  7  7  7  5  0]
1233;313;2103;2897;94,434;54,371;2,045;[7  5  0  1  3  3  3  1  2  2  6  1  3  0  0  4  3  3  7  2  0  4  3  0  5  5  5  4  3  5  5  7  3  1  6  7  5  1  5  7  4  1  7  5  3  7  7  7  5  0]
1234;311;2105;2895;94,545;54,426;2,026;[7  5  0  1  3  3  3  1  2  2  6  1  3  0  0  4  3  3  7  2  0  4  3  0  5  5  5  4  3  5  5  7  3  1  6  7  5  1  5  7  4  1  7  5  3  7  7  7  5  0]
1235;307;2108;2892;95,246;54,468;2,020;[7  5  0  1  3  3  3  1  2  2  6  1  3  0  0  4  3  3  7  2  0  4  3  0  5  5  5  4  3  5  5  7  3  1  6  7  5  1  5  7  4  1  7  5  3  7  7  7  5  0]
1236;307;2112;2888;95,329;54,458;2,026;[7  5  0  1  3  3  3  1  2  2  6  1  3  0  0  4  3  3  7  2  0  4  3  0  5  5  5  4  3  5  5  7  3  1  6  7  5  1  5  7  4  1  7  5  3  7  7  7  5  0]
1237;305;2114;2886;96,013;54,438;2,036;[7  5  0  1  3  3  3  1  2  2  6  1  3  0  0  4  3  3  7  2  0  4  3  0  5  5  5  4  3  5  5  7  3  1  6  7  5  1  5  7  4  1  7  5  3  7  7  7  5  0]
1238;305;2105;2895;95,579;54,441;2,039;[7  5  0  1  3  3  3  1  2  2  6  1  3  0  0  4  3  3  7  2  0  4  3  0  5  5  5  4  3  5  5  7  3  1  6  7  5  1  5  7  4  1  7  5  3  7  7  7  5  0]
1239;304;2108;2892;96,312;54,504;2,016;[7  5  0  1  3  3  3  1  2  2  6  1  3  0  0  4  3  3  7  2  0  4  3  0  5  5  5  4  3  5  5  7  3  1  6  7  5  1  5  7  4  1  7  5  3  7  7  7  5  0]
1240;300;2112;2888;97,114;54,512;2,017;[7  5  0  1  3  3  3  1  2  2  6  1  3  0  0  4  3  3  7  2  0  4  3  0  5  5  5  4  3  5  5  7  3  1  6  7  5  1  5  7  4  1  7  5  3  7  7  7  5  0]
1241;302;2119;2881;96,946;54,503;2,023;[7  5  0  1  3  3  3  1  2  2  6  1  3  0  0  4  3  3  7  2  0  4  3  0  5  5  5  4  3  5  5  7  3  1  6  7  5  1  5  7  4  1  7  5  3  7  7  7  5  0]
1242;304;2114;2886;96,304;54,502;2,030;[7  5  0  1  3  3  3  1  2  2  6  1  3  0  0  4  3  3  7  2  0  4  3  0  5  5  5  4  3  5  5  7  3  1  6  7  5  1  5  7  4  1  7  5  3  7  7  7  5  0]
1243;311;2107;2893;95,930;54,528;2,035;[7  5  0  1  3  3  3  1  2  2  6  1  3  0  0  4  3  3  7  2  0  4  3  0  5  5  5  4  3  5  5  7  3  1  6  7  5  1  5  7  4  1  7  5  3  7  7  7  5  0]
1244;316;2122;2878;93,770;54,549;2,025;[7  5  0  1  3  3  3  1  2  2  6  1  3  0  0  4  3  3  7  2  0  4  3  0  5  5  5  4  3  5  5  7  3  1  6  7  5  1  5  7  4  1  7  5  3  7  7  7  5  0]
1245;317;2129;2871;91,417;54,557;2,019;[7  5  0  1  3  3  3  1  2  2  6  1  3  0  0  4  3  3  7  2  0  4  3  0  5  5  5  4  3  5  5  7  3  1  6  7  5  1  5  7  4  1  7  5  3  7  7  7  5  0]
1246;318;2146;2854;91,736;54,570;2,006;[7  5  0  1  3  3  3  1  2  2  6  1  3  0  0  4  3  3  7  2  0  4  3  0  5  5  5  4  3  5  5  7  3  1  6  7  5  1  5  7  4  1  7  5  3  7  7  7  5  0]
1247;316;2136;2864;89,873;54,555;2,022;[7  5  0  1  3  3  3  1  2  2  6  1  3  0  0  4  3  3  7  2  0  4  3  0  5  5  5  4  3  5  5  7  3  1  6  7  5  1  5  7  4  1  7  5  3  7  7  7  5  0]
1248;317;2133;2867;90,127;54,600;2,022;[7  5  0  1  3  3  3  1  2  2  6  1  3  0  0  4  3  3  7  2  0  4  3  0  5  5  5  4  3  5  5  7  3  1  6  7  5  1  5  7  4  1  7  5  3  7  7  7  5  0]
1249;319;2131;2869;90,335;54,579;2,034;[7  5  0  1  3  3  3  1  2  2  6  1  3  0  0  4  3  3  7  2  0  4  3  0  5  5  5  4  3  5  5  7  3  1  6  7  5  1  5  7  4  1  7  5  3  7  7  7  5  0]
1250;316;2140;2860;90,224;54,575;2,035;[7  5  0  1  3  3  3  1  2  2  6  1  3  0  0  4  3  3  7  2  0  4  3  0  5  5  5  4  3  5  5  7  3  1  6  7  5  1  5  7  4  1  7  5  3  7  7  7  5  0]
1251;314;2140;2860;90,161;54,574;2,029;[7  5  0  1  3  3  3  1  2  2  6  1  3  0  0  4  3  3  7  2  0  4  3  0  5  5  5  4  3  5  5  7  3  1  6  7  5  1  5  7  4  1  7  5  3  7  7  7  5  0]
1252;316;2147;2853;89,984;54,581;2,035;[7  5  0  1  3  3  3  1  2  2  6  1  3  0  0  4  3  3  7  2  0  4  3  0  5  5  5  4  3  5  5  7  3  1  6  7  5  1  5  7  4  1  7  5  3  7  7  7  5  0]
1253;312;2137;2863;90,341;54,596;2,042;[7  5  0  1  3  3  3  1  2  2  6  1  3  0  0  4  3  3  7  2  0  4  3  0  5  5  5  4  3  5  5  7  3  1  6  7  5  1  5  7  4  1  7  5  3  7  7  7  5  0]
1254;311;2127;2873;90,993;54,600;2,055;[7  5  0  1  3  3  3  1  2  2  6  1  3  0  0  4  3  3  7  2  0  4  3  0  5  5  5  4  3  5  5  7  3  1  6  7  5  1  5  7  4  1  7  5  3  7  7  7  5  0]
1255;307;2122;2878;92,270;54,587;2,075;[7  5  0  1  3  3  3  1  2  2  6  1  3  0  0  4  3  3  7  2  0  4  3  0  5  5  5  4  3  5  5  7  3  1  6  7  5  1  5  7  4  1  7  5  3  7  7  7  5  0]
1256;306;2133;2867;93,063;54,629;2,065;[7  5  0  1  3  3  3  1  2  2  6  1  3  0  0  4  3  3  7  2  0  4  3  0  5  5  5  4  3  5  5  7  3  1  6  7  5  1  5  7  4  1  7  5  3  7  7  7  5  0]
1257;306;2142;2858;92,178;54,701;2,059;[7  5  0  1  3  3  3  1  2  2  6  1  3  0  0  4  3  3  7  2  0  4  3  0  5  5  5  4  3  5  5  7  3  1  6  7  5  1  5  7  4  1  7  5  3  7  7  7  5  0]
1258;301;2132;2868;93,535;54,748;2,047;[7  5  0  1  3  3  3  1  2  2  6  1  3  0  0  4  3  3  7  2  0  4  3  0  5  5  5  4  3  5  5  7  3  1  6  7  5  1  5  7  4  1  7  5  3  7  7  7  5  0]
1259;300;2139;2861;94,409;55,041;1,970;[7  5  0  1  3  3  3  1  2  2  6  1  3  0  0  4  3  3  7  2  0  4  3  0  5  5  5  4  3  5  5  7  3  1  6  7  5  1  5  7  4  1  7  5  3  7  7  7  5  0]
1260;302;2141;2859;94,441;55,040;1,974;[7  5  0  1  3  3  3  1  2  2  6  1  3  0  0  4  3  3  7  2  0  4  3  0  5  5  5  4  3  5  5  7  3  1  6  7  5  1  5  7  4  1  7  5  3  7  7  7  5  0]
1261;298;2134;2866;93,473;55,289;1,919;[7  5  0  1  3  3  3  1  2  2  6  1  3  0  0  4  3  3  7  2  0  4  3  0  5  5  5  4  3  5  5  7  3  1  6  7  5  1  5  7  4  1  7  5  3  7  7  7  5  0]
1262;296;2129;2871;95,136;55,292;1,939;[7  5  0  1  3  3  3  1  2  2  6  1  3  0  0  4  3  3  7  2  0  4  3  0  5  5  5  4  3  5  5  7  3  1  6  7  5  1  5  7  4  1  7  5  3  7  7  7  5  0]
1263;302;2133;2867;95,169;55,343;1,934;[7  5  0  1  3  3  3  1  2  2  6  1  3  0  0  4  3  3  7  2  0  4  3  0  5  5  5  4  3  5  5  7  3  1  6  7  5  1  5  7  4  1  7  5  3  7  7  7  5  0]
1264;298;2140;2860;95,374;55,329;1,953;[7  5  0  1  3  3  3  1  2  2  6  1  3  0  0  4  3  3  7  2  0  4  3  0  5  5  5  4  3  5  5  7  3  1  6  7  5  1  5  7  4  1  7  5  3  7  7  7  5  0]
1265;296;2163;2837;95,119;55,344;1,946;[7  5  0  1  3  3  3  1  2  2  6  1  3  0  0  4  3  3  7  2  0  4  3  0  5  5  5  4  3  5  5  7  3  1  6  7  5  1  5  7  4  1  7  5  3  7  7  7  5  0]
1266;298;2165;2835;94,369;55,349;1,943;[7  5  0  1  3  3  3  1  2  2  6  1  3  0  0  4  3  3  7  2  0  4  3  0  5  5  5  4  3  5  5  7  3  1  6  7  5  1  5  7  4  1  7  5  3  7  7  7  5  0]
1267;295;2165;2835;95,034;55,383;1,908;[7  5  0  1  3  3  3  1  2  2  6  1  3  0  0  4  3  3  7  2  0  4  3  0  5  5  5  4  3  5  5  7  3  1  6  7  5  1  5  7  4  1  7  5  3  7  7  7  5  0]
1268;299;2163;2837;94,539;55,373;1,920;[7  5  0  1  3  3  3  1  2  2  6  1  3  0  0  4  3  3  7  2  0  4  3  0  5  5  5  4  3  5  5  7  3  1  6  7  5  1  5  7  4  1  7  5  3  7  7  7  5  0]
1269;297;2164;2836;93,801;55,396;1,929;[7  5  0  1  3  3  3  1  2  2  6  1  3  0  0  4  3  3  7  2  0  4  3  0  5  5  5  4  3  5  5  7  3  1  6  7  5  1  5  7  4  1  7  5  3  7  7  7  5  0]
1270;301;2167;2833;94,136;55,391;1,934;[7  5  0  1  3  3  3  1  2  2  6  1  3  0  0  4  3  3  7  2  0  4  3  0  5  5  5  4  3  5  5  7  3  1  6  7  5  1  5  7  4  1  7  5  3  7  7  7  5  0]
1271;297;2159;2841;93,750;55,410;1,939;[7  5  0  1  3  3  3  1  2  2  6  1  3  0  0  4  3  3  7  2  0  4  3  0  5  5  5  4  3  5  5  7  3  1  6  7  5  1  5  7  4  1  7  5  3  7  7  7  5  0]
1272;291;2173;2827;96,172;55,478;1,928;[7  5  0  1  3  3  3  1  2  2  6  1  3  0  0  4  3  3  7  2  0  4  3  0  5  5  5  4  3  5  5  7  3  1  6  7  5  1  5  7  4  1  7  5  3  7  7  7  5  0]
1273;291;2167;2833;95,952;55,471;1,931;[7  5  0  1  3  3  3  1  2  2  6  1  3  0  0  4  3  3  7  2  0  4  3  0  5  5  5  4  3  5  5  7  3  1  6  7  5  1  5  7  4  1  7  5  3  7  7  7  5  0]
1274;289;2178;2822;97,807;55,469;1,948;[7  5  0  1  3  3  3  1  2  2  6  1  3  0  0  4  3  3  7  2  0  4  3  0  5  5  5  4  3  5  5  7  3  1  6  7  5  1  5  7  4  1  7  5  3  7  7  7  5  0]
1275;288;2168;2832;97,491;55,490;1,958;[7  5  0  1  3  3  3  1  2  2  6  1  3  0  0  4  3  3  7  2  0  4  3  0  5  5  5  4  3  5  5  7  3  1  6  7  5  1  5  7  4  1  7  5  3  7  7  7  5  0]
1276;291;2173;2827;97,257;55,490;1,959;[7  5  0  1  3  3  3  1  2  2  6  1  3  0  0  4  3  3  7  2  0  4  3  0  5  5  5  4  3  5  5  7  3  1  6  7  5  1  5  7  4  1  7  5  3  7  7  7  5  0]
1277;293;2186;2814;96,534;55,491;1,966;[7  5  0  1  3  3  3  1  2  2  6  1  3  0  0  4  3  3  7  2  0  4  3  0  5  5  5  4  3  5  5  7  3  1  6  7  5  1  5  7  4  1  7  5  3  7  7  7  5  0]
1278;288;2179;2821;97,038;55,480;1,972;[7  5  0  1  3  3  3  1  2  2  6  1  3  0  0  4  3  3  7  2  0  4  3  0  5  5  5  4  3  5  5  7  3  1  6  7  5  1  5  7  4  1  7  5  3  7  7  7  5  0]
1279;290;2185;2815;97,972;55,483;1,972;[7  5  0  1  3  3  3  1  2  2  6  1  3  0  0  4  3  3  7  2  0  4  3  0  5  5  5  4  3  5  5  7  3  1  6  7  5  1  5  7  4  1  7  5  3  7  7  7  5  0]
1280;291;2177;2823;97,222;55,487;1,973;[7  5  0  1  3  3  3  1  2  2  6  1  3  0  0  4  3  3  7  2  0  4  3  0  5  5  5  4  3  5  5  7  3  1  6  7  5  1  5  7  4  1  7  5  3  7  7  7  5  0]
1281;293;2170;2830;97,509;55,478;1,976;[7  5  0  1  3  3  3  1  2  2  6  1  3  0  0  4  3  3  7  2  0  4  3  0  5  5  5  4  3  5  5  7  3  1  6  7  5  1  5  7  4  1  7  5  3  7  7  7  5  0]
1282;298;2175;2825;97,724;55,489;1,973;[7  5  0  1  3  3  3  1  2  2  6  1  3  0  0  4  3  3  7  2  0  4  3  0  5  5  5  4  3  5  5  7  3  1  6  7  5  1  5  7  4  1  7  5  3  7  7  7  5  0]
1283;301;2180;2820;95,659;55,481;1,980;[7  5  0  1  3  3  3  1  2  2  6  1  3  0  0  4  3  3  7  2  0  4  3  0  5  5  5  4  3  5  5  7  3  1  6  7  5  1  5  7  4  1  7  5  3  7  7  7  5  0]
1284;304;2183;2817;95,152;55,497;1,977;[7  5  0  1  3  3  3  1  2  2  6  1  3  0  0  4  3  3  7  2  0  4  3  0  5  5  5  4  3  5  5  7  3  1  6  7  5  1  5  7  4  1  7  5  3  7  7  7  5  0]
1285;304;2176;2824;94,732;55,520;1,964;[7  5  0  1  3  3  3  1  2  2  6  1  3  0  0  4  3  3  7  2  0  4  3  0  5  5  5  4  3  5  5  7  3  1  6  7  5  1  5  7  4  1  7  5  3  7  7  7  5  0]
1286;303;2178;2822;95,438;55,562;1,944;[3  5  3  4  0  0  5  7  0  2  3  0  6  2  3  7  5  2  1  2  3  5  1  1  4  3  5  0  2  1  5  1  4  5  4  3  2  0  3  4  0  2  5  5  5  3  4  6  3  7]
1287;306;2168;2832;95,067;55,587;1,961;[3  5  3  4  0  0  5  7  0  2  3  0  6  2  3  7  5  2  1  2  3  5  1  1  4  3  5  0  2  1  5  1  4  5  4  3  2  0  3  4  0  2  5  5  5  3  4  6  3  7]
1288;308;2172;2828;93,717;55,583;1,964;[3  5  3  4  0  0  5  7  0  2  3  0  6  2  3  7  5  2  1  2  3  5  1  1  4  3  5  0  2  1  5  1  4  5  4  3  2  0  3  4  0  2  5  5  5  3  4  6  3  7]
1289;304;2161;2839;94,073;55,636;1,951;[3  5  3  4  0  0  5  7  0  2  3  0  6  2  3  7  5  2  1  2  3  5  1  1  4  3  5  0  2  1  5  1  4  5  4  3  2  0  3  4  0  2  5  5  5  3  4  6  3  7]
1290;301;2171;2829;95,217;55,620;1,963;[3  5  3  4  0  0  5  7  0  2  3  0  6  2  3  7  5  2  1  2  3  5  1  1  4  3  5  0  2  1  5  1  4  5  4  3  2  0  3  4  0  2  5  5  5  3  4  6  3  7]
1291;303;2172;2828;95,673;55,624;1,957;[3  5  3  4  0  0  5  7  0  2  3  0  6  2  3  7  5  2  1  2  3  5  1  1  4  3  5  0  2  1  5  1  4  5  4  3  2  0  3  4  0  2  5  5  5  3  4  6  3  7]
1292;304;2163;2837;94,717;55,617;1,957;[3  5  3  4  0  0  5  7  0  2  3  0  6  2  3  7  5  2  1  2  3  5  1  1  4  3  5  0  2  1  5  1  4  5  4  3  2  0  3  4  0  2  5  5  5  3  4  6  3  7]
1293;303;2157;2843;95,167;55,611;1,964;[3  5  3  4  0  0  5  7  0  2  3  0  6  2  3  7  5  2  1  2  3  5  1  1  4  3  5  0  2  1  5  1  4  5  4  3  2  0  3  4  0  2  5  5  5  3  4  6  3  7]
1294;301;2154;2846;96,431;55,604;1,980;[3  5  3  4  0  0  5  7  0  2  3  0  6  2  3  7  5  2  1  2  3  5  1  1  4  3  5  0  2  1  5  1  4  5  4  3  2  0  3  4  0  2  5  5  5  3  4  6  3  7]
1295;304;2149;2851;95,667;55,601;1,977;[3  5  3  4  0  0  5  7  0  2  3  0  6  2  3  7  5  2  1  2  3  5  1  1  4  3  5  0  2  1  5  1  4  5  4  3  2  0  3  4  0  2  5  5  5  3  4  6  3  7]
1296;301;2155;2845;96,560;55,607;1,980;[3  5  3  4  0  0  5  7  0  2  3  0  6  2  3  7  5  2  1  2  3  5  1  1  4  3  5  0  2  1  5  1  4  5  4  3  2  0  3  4  0  2  5  5  5  3  4  6  3  7]
1297;300;2153;2847;96,943;55,591;1,993;[3  5  3  4  0  0  5  7  0  2  3  0  6  2  3  7  5  2  1  2  3  5  1  1  4  3  5  0  2  1  5  1  4  5  4  3  2  0  3  4  0  2  5  5  5  3  4  6  3  7]
1298;301;2144;2856;96,137;55,589;1,997;[3  5  3  4  0  0  5  7  0  2  3  0  6  2  3  7  5  2  1  2  3  5  1  1  4  3  5  0  2  1  5  1  4  5  4  3  2  0  3  4  0  2  5  5  5  3  4  6  3  7]
1299;303;2143;2857;96,930;55,664;1,983;[3  5  3  4  0  0  5  7  0  2  3  0  6  2  3  7  5  2  1  2  3  5  1  1  4  3  5  0  2  1  5  1  4  5  4  3  2  0  3  4  0  2  5  5  5  3  4  6  3  7]
1300;304;2131;2869;96,047;55,673;1,984;[3  5  3  4  0  0  5  7  0  2  3  0  6  2  3  7  5  2  1  2  3  5  1  1  4  3  5  0  2  1  5  1  4  5  4  3  2  0  3  4  0  2  5  5  5  3  4  6  3  7]
1301;305;2148;2852;96,308;55,657;1,990;[3  5  3  4  0  0  5  7  0  2  3  0  6  2  3  7  5  2  1  2  3  5  1  1  4  3  5  0  2  1  5  1  4  5  4  3  2  0  3  4  0  2  5  5  5  3  4  6  3  7]
1302;305;2144;2856;94,803;55,650;1,993;[3  5  3  4  0  0  5  7  0  2  3  0  6  2  3  7  5  2  1  2  3  5  1  1  4  3  5  0  2  1  5  1  4  5  4  3  2  0  3  4  0  2  5  5  5  3  4  6  3  7]
1303;303;2159;2841;96,846;55,646;1,997;[1  2  6  5  7  5  4  7  0  4  3  2  7  6  2  4  2  6  2  1  3  2  3  0  1  3  6  4  0  4  2  6  6  5  2  5  1  2  0  6  1  6  4  5  3  3  0  2  6  6]
1304;298;2162;2838;97,765;55,669;2,007;[1  2  6  5  7  5  4  7  0  4  3  2  7  6  2  4  2  6  2  1  3  2  3  0  1  3  6  4  0  4  2  6  6  5  2  5  1  2  0  6  1  6  4  5  3  3  0  2  6  6]
1305;299;2173;2827;97,730;55,665;2,013;[1  2  6  5  7  5  4  7  0  4  3  2  7  6  2  4  2  6  2  1  3  2  3  0  1  3  6  4  0  4  2  6  6  5  2  5  1  2  0  6  1  6  4  5  3  3  0  2  6  6]
1306;296;2182;2818;97,620;55,663;2,003;[1  2  6  5  7  5  4  7  0  4  3  2  7  6  2  4  2  6  2  1  3  2  3  0  1  3  6  4  0  4  2  6  6  5  2  5  1  2  0  6  1  6  4  5  3  3  0  2  6  6]
1307;294;2195;2805;97,966;55,665;2,017;[1  2  6  5  7  5  4  7  0  4  3  2  7  6  2  4  2  6  2  1  3  2  3  0  1  3  6  4  0  4  2  6  6  5  2  5  1  2  0  6  1  6  4  5  3  3  0  2  6  6]
1308;297;2189;2811;96,468;55,659;2,020;[1  2  6  5  7  5  4  7  0  4  3  2  7  6  2  4  2  6  2  1  3  2  3  0  1  3  6  4  0  4  2  6  6  5  2  5  1  2  0  6  1  6  4  5  3  3  0  2  6  6]
1309;296;2188;2812;96,565;55,678;2,010;[1  2  6  5  7  5  4  7  0  4  3  2  7  6  2  4  2  6  2  1  3  2  3  0  1  3  6  4  0  4  2  6  6  5  2  5  1  2  0  6  1  6  4  5  3  3  0  2  6  6]
1310;293;2192;2808;98,052;55,738;1,973;[1  2  6  5  7  5  4  7  0  4  3  2  7  6  2  4  2  6  2  1  3  2  3  0  1  3  6  4  0  4  2  6  6  5  2  5  1  2  0  6  1  6  4  5  3  3  0  2  6  6]
1311;291;2201;2799;99,042;55,740;1,983;[1  2  6  5  7  5  4  7  0  4  3  2  7  6  2  4  2  6  2  1  3  2  3  0  1  3  6  4  0  4  2  6  6  5  2  5  1  2  0  6  1  6  4  5  3  3  0  2  6  6]
1312;293;2218;2782;98,455;55,750;1,990;[1  2  6  5  7  5  4  7  0  4  3  2  7  6  2  4  2  6  2  1  3  2  3  0  1  3  6  4  0  4  2  6  6  5  2  5  1  2  0  6  1  6  4  5  3  3  0  2  6  6]
1313;287;2210;2790;98,462;55,759;1,997;[1  2  6  5  7  5  4  7  0  4  3  2  7  6  2  4  2  6  2  1  3  2  3  0  1  3  6  4  0  4  2  6  6  5  2  5  1  2  0  6  1  6  4  5  3  3  0  2  6  6]
1314;282;2212;2788;100,890;55,753;2,007;[1  2  6  5  7  5  4  7  0  4  3  2  7  6  2  4  2  6  2  1  3  2  3  0  1  3  6  4  0  4  2  6  6  5  2  5  1  2  0  6  1  6  4  5  3  3  0  2  6  6]
1315;283;2226;2774;102,212;55,738;2,014;[1  2  6  5  7  5  4  7  0  4  3  2  7  6  2  4  2  6  2  1  3  2  3  0  1  3  6  4  0  4  2  6  6  5  2  5  1  2  0  6  1  6  4  5  3  3  0  2  6  6]
1316;284;2236;2764;100,765;55,741;2,018;[1  2  6  5  7  5  4  7  0  4  3  2  7  6  2  4  2  6  2  1  3  2  3  0  1  3  6  4  0  4  2  6  6  5  2  5  1  2  0  6  1  6  4  5  3  3  0  2  6  6]
1317;286;2239;2761;100,569;55,753;2,021;[1  2  6  5  7  5  4  7  0  4  3  2  7  6  2  4  2  6  2  1  3  2  3  0  1  3  6  4  0  4  2  6  6  5  2  5  1  2  0  6  1  6  4  5  3  3  0  2  6  6]
1318;285;2228;2772;100,747;55,764;2,025;[1  2  6  5  7  5  4  7  0  4  3  2  7  6  2  4  2  6  2  1  3  2  3  0  1  3  6  4  0  4  2  6  6  5  2  5  1  2  0  6  1  6  4  5  3  3  0  2  6  6]
1319;286;2224;2776;100,954;55,788;2,017;[1  2  6  5  7  5  4  7  0  4  3  2  7  6  2  4  2  6  2  1  3  2  3  0  1  3  6  4  0  4  2  6  6  5  2  5  1  2  0  6  1  6  4  5  3  3  0  2  6  6]
1320;284;2218;2782;102,554;55,771;2,028;[1  2  6  5  7  5  4  7  0  4  3  2  7  6  2  4  2  6  2  1  3  2  3  0  1  3  6  4  0  4  2  6  6  5  2  5  1  2  0  6  1  6  4  5  3  3  0  2  6  6]
1321;285;2216;2784;102,138;55,768;2,035;[1  2  6  5  7  5  4  7  0  4  3  2  7  6  2  4  2  6  2  1  3  2  3  0  1  3  6  4  0  4  2  6  6  5  2  5  1  2  0  6  1  6  4  5  3  3  0  2  6  6]
1322;286;2218;2782;102,544;55,759;2,042;[1  2  6  5  7  5  4  7  0  4  3  2  7  6  2  4  2  6  2  1  3  2  3  0  1  3  6  4  0  4  2  6  6  5  2  5  1  2  0  6  1  6  4  5  3  3  0  2  6  6]
1323;283;2212;2788;103,470;55,747;2,032;[1  2  1  6  5  2  2  4  1  7  1  6  7  3  2  4  4  6  4  6  5  1  4  7  1  5  0  4  0  4  7  0  4  7  5  5  2  4  0  4  6  3  0  0  1  6  0  5  6  3]
1324;279;2215;2785;105,252;55,798;2,000;[1  2  1  6  5  2  2  4  1  7  1  6  7  3  2  4  4  6  4  6  5  1  4  7  1  5  0  4  0  4  7  0  4  7  5  5  2  4  0  4  6  3  0  0  1  6  0  5  6  3]
1325;282;2222;2778;105,866;55,802;1,996;[1  2  1  6  5  2  2  4  1  7  1  6  7  3  2  4  4  6  4  6  5  1  4  7  1  5  0  4  0  4  7  0  4  7  5  5  2  4  0  4  6  3  0  0  1  6  0  5  6  3]
1326;283;2219;2781;106,286;55,836;1,979;[1  2  1  6  5  2  2  4  1  7  1  6  7  3  2  4  4  6  4  6  5  1  4  7  1  5  0  4  0  4  7  0  4  7  5  5  2  4  0  4  6  3  0  0  1  6  0  5  6  3]
1327;285;2225;2775;104,982;55,839;1,982;[1  2  1  6  5  2  2  4  1  7  1  6  7  3  2  4  4  6  4  6  5  1  4  7  1  5  0  4  0  4  7  0  4  7  5  5  2  4  0  4  6  3  0  0  1  6  0  5  6  3]
1328;287;2207;2793;103,891;55,835;1,990;[7  7  6  5  7  5  7  1  3  0  3  2  4  0  3  3  0  1  1  0  3  5  7  1  1  5  7  2  6  2  3  1  7  4  4  6  2  7  5  7  6  5  7  0  3  3  5  2  2  7]
1329;290;2208;2792;104,388;55,830;1,997;[7  7  6  5  7  5  7  1  3  0  3  2  4  0  3  3  0  1  1  0  3  5  7  1  1  5  7  2  6  2  3  1  7  4  4  6  2  7  5  7  6  5  7  0  3  3  5  2  2  7]
1330;292;2218;2782;104,580;55,820;2,003;[7  7  6  5  7  5  7  1  3  0  3  2  4  0  3  3  0  1  1  0  3  5  7  1  1  5  7  2  6  2  3  1  7  4  4  6  2  7  5  7  6  5  7  0  3  3  5  2  2  7]
1331;293;2206;2794;103,218;55,820;2,014;[7  7  6  5  7  5  7  1  3  0  3  2  4  0  3  3  0  1  1  0  3  5  7  1  1  5  7  2  6  2  3  1  7  4  4  6  2  7  5  7  6  5  7  0  3  3  5  2  2  7]
1332;295;2195;2805;103,672;55,817;2,014;[7  7  6  5  7  5  7  1  3  0  3  2  4  0  3  3  0  1  1  0  3  5  7  1  1  5  7  2  6  2  3  1  7  4  4  6  2  7  5  7  6  5  7  0  3  3  5  2  2  7]
1333;298;2195;2805;102,993;55,822;2,007;[7  7  6  5  7  5  7  1  3  0  3  2  4  0  3  3  0  1  1  0  3  5  7  1  1  5  7  2  6  2  3  1  7  4  4  6  2  7  5  7  6  5  7  0  3  3  5  2  2  7]
1334;294;2193;2807;103,447;55,812;2,017;[7  7  6  5  7  5  7  1  3  0  3  2  4  0  3  3  0  1  1  0  3  5  7  1  1  5  7  2  6  2  3  1  7  4  4  6  2  7  5  7  6  5  7  0  3  3  5  2  2  7]
1335;296;2193;2807;104,024;55,825;2,020;[7  7  6  5  7  5  7  1  3  0  3  2  4  0  3  3  0  1  1  0  3  5  7  1  1  5  7  2  6  2  3  1  7  4  4  6  2  7  5  7  6  5  7  0  3  3  5  2  2  7]
1336;302;2191;2809;103,102;55,863;1,997;[7  7  6  5  7  5  7  1  3  0  3  2  4  0  3  3  0  1  1  0  3  5  7  1  1  5  7  2  6  2  3  1  7  4  4  6  2  7  5  7  6  5  7  0  3  3  5  2  2  7]
1337;303;2176;2824;101,906;55,868;2,003;[7  7  6  5  7  5  7  1  3  0  3  2  4  0  3  3  0  1  1  0  3  5  7  1  1  5  7  2  6  2  3  1  7  4  4  6  2  7  5  7  6  5  7  0  3  3  5  2  2  7]
1338;308;2178;2822;101,656;55,863;2,006;[6  1  4  2  3  3  2  5  3  1  7  6  4  5  2  0  0  6  5  5  5  7  2  4  6  1  0  5  2  3  4  7  3  3  1  5  7  1  2  7  6  5  3  2  4  5  0  6  5  0]
1339;305;2170;2830;102,200;55,849;2,026;[6  1  4  2  3  3  2  5  3  1  7  6  4  5  2  0  0  6  5  5  5  7  2  4  6  1  0  5  2  3  4  7  3  3  1  5  7  1  2  7  6  5  3  2  4  5  0  6  5  0]
