Day,AnimalsCount,GrassCount,FreeFields,AvgAnimalEnergy,AvgDaysAlive,AvgChildCount,MostPopularGen
1,41,169,4831,100.0,0.0,0.0,[6  0  4  0  1  3  2  6  5  5]
2,42,269,4731,93.04878048780488,0.0,0.04878048780487805,[6  0  4  0  1  3  2  6  5  5]
3,42,366,4634,85.95238095238095,0.0,0.09523809523809523,[6  0  4  0  1  3  2  6  5  5]
4,43,463,4537,82.02380952380952,0.0,0.09523809523809523,[6  0  4  0  1  3  2  6  5  5]
5,43,558,4442,76.27906976744185,0.0,0.13953488372093023,[6  0  4  0  1  3  2  6  5  5]
6,43,654,4346,73.02325581395348,0.0,0.13953488372093023,[6  0  4  0  1  3  2  6  5  5]
7,43,747,4253,69.4186046511628,0.0,0.13953488372093023,[6  0  4  0  1  3  2  6  5  5]
8,43,839,4161,66.86046511627907,0.0,0.13953488372093023,[6  0  4  0  1  3  2  6  5  5]
9,43,932,4068,64.65116279069767,0.0,0.13953488372093023,[6  0  4  0  1  3  2  6  5  5]
10,43,1021,3979,62.093023255813954,0.0,0.13953488372093023,[6  0  4  0  1  3  2  6  5  5]
11,43,1110,3890,60.93023255813954,0.0,0.13953488372093023,[6  0  4  0  1  3  2  6  5  5]
12,43,1200,3800,59.76744186046512,0.0,0.13953488372093023,[6  0  4  0  1  3  2  6  5  5]
13,41,1270,3730,61.09756097560975,0.5581395348837209,0.0975609756097561,[6  0  4  0  1  3  2  6  5  5]
14,41,1289,3711,61.951219512195124,0.5581395348837209,0.0975609756097561,[6  0  4  0  1  3  2  6  5  5]
15,41,1307,3693,62.4390243902439,0.5581395348837209,0.0975609756097561,[6  0  4  0  1  3  2  6  5  5]
16,41,1324,3676,64.02439024390245,0.5581395348837209,0.0975609756097561,[6  0  4  0  1  3  2  6  5  5]
17,41,1343,3657,65.2439024390244,0.5581395348837209,0.0975609756097561,[6  0  4  0  1  3  2  6  5  5]
18,41,1360,3640,65.73170731707317,0.5581395348837209,0.0975609756097561,[6  0  4  0  1  3  2  6  5  5]
19,41,1377,3623,66.58536585365853,0.5581395348837209,0.0975609756097561,[6  0  4  0  1  3  2  6  5  5]
20,41,1395,3605,67.4390243902439,0.5581395348837209,0.0975609756097561,[6  0  4  0  1  3  2  6  5  5]
21,28,1413,3587,100.0,6.412655489453758,0.14285714285714285,[6  0  4  0  1  3  2  6  5  5]
22,28,1433,3567,103.03571428571429,6.412655489453758,0.14285714285714285,[6  0  4  0  1  3  2  6  5  5]
23,28,1452,3548,106.07142857142857,6.412655489453758,0.14285714285714285,[6  0  4  0  1  3  2  6  5  5]
24,23,1472,3528,132.82608695652175,8.341416479052159,0.17391304347826086,[6  0  4  0  1  3  2  6  5  5]
25,23,1492,3508,136.95652173913044,8.341416479052159,0.17391304347826086,[6  0  4  0  1  3  2  6  5  5]
26,23,1512,3488,141.7391304347826,8.341416479052159,0.17391304347826086,[6  0  4  0  1  3  2  6  5  5]
27,20,1532,3468,167.75,9.573410678188054,0.2,[6  0  4  0  1  3  2  6  5  5]
28,20,1551,3449,173.25,9.573410678188054,0.2,[6  0  4  0  1  3  2  6  5  5]
29,20,1571,3429,179.5,9.573410678188054,0.2,[6  0  4  0  1  3  2  6  5  5]
30,19,1591,3409,194.73684210526315,10.025191825206937,0.21052631578947367,[6  0  4  0  1  3  2  6  5  5]
31,19,1611,3389,200.78947368421052,10.025191825206937,0.21052631578947367,[6  0  4  0  1  3  2  6  5  5]
32,19,1630,3370,206.8421052631579,10.025191825206937,0.21052631578947367,[6  0  4  0  1  3  2  6  5  5]
33,19,1650,3350,213.68421052631578,10.025191825206937,0.21052631578947367,[6  0  4  0  1  3  2  6  5  5]
34,19,1669,3331,218.1578947368421,10.025191825206937,0.21052631578947367,[6  0  4  0  1  3  2  6  5  5]
35,19,1689,3311,223.42105263157896,10.025191825206937,0.21052631578947367,[6  0  4  0  1  3  2  6  5  5]
36,19,1709,3291,227.10526315789474,10.025191825206937,0.21052631578947367,[6  0  4  0  1  3  2  6  5  5]
37,20,1728,3272,230.78947368421052,10.025191825206937,0.21052631578947367,[6  0  4  0  1  3  2  6  5  5]
38,22,1747,3253,221.25,10.025191825206937,0.3,[6  0  4  0  1  3  2  6  5  5]
39,23,1766,3234,203.4090909090909,10.025191825206937,0.45454545454545453,[6  0  4  0  1  3  2  6  5  5]
40,25,1782,3218,197.6086956521739,10.025191825206937,0.5217391304347826,[6  0  4  0  1  3  2  6  5  5]
41,26,1799,3201,185.0,10.025191825206937,0.64,[6  0  4  0  1  3  2  6  5  5]
42,27,1815,3185,180.0,10.025191825206937,0.6923076923076923,[6  0  4  0  1  3  2  6  5  5]
43,27,1834,3166,175.74074074074073,10.025191825206937,0.7407407407407407,[6  0  4  0  1  3  2  6  5  5]
44,28,1851,3149,177.96296296296296,10.025191825206937,0.7407407407407407,[6  0  4  0  1  3  2  6  5  5]
45,28,1869,3131,180.1851851851852,10.678553520876033,0.8148148148148148,[6  0  4  0  1  3  2  6  5  5]
46,29,1887,3113,176.42857142857142,10.678553520876033,0.8571428571428571,[6  0  4  0  1  3  2  6  5  5]
47,29,1904,3096,171.72413793103448,10.678553520876033,0.896551724137931,[6  0  4  0  1  3  2  6  5  5]
48,29,1923,3077,180.71428571428572,10.628950677896846,0.8928571428571429,[6  0  4  0  1  3  2  6  5  5]
49,29,1941,3059,176.3793103448276,10.628950677896846,0.9310344827586207,[6  0  4  0  1  3  2  6  5  5]
50,29,1960,3040,177.58620689655172,10.628950677896846,0.9310344827586207,[6  0  4  0  1  3  2  6  5  5]
51,29,1979,3021,179.31034482758622,10.628950677896846,0.9310344827586207,[6  0  4  0  1  3  2  6  5  5]
52,29,1996,3004,182.06896551724137,10.628950677896846,0.9310344827586207,[6  0  4  0  1  3  2  6  5  5]
53,29,2013,2987,184.82758620689654,10.628950677896846,0.9310344827586207,[6  0  4  0  1  3  2  6  5  5]
54,28,2030,2970,195.35714285714286,11.326606120116905,0.9642857142857143,[6  0  4  0  1  3  2  6  5  5]
55,28,2045,2955,199.46428571428572,11.326606120116905,0.9642857142857143,[6  0  4  0  1  3  2  6  5  5]
56,28,2064,2936,204.64285714285714,11.326606120116905,0.9642857142857143,[6  0  4  0  1  3  2  6  5  5]
57,28,2081,2919,208.21428571428572,11.326606120116905,0.9642857142857143,[6  0  4  0  1  3  2  6  5  5]
58,28,2101,2899,212.85714285714286,11.326606120116905,0.9642857142857143,[6  0  4  0  1  3  2  6  5  5]
59,29,2121,2879,215.89285714285714,11.326606120116905,0.9642857142857143,[6  0  4  0  1  3  2  6  5  5]
60,28,2140,2860,218.39285714285714,11.463631010829102,1.0357142857142858,[6  0  4  0  1  3  2  6  5  5]
61,28,2158,2842,221.96428571428572,11.463631010829102,1.0357142857142858,[6  0  4  0  1  3  2  6  5  5]
62,29,2172,2828,226.07142857142858,11.463631010829102,1.0357142857142858,[6  0  4  0  1  3  2  6  5  5]
63,29,2192,2808,224.31034482758622,11.463631010829102,1.0689655172413792,[6  0  4  0  1  3  2  6  5  5]
64,29,2212,2788,227.58620689655172,11.463631010829102,1.0689655172413792,[6  0  4  0  1  3  2  6  5  5]
65,29,2231,2769,231.3793103448276,11.463631010829102,1.0689655172413792,[6  0  4  0  1  3  2  6  5  5]
66,29,2249,2751,235.68965517241378,11.463631010829102,1.0689655172413792,[6  0  4  0  1  3  2  6  5  5]
67,29,2268,2732,241.55172413793105,11.463631010829102,1.0689655172413792,[6  0  4  0  1  3  2  6  5  5]
68,28,2284,2716,255.71428571428572,11.595848010639118,1.1071428571428572,[6  0  4  0  1  3  2  6  5  5]
69,28,2300,2700,262.5,11.595848010639118,1.1071428571428572,[6  0  4  0  1  3  2  6  5  5]
70,29,2319,2681,269.2857142857143,11.595848010639118,1.1071428571428572,[6  0  4  0  1  3  2  6  5  5]
71,31,2334,2666,264.48275862068965,11.595848010639118,1.1379310344827587,[6  0  4  0  1  3  2  6  5  5]
72,31,2351,2649,261.3333333333333,12.5859172104618,1.2333333333333334,[6  0  4  0  1  3  2  6  5  5]
73,32,2368,2632,258.2258064516129,12.5859172104618,1.2580645161290323,[6  0  4  0  1  3  2  6  5  5]
74,33,2385,2615,255.15625,12.5859172104618,1.28125,[6  0  4  0  1  3  2  6  5  5]
75,34,2401,2599,252.12121212121212,12.5859172104618,1.303030303030303,[6  0  4  0  1  3  2  6  5  5]
76,36,2420,2580,249.55882352941177,12.5859172104618,1.3235294117647058,[6  0  4  0  1  3  2  6  5  5]
77,37,2437,2563,238.88888888888889,12.5859172104618,1.3611111111111112,[6  0  4  0  1  3  2  6  5  5]
78,38,2453,2547,235.67567567567568,12.5859172104618,1.3783783783783783,[6  0  4  0  1  3  2  6  5  5]
79,39,2469,2531,239.59459459459458,13.547889016190302,1.4054054054054055,[6  0  4  0  1  3  2  6  5  5]
80,39,2488,2512,230.64102564102564,13.547889016190302,1.435897435897436,[6  0  4  0  1  3  2  6  5  5]
81,39,2504,2496,234.10256410256412,13.547889016190302,1.435897435897436,[6  0  4  0  1  3  2  6  5  5]
82,40,2522,2478,239.10256410256412,13.547889016190302,1.435897435897436,[6  0  4  0  1  3  2  6  5  5]
83,43,2540,2460,236.5,13.547889016190302,1.45,[6  0  4  0  1  3  2  6  5  5]
84,45,2557,2443,228.6904761904762,13.89183646191746,1.4761904761904763,[6  0  4  0  1  3  2  6  5  5]
85,48,2574,2426,217.44444444444446,13.89183646191746,1.511111111111111,[6  0  4  0  1  3  2  6  5  5]
86,52,2589,2411,208.54166666666666,13.89183646191746,1.5416666666666667,[6  0  4  0  1  3  2  6  5  5]
87,54,2607,2393,196.82692307692307,13.89183646191746,1.5769230769230769,[6  0  4  0  1  3  2  6  5  5]
88,57,2625,2375,195.27777777777777,13.89183646191746,1.5925925925925926,[6  0  4  0  1  3  2  6  5  5]
89,62,2643,2357,189.21052631578948,13.89183646191746,1.6140350877192982,[6  0  4  0  1  3  2  6  5  5]
90,68,2661,2339,178.06451612903226,13.89183646191746,1.6451612903225807,[6  0  4  0  1  3  2  6  5  5]
91,73,2677,2323,168.2089552238806,13.882918097298287,1.6567164179104477,[6  0  4  0  1  3  2  6  5  5]
92,77,2693,2307,157.8082191780822,13.882918097298287,1.6849315068493151,[6  0  4  0  1  3  2  6  5  5]
93,81,2710,2290,155.85526315789474,13.829437023686484,1.7105263157894737,[6  0  4  0  1  3  2  6  5  5]
94,83,2728,2272,149.50617283950618,13.829437023686484,1.728395061728395,[6  0  4  0  1  3  2  6  5  5]
95,88,2741,2259,153.76543209876544,14.140044937811501,1.7530864197530864,[6  0  4  0  1  3  2  6  5  5]
96,89,2757,2243,148.8372093023256,14.13778614849196,1.7906976744186047,[6  0  4  0  1  3  2  6  5  5]
97,93,2775,2225,148.25842696629215,14.13778614849196,1.797752808988764,[6  0  4  0  1  3  2  6  5  5]
98,96,2791,2209,148.02197802197801,14.120415367598953,1.8131868131868132,[6  0  4  0  1  3  2  6  5  5]
99,103,2808,2192,144.01041666666666,14.120415367598953,1.8229166666666667,[6  0  4  0  1  3  2  6  5  5]
100,106,2828,2172,138.77450980392157,14.077615260133227,1.8431372549019607,[6  0  4  0  1  3  2  6  5  5]
101,110,2846,2154,137.35849056603774,14.077615260133227,1.849056603773585,[6  0  4  0  1  3  2  6  5  5]
102,116,2863,2137,137.5462962962963,14.056719693773847,1.8703703703703705,[6  0  4  0  1  3  2  6  5  5]
103,126,2881,2119,131.91304347826087,14.056362966140048,1.8869565217391304,[6  0  4  0  1  3  2  6  5  5]
104,128,2898,2102,126.63934426229508,14.378566190466165,1.8934426229508197,[6  0  4  0  1  3  2  6  5  5]
105,133,2916,2084,125.27777777777777,14.334491574665412,1.8968253968253967,[6  0  4  0  1  3  2  6  5  5]
106,137,2932,2068,122.53787878787878,14.332663751853033,1.9090909090909092,[4  1  4  4  4  4  3  0  2  0]
107,145,2952,2048,123.95522388059702,14.380546777089421,1.9253731343283582,[4  1  4  4  4  4  3  0  2  0]
108,152,2968,2032,118.91608391608392,14.396822688877467,1.937062937062937,[4  1  4  4  4  4  3  0  2  0]
109,160,2983,2017,115.43046357615894,14.380491810565557,1.9470198675496688,[4  1  4  4  4  4  3  0  2  0]
110,170,2997,2003,112.89308176100629,14.816526410516868,1.8930817610062893,[4  1  4  4  4  4  3  0  2  0]
111,177,3014,1986,111.1144578313253,14.933780333139378,1.8674698795180722,[4  1  4  4  4  4  3  0  2  0]
112,181,3026,1974,109.01734104046243,14.989281917521984,1.8323699421965318,[4  1  4  4  4  4  3  0  2  0]
113,184,3038,1962,109.12429378531074,15.147350226549968,1.8022598870056497,[4  1  4  4  4  4  3  0  2  0]
114,189,3050,1950,110.33519553072625,15.183819710279298,1.8156424581005586,[4  1  4  4  4  4  3  0  2  0]
115,194,3065,1935,107.88770053475936,15.216518045807485,1.8235294117647058,[4  1  4  4  4  4  3  0  2  0]
116,203,3081,1919,110.29569892473118,15.342967697591765,1.8225806451612903,[4  1  4  4  4  4  3  0  2  0]
117,213,3093,1907,104.225,15.426200672964073,1.83,[4  1  4  4  4  4  3  0  2  0]
118,221,3106,1894,100.78571428571429,15.481753490177057,1.8523809523809525,[4  1  4  4  4  4  3  0  2  0]
119,228,3117,1883,97.8082191780822,15.446614044727204,1.8630136986301369,[4  1  4  4  4  4  3  0  2  0]
120,237,3132,1868,98.45454545454545,15.581900922117178,1.8409090909090908,[4  1  4  4  4  4  3  0  2  0]
121,247,3139,1861,94.93478260869566,15.809494690002325,1.8217391304347825,[4  1  4  4  4  4  3  0  2  0]
122,253,3146,1854,91.61825726141079,15.716939850171299,1.8464730290456433,[4  1  4  4  4  4  3  0  2  0]
123,262,3153,1847,89.08,15.741052058480525,1.844,[4  1  4  4  4  4  3  0  2  0]
124,265,3157,1843,87.55859375,15.784729334599568,1.87109375,[4  1  4  4  4  4  3  0  2  0]
125,266,3168,1832,87.16216216216216,15.803522179940813,1.8841698841698842,[4  1  4  4  4  4  3  0  2  0]
126,271,3180,1820,87.99610894941634,15.83078369989153,1.8715953307392996,[4  1  4  4  4  4  3  0  2  0]
127,272,3188,1812,87.79069767441861,16.058656100628475,1.8410852713178294,[4  1  4  4  4  4  3  0  2  0]
128,274,3202,1798,85.81132075471699,16.102602689979776,1.849056603773585,[4  1  4  4  4  4  3  0  2  0]
129,270,3207,1793,86.66030534351145,16.474752615258115,1.8358778625954197,[4  1  4  4  4  4  3  0  2  0]
130,271,3219,1781,88.10810810810811,16.40833834533121,1.8494208494208495,[4  1  4  4  4  4  3  0  2  0]
131,276,3230,1770,86.86311787072243,16.542704038334197,1.8517110266159695,[4  1  4  4  4  4  3  0  2  0]
132,274,3240,1760,86.28301886792453,16.478252975061775,1.8679245283018868,[4  1  4  4  4  4  3  0  2  0]
133,275,3243,1757,86.37735849056604,16.667484458657647,1.7962264150943397,[1  2  6  6  2  1  5  6  3  3]
134,276,3253,1747,86.21722846441948,16.668848351902973,1.801498127340824,[1  2  6  6  2  1  5  6  3  3]
135,275,3247,1753,86.9245283018868,16.6640667456739,1.818867924528302,[1  2  6  6  2  1  5  6  3  3]
136,276,3262,1738,87.9245283018868,16.70454255589907,1.8377358490566038,[1  2  6  6  2  1  5  6  3  3]
137,271,3266,1734,87.07865168539325,16.921778192079827,1.8239700374531835,[6  0  4  0  1  3  2  6  5  5]
138,260,3275,1725,91.23046875,17.130607008911493,1.7734375,[6  0  4  0  1  3  2  6  5  5]
139,262,3284,1716,93.01587301587301,17.1515938746753,1.7777777777777777,[6  0  4  0  1  3  2  6  5  5]
140,263,3299,1701,92.33333333333333,17.254862376324308,1.7529411764705882,[6  0  4  0  1  3  2  6  5  5]
141,262,3306,1694,90.9073359073359,17.284455988351535,1.7644787644787645,[6  0  4  0  1  3  2  6  5  5]
142,266,3309,1691,92.36328125,17.360502515183747,1.76953125,[6  0  4  0  1  3  2  6  5  5]
143,266,3308,1692,92.32558139534883,17.41315347337277,1.7829457364341086,[6  0  4  0  1  3  2  6  5  5]
144,261,3314,1686,93.92578125,17.496697974738673,1.796875,[6  0  4  0  1  3  2  6  5  5]
145,254,3320,1680,97.47983870967742,17.84041339228001,1.7096774193548387,[6  0  4  0  1  3  2  6  5  5]
146,263,3320,1680,96.22529644268775,17.828454627608192,1.7193675889328064,[6  0  4  0  1  3  2  6  5  5]
147,265,3319,1681,95.27131782945736,17.857419794037675,1.7325581395348837,[2  6  0  7  2  7  6  5  2  5]
148,269,3332,1668,95.03831417624521,17.90253069526662,1.7279693486590038,[2  6  0  7  2  7  6  5  2  5]
149,265,3339,1661,95.40384615384616,17.94587612867131,1.7461538461538462,[2  6  0  7  2  7  6  5  2  5]
150,267,3348,1652,95.40229885057471,17.98610286535788,1.7471264367816093,[2  6  0  7  2  7  6  5  2  5]
151,268,3359,1641,96.37065637065638,18.167206775024223,1.6795366795366795,[2  6  0  7  2  7  6  5  2  5]
152,268,3369,1631,95.78544061302682,18.324142840785697,1.6398467432950192,[2  6  0  7  2  7  6  5  2  5]
153,267,3365,1635,95.95785440613027,18.434288674302522,1.632183908045977,[2  6  0  7  2  7  6  5  2  5]
154,267,3368,1632,98.06201550387597,18.53125915355852,1.6434108527131783,[0  3  7  5  1  1  3  4  4  3]
155,268,3372,1628,96.82509505703422,18.646869424897748,1.623574144486692,[0  3  7  5  1  1  3  4  4  3]
156,274,3373,1627,96.93181818181819,18.732913714184097,1.6098484848484849,[0  3  7  5  1  1  3  4  4  3]
157,272,3388,1612,96.46067415730337,18.928432986356437,1.591760299625468,[0  3  7  5  1  1  3  4  4  3]
158,274,3387,1613,96.9622641509434,18.938297886349616,1.618867924528302,[0  3  7  5  1  1  3  4  4  3]
159,274,3387,1613,97.31203007518798,18.94203084579453,1.6390977443609023,[0  3  7  5  1  1  3  4  4  3]
160,267,3396,1604,100.21153846153847,19.12370476318932,1.6384615384615384,[0  3  7  5  1  1  3  4  4  3]
161,272,3407,1593,98.93939393939394,19.183190686630653,1.6477272727272727,[0  3  7  5  1  1  3  4  4  3]
162,270,3404,1596,98.62264150943396,19.321711186187216,1.6528301886792454,[0  3  7  5  1  1  3  4  4  3]
163,269,3409,1591,99.07894736842105,19.360092156381544,1.6578947368421053,[0  3  7  5  1  1  3  4  4  3]
164,266,3404,1596,100.95419847328245,19.38939023206871,1.6641221374045803,[0  3  7  5  1  1  3  4  4  3]
165,268,3417,1583,102.75,19.396024170344084,1.6807692307692308,[0  3  7  5  1  1  3  4  4  3]
166,269,3424,1576,101.98473282442748,19.422218059201942,1.6946564885496183,[0  3  7  5  1  1  3  4  4  3]
167,269,3422,1578,100.3932584269663,19.439147813911685,1.700374531835206,[0  3  7  5  1  1  3  4  4  3]
168,269,3426,1574,103.05343511450381,19.583489432387545,1.6717557251908397,[0  3  7  5  1  1  3  4  4  3]
169,269,3442,1558,103.15589353612167,19.641947566370593,1.6920152091254752,[0  3  7  5  1  1  3  4  4  3]
170,267,3444,1556,104.13461538461539,19.68317876951202,1.7115384615384615,[0  3  7  5  1  1  3  4  4  3]
171,263,3446,1554,106.01167315175097,19.886108786140234,1.7237354085603114,[0  3  7  5  1  1  3  4  4  3]
172,265,3449,1551,105.5,19.94956947466782,1.7423076923076923,[0  3  7  5  1  1  3  4  4  3]
173,259,3440,1560,107.75390625,20.039388215983383,1.74609375,[0  3  7  5  1  1  3  4  4  3]
174,261,3439,1561,111.31474103585657,20.13578728000478,1.745019920318725,[0  3  7  5  1  1  3  4  4  3]
175,257,3444,1556,110.15625,20.176783436549254,1.76171875,[0  3  7  5  1  1  3  4  4  3]
176,256,3449,1551,113.83534136546184,20.308268054206255,1.751004016064257,[0  3  7  5  1  1  3  4  4  3]
177,257,3453,1547,113.64541832669323,20.40342175851839,1.7370517928286853,[0  3  7  5  1  1  3  4  4  3]
178,262,3459,1541,113.03149606299213,20.417290312148783,1.7519685039370079,[0  3  7  5  1  1  3  4  4  3]
179,263,3466,1534,112.2568093385214,20.517689228738167,1.7626459143968871,[0  3  7  5  1  1  3  4  4  3]
180,259,3477,1523,112.68482490272373,20.733464310338636,1.6964980544747081,[6  0  4  0  1  3  2  6  5  5]
181,259,3476,1524,114.21259842519684,20.75277498848512,1.6968503937007875,[6  0  4  0  1  3  2  6  5  5]
182,259,3492,1508,115.63241106719367,20.7896753014627,1.7035573122529644,[6  0  4  0  1  3  2  6  5  5]
183,263,3489,1511,113.81322957198444,20.76162641872615,1.715953307392996,[6  0  4  0  1  3  2  6  5  5]
184,263,3494,1506,114.8249027237354,20.878063214641863,1.7042801556420233,[6  0  4  0  1  3  2  6  5  5]
185,265,3487,1513,113.6015325670498,20.856329889759017,1.7203065134099618,[6  0  4  0  1  3  2  6  5  5]
186,270,3494,1506,115.1923076923077,20.899835797860366,1.7346153846153847,[6  0  4  0  1  3  2  6  5  5]
187,275,3493,1507,112.95112781954887,21.009824554549365,1.7481203007518797,[6  0  4  0  1  3  2  6  5  5]
188,281,3484,1516,111.96296296296296,21.208575598867526,1.7222222222222223,[6  0  4  0  1  3  2  6  5  5]
189,284,3486,1514,110.96363636363637,21.255283643998894,1.7418181818181817,[5  3  3  4  0  0  3  4  4  3]
190,288,3485,1515,109.32142857142857,21.34014278984076,1.7285714285714286,[5  3  3  4  0  0  3  4  4  3]
191,289,3476,1524,109.34163701067615,21.367353619876603,1.7544483985765125,[5  3  3  4  0  0  3  4  4  3]
192,289,3474,1526,108.6140350877193,21.3645346535758,1.7719298245614035,[5  3  3  4  0  0  3  4  4  3]
193,293,3477,1523,108.6013986013986,21.356473739984065,1.7832167832167831,[5  3  3  4  0  0  3  4  4  3]
194,290,3474,1526,109.0701754385965,21.493055713016904,1.7894736842105263,[5  3  3  4  0  0  3  4  4  3]
195,292,3474,1526,110.26501766784452,21.68089047760085,1.802120141342756,[5  3  3  4  0  0  3  4  4  3]
196,289,3463,1537,110.17605633802818,21.758085678687635,1.8028169014084507,[5  3  3  4  0  0  3  4  4  3]
197,291,3452,1548,111.82624113475177,21.843839983598436,1.7943262411347518,[5  3  3  4  0  0  3  4  4  3]
198,290,3447,1553,111.93661971830986,22.050499131264896,1.7640845070422535,[5  3  3  4  0  0  3  4  4  3]
199,290,3455,1545,112.87985865724382,22.190180462514785,1.7703180212014133,[5  3  3  4  0  0  3  4  4  3]
200,296,3459,1541,111.96491228070175,22.177302335022787,1.7824561403508772,[5  3  3  4  0  0  3  4  4  3]
201,307,3464,1536,110.08620689655173,22.23900221360624,1.8,[5  3  3  4  0  0  3  4  4  3]
202,313,3469,1531,105.28052805280528,22.282981283842197,1.811881188118812,[0  5  0  1  7  1  3  0  5  3]
203,313,3457,1543,104.98349834983499,22.473633651504286,1.8151815181518152,[0  5  0  1  7  1  3  0  5  3]
204,318,3441,1559,103.81493506493507,22.536781020092892,1.827922077922078,[0  5  0  1  7  1  3  0  5  3]
205,313,3416,1584,104.80456026058631,22.75087372676528,1.8078175895765471,[0  5  0  1  7  1  3  0  5  3]
206,312,3408,1592,105.56818181818181,22.87612133902957,1.8246753246753247,[0  5  0  1  7  1  3  0  5  3]
207,322,3415,1585,104.80707395498392,22.86419752242412,1.8295819935691318,[0  5  0  1  7  1  3  0  5  3]
208,320,3395,1605,102.64240506329114,22.93253398207204,1.8259493670886076,[0  5  0  1  7  1  3  0  5  3]
209,319,3394,1606,105.0,23.141838822983367,1.8295819935691318,[0  5  0  1  7  1  3  0  5  3]
210,321,3378,1622,103.86942675159236,23.17843431452908,1.8407643312101911,[0  5  0  1  7  1  3  0  5  3]
211,322,3372,1628,104.41082802547771,23.30197326170091,1.8471337579617835,[0  5  0  1  7  1  3  0  5  3]
212,320,3373,1627,104.80830670926518,23.38348413273059,1.865814696485623,[0  5  0  1  7  1  3  0  5  3]
213,316,3361,1639,104.88782051282051,23.374773399722095,1.8621794871794872,[0  5  0  1  7  1  3  0  5  3]
214,313,3354,1646,107.33660130718954,23.427646381542935,1.8366013071895424,[0  5  0  1  7  1  3  0  5  3]
215,312,3355,1645,107.23127035830619,23.43851531853033,1.8501628664495113,[0  5  0  1  7  1  3  0  5  3]
216,311,3346,1654,107.77049180327869,23.534002918123793,1.8459016393442622,[0  5  0  1  7  1  3  0  5  3]
217,311,3340,1660,108.1311475409836,23.711609674935886,1.8360655737704918,[0  5  0  1  7  1  3  0  5  3]
218,311,3344,1656,109.78405315614619,23.808788256087094,1.8372093023255813,[0  5  0  1  7  1  3  0  5  3]
219,313,3342,1658,107.77777777777777,23.86898849586426,1.84640522875817,[0  5  0  1  7  1  3  0  5  3]
220,314,3340,1660,107.77777777777777,24.040182860992207,1.8594771241830066,[0  5  0  1  7  1  3  0  5  3]
221,314,3336,1664,107.07792207792208,24.112174545484024,1.8571428571428572,[0  5  0  1  7  1  3  0  5  3]
222,317,3332,1668,107.49185667752442,24.141460707467306,1.8664495114006514,[0  5  0  1  7  1  3  0  5  3]
223,322,3316,1684,105.84935897435898,24.180463136712948,1.8814102564102564,[0  5  0  1  7  1  3  0  5  3]
224,320,3300,1700,105.07911392405063,24.298246369909126,1.8512658227848102,[0  5  0  1  7  1  3  0  5  3]
225,315,3294,1706,107.62903225806451,24.382781544554064,1.8612903225806452,[0  5  0  1  7  1  3  0  5  3]
226,315,3281,1719,107.75806451612904,24.428030519113168,1.8741935483870968,[0  5  0  1  7  1  3  0  5  3]
227,307,3271,1729,109.640522875817,24.436097296298335,1.8790849673202614,[0  5  0  1  7  1  3  0  5  3]
228,302,3248,1752,112.6086956521739,24.464741544430154,1.8862876254180603,[0  5  0  1  7  1  3  0  5  3]
229,306,3234,1766,114.16107382550335,24.548345264836374,1.8825503355704698,[0  5  0  1  7  1  3  0  5  3]
230,307,3225,1775,113.75415282392026,24.566895241865883,1.8837209302325582,[0  5  0  1  7  1  3  0  5  3]
231,303,3219,1781,114.94983277591973,24.572507080464035,1.8963210702341138,[0  5  0  1  7  1  3  0  5  3]
232,299,3211,1789,116.4358108108108,24.5249226950287,1.9256756756756757,[0  5  0  1  7  1  3  0  5  3]
233,291,3205,1795,120.57491289198606,24.603180613630645,1.951219512195122,[0  5  0  1  7  1  3  0  5  3]
234,294,3198,1802,119.86206896551724,24.591483983696314,1.9551724137931035,[0  5  0  1  7  1  3  0  5  3]
235,292,3195,1805,121.65505226480836,24.609358544205417,1.961672473867596,[0  5  0  1  7  1  3  0  5  3]
236,292,3181,1819,121.19377162629758,24.60011957182264,1.972318339100346,[0  5  0  1  7  1  3  0  5  3]
237,291,3177,1823,124.2605633802817,24.676033651333633,1.9894366197183098,[0  5  0  1  7  1  3  0  5  3]
238,289,3170,1830,125.63829787234043,24.881546085460535,2.0,[0  5  0  1  7  1  3  0  5  3]
239,295,3169,1831,125.0,24.95511531645983,1.975438596491228,[0  5  0  1  7  1  3  0  5  3]
240,296,3165,1835,124.01041666666667,25.052958679916692,1.9826388888888888,[0  5  0  1  7  1  3  0  5  3]
241,297,3152,1848,121.88775510204081,25.061984431896946,1.9795918367346939,[0  5  0  1  7  1  3  0  5  3]
242,299,3135,1865,123.91752577319588,25.097214261160268,1.986254295532646,[0  5  0  1  7  1  3  0  5  3]
243,303,3127,1873,122.42424242424242,25.101159722143585,1.9932659932659933,[0  5  0  1  7  1  3  0  5  3]
244,302,3115,1885,122.87878787878788,25.12762462546641,2.0033670033670035,[0  5  0  1  7  1  3  0  5  3]
245,299,3102,1898,123.53535353535354,25.215795395907964,2.0033670033670035,[0  5  0  1  7  1  3  0  5  3]
246,301,3090,1910,125.08474576271186,25.212657149292504,2.0203389830508476,[0  5  0  1  7  1  3  0  5  3]
247,301,3076,1924,125.35472972972973,25.253026360491805,2.0236486486486487,[0  3  3  1  3  6  6  6  2  3]
248,311,3070,1930,125.28523489932886,25.295893446577576,2.023489932885906,[0  3  3  1  3  6  6  6  2  3]
249,316,3055,1945,122.33660130718954,25.492324149977666,2.0,[0  3  3  1  3  6  6  6  2  3]
250,320,3038,1962,120.60897435897436,25.662308895748488,1.9743589743589745,[0  3  3  1  3  6  6  6  2  3]
251,318,3038,1962,120.07936507936508,25.684844995922298,1.980952380952381,[0  3  3  1  3  6  6  6  2  3]
252,324,3041,1959,120.22292993630573,25.69131883606047,2.0,[0  3  3  1  3  6  6  6  2  3]
253,324,3034,1966,117.24299065420561,25.71614468636515,2.0062305295950154,[0  3  3  1  3  6  6  6  2  3]
254,326,3021,1979,117.609375,25.78917449338962,2.009375,[0  3  3  1  3  6  6  6  2  3]
255,330,3010,1990,117.90625,25.97316287411523,1.98125,[0  3  3  1  3  6  6  6  2  3]
256,330,2999,2001,117.37577639751552,26.187886779867778,1.9658385093167703,[0  3  3  1  3  6  6  6  2  3]
257,335,2999,2001,116.1042944785276,26.217778975511745,1.9754601226993864,[0  3  3  1  3  6  6  6  2  3]
258,334,2988,2012,116.41975308641975,26.302956306275263,1.9969135802469136,[0  3  3  1  3  6  6  6  2  3]
259,336,2986,2014,116.2,26.426284679581208,1.9907692307692308,[0  3  3  1  3  6  6  6  2  3]
260,337,2966,2034,114.84756097560975,26.550327659896436,1.9817073170731707,[0  3  3  1  3  6  6  6  2  3]
261,341,2950,2050,112.92537313432835,26.538418891168778,1.9880597014925374,[0  3  3  1  3  6  6  6  2  3]
262,341,2937,2063,113.45808383233533,26.543007306310027,1.9880239520958083,[0  3  3  1  3  6  6  6  2  3]
263,345,2915,2085,112.18934911242603,26.652436594281507,1.967455621301775,[0  3  3  1  3  6  6  6  2  3]
264,343,2891,2109,112.27138643067846,26.655414276813808,1.9882005899705015,[0  3  3  1  3  6  6  6  2  3]
265,341,2881,2119,113.09171597633136,26.63922454470329,2.0059171597633134,[0  3  3  1  3  6  6  6  2  3]
266,346,2882,2118,113.98507462686567,26.645870413254254,2.02089552238806,[0  3  3  1  3  6  6  6  2  3]
267,345,2878,2122,113.75748502994011,26.61655354637724,2.0479041916167664,[0  3  3  1  3  6  6  6  2  3]
268,349,2875,2125,112.08579881656804,26.591345926944946,2.0532544378698225,[0  3  3  1  3  6  6  6  2  3]
269,348,2862,2138,110.67448680351906,26.757258981183217,2.0175953079178885,[0  3  3  1  3  6  6  6  2  3]
270,350,2849,2151,110.0,26.77502762466037,2.0262390670553936,[0  3  3  1  3  6  6  6  2  3]
271,349,2850,2150,109.94169096209913,26.985809396488825,1.9941690962099126,[0  3  3  1  3  6  6  6  2  3]
272,348,2848,2152,109.91202346041055,27.02708979092185,2.005865102639296,[0  3  3  1  3  6  6  6  2  3]
273,341,2842,2158,110.6973293768546,27.271497026710495,1.9050445103857567,[0  3  3  1  3  6  6  6  2  3]
274,335,2834,2166,113.4451219512195,27.344588183088018,1.9085365853658536,[0  3  3  1  3  6  6  6  2  3]
275,330,2822,2178,114.43076923076923,27.315315161135683,1.926153846153846,[0  3  3  1  3  6  6  6  2  3]
276,331,2809,2191,115.30959752321981,27.475997493693793,1.8761609907120742,[0  3  3  1  3  6  6  6  2  3]
277,331,2810,2190,113.79573170731707,27.572082256181094,1.8567073170731707,[0  3  3  1  3  6  6  6  2  3]
278,324,2806,2194,116.15625,27.852919292458044,1.8125,[0  3  3  1  3  6  6  6  2  3]
279,319,2802,2198,117.87301587301587,27.883751759374967,1.8222222222222222,[0  3  3  1  3  6  6  6  2  3]
280,318,2813,2187,118.95833333333333,27.85988048236301,1.8461538461538463,[0  3  3  1  3  6  6  6  2  3]
281,320,2817,2183,116.74050632911393,27.88371848171117,1.8354430379746836,[0  3  3  1  3  6  6  6  2  3]
282,317,2809,2191,117.78846153846153,27.891083880731596,1.8429487179487178,[0  3  3  1  3  6  6  6  2  3]
283,318,2813,2187,119.51298701298701,27.889055838470625,1.8733766233766234,[0  3  3  1  3  6  6  6  2  3]
284,322,2794,2206,116.53968253968254,27.993347254404306,1.8571428571428572,[0  3  3  1  3  6  6  6  2  3]
285,320,2801,2199,116.83544303797468,27.982085578755946,1.8829113924050633,[0  3  3  1  3  6  6  6  2  3]
286,324,2796,2204,115.51886792452831,28.011910630969513,1.8867924528301887,[0  3  3  1  3  6  6  6  2  3]
287,317,2787,2213,116.57142857142857,28.038225145693307,1.9015873015873015,[0  3  3  1  3  6  6  6  2  3]
288,316,2791,2209,118.26366559485531,28.112514110861845,1.8938906752411575,[0  3  3  1  3  6  6  6  2  3]
289,317,2789,2211,117.89389067524115,28.127903099335704,1.8971061093247588,[0  3  3  1  3  6  6  6  2  3]
290,316,2773,2227,117.43589743589743,28.14645148684605,1.9038461538461537,[0  3  3  1  3  6  6  6  2  3]
291,318,2776,2224,118.01282051282051,28.301972813690547,1.8942307692307692,[0  3  3  1  3  6  6  6  2  3]
292,319,2762,2238,116.9267515923567,28.309635002608832,1.8885350318471337,[0  3  3  1  3  6  6  6  2  3]
293,322,2740,2260,117.74760383386581,28.386799633427707,1.904153354632588,[0  3  3  1  3  6  6  6  2  3]
294,322,2729,2271,117.46835443037975,28.431023202133073,1.9082278481012658,[0  3  3  1  3  6  6  6  2  3]
295,320,2722,2278,118.48726114649682,28.432660029832196,1.929936305732484,[0  3  3  1  3  6  6  6  2  3]
296,322,2707,2293,118.59872611464968,28.572215326842425,1.9426751592356688,[0  3  3  1  3  6  6  6  2  3]
297,321,2685,2315,117.96529968454259,28.642233714233264,1.9495268138801263,[0  5  0  1  7  1  3  0  5  3]
298,321,2676,2324,118.36477987421384,28.672083618391348,1.9465408805031446,[0  5  0  1  7  1  3  0  5  3]
299,321,2659,2341,118.8801261829653,28.760255558597954,1.9211356466876972,[0  5  0  1  7  1  3  0  5  3]
300,321,2654,2346,120.94249201277955,28.824597702241398,1.9329073482428114,[0  5  0  1  7  1  3  0  5  3]
301,318,2657,2343,121.36217948717949,28.7929259815629,1.9647435897435896,[0  5  0  1  7  1  3  0  5  3]
302,320,2659,2341,120.2547770700637,28.859151448442592,1.9681528662420382,[0  5  0  1  7  1  3  0  5  3]
303,320,2657,2343,120.31948881789137,28.884703780026697,1.9776357827476039,[0  5  0  1  7  1  3  0  5  3]
304,319,2636,2364,120.2076677316294,29.069562298673382,1.9169329073482428,[0  5  0  1  7  1  3  0  5  3]
305,319,2626,2374,120.23809523809524,29.0712455088189,1.9206349206349207,[0  5  0  1  7  1  3  0  5  3]
306,326,2623,2377,119.33962264150944,29.07737058870242,1.921383647798742,[0  5  0  1  7  1  3  0  5  3]
307,330,2607,2393,117.3529411764706,29.068019998299654,1.931888544891641,[0  5  0  1  7  1  3  0  5  3]
308,332,2585,2415,116.65644171779141,29.10452850686127,1.9355828220858895,[0  5  0  1  7  1  3  0  5  3]
309,330,2564,2436,117.63076923076923,29.189953781192557,1.9476923076923076,[0  5  0  1  7  1  3  0  5  3]
310,333,2559,2441,117.13414634146342,29.19215177295796,1.951219512195122,[0  5  0  1  7  1  3  0  5  3]
311,332,2558,2442,117.29357798165138,29.284674224145764,1.9480122324159022,[0  5  0  1  7  1  3  0  5  3]
312,338,2564,2436,117.28527607361963,29.33071644180124,1.9662576687116564,[0  5  0  1  7  1  3  0  5  3]
313,346,2563,2437,113.13988095238095,29.32313020280567,1.9732142857142858,[4  1  5  4  2  4  3  5  2  2]
314,349,2555,2445,110.02906976744185,29.42459163198637,1.9186046511627908,[4  1  5  4  2  4  3  5  2  2]
315,342,2539,2461,112.68656716417911,29.671061772813086,1.8925373134328358,[4  1  5  4  2  4  3  5  2  2]
316,341,2524,2476,112.54464285714286,29.743192836895357,1.875,[4  1  5  4  2  4  3  5  2  2]
317,340,2491,2509,113.01492537313433,29.79245040940634,1.8895522388059702,[4  1  5  4  2  4  3  5  2  2]
318,338,2479,2521,113.97014925373135,29.812460843241123,1.9074626865671642,[4  1  5  4  2  4  3  5  2  2]
319,336,2477,2523,115.01506024096386,29.880022600835343,1.9246987951807228,[4  1  5  4  2  4  3  5  2  2]
320,339,2467,2533,114.96978851963746,29.968781316875052,1.9305135951661632,[4  1  5  4  2  4  3  5  2  2]
321,337,2458,2542,113.92215568862275,30.045795357327048,1.9311377245508983,[4  1  5  4  2  4  3  5  2  2]
322,334,2459,2541,114.50301204819277,30.027046679731562,1.9367469879518073,[4  1  5  4  2  4  3  5  2  2]
323,330,2447,2553,116.43076923076923,30.046661194480205,1.9507692307692308,[4  1  5  4  2  4  3  5  2  2]
324,334,2442,2558,117.6863354037267,30.17796288071668,1.934782608695652,[4  1  5  4  2  4  3  5  2  2]
325,340,2429,2571,114.03614457831326,30.16567523643507,1.9457831325301205,[4  1  5  4  2  4  3  5  2  2]
326,342,2420,2580,112.44807121661721,30.2810835836806,1.943620178041543,[4  1  5  4  2  4  3  5  2  2]
327,346,2400,2600,111.96745562130178,30.29357682506568,1.9467455621301775,[4  1  5  4  2  4  3  5  2  2]
328,353,2396,2604,111.63235294117646,30.352268433394052,1.9470588235294117,[4  1  5  4  2  4  3  5  2  2]
329,355,2385,2615,108.35243553008596,30.375175276659526,1.9484240687679084,[4  1  5  4  2  4  3  5  2  2]
330,360,2395,2605,107.81428571428572,30.417427314689167,1.9514285714285715,[4  1  5  4  2  4  3  5  2  2]
331,359,2385,2615,105.76487252124646,30.535479892316225,1.9405099150141643,[4  1  5  4  2  4  3  5  2  2]
332,364,2389,2611,104.5505617977528,30.594227696286712,1.952247191011236,[4  1  5  4  2  4  3  5  2  2]
333,359,2372,2628,103.88732394366197,30.713901364840222,1.9549295774647888,[4  1  5  4  2  4  3  5  2  2]
334,359,2370,2630,104.12429378531074,30.701958116321837,1.9717514124293785,[4  1  5  4  2  4  3  5  2  2]
335,360,2359,2641,104.0340909090909,30.71967556148238,1.9772727272727273,[4  1  5  4  2  4  3  5  2  2]
336,352,2343,2657,104.95689655172414,30.799039988784312,2.0114942528735633,[4  1  5  4  2  4  3  5  2  2]
337,349,2323,2677,106.79824561403508,30.834152221429488,2.038011695906433,[4  1  5  4  2  4  3  5  2  2]
338,351,2325,2675,106.74927113702624,30.837974673162506,2.055393586005831,[4  1  5  4  2  4  3  5  2  2]
339,351,2314,2686,105.11560693641619,30.837871368828548,2.069364161849711,[4  1  5  4  2  4  3  5  2  2]
340,344,2321,2679,107.09439528023599,30.899697491223584,2.0766961651917404,[4  1  5  4  2  4  3  5  2  2]
341,347,2313,2687,105.58651026392963,30.9761590212703,2.067448680351906,[4  1  5  4  2  4  3  5  2  2]
342,346,2303,2697,104.72303206997084,31.072758462432606,2.067055393586006,[4  1  5  4  2  4  3  5  2  2]
343,345,2303,2697,104.8391812865497,31.123221018248582,2.0701754385964914,[4  1  5  4  2  4  3  5  2  2]
344,342,2299,2701,105.77151335311572,31.083443723546434,2.0949554896142435,[4  1  5  4  2  4  3  5  2  2]
345,337,2305,2695,105.71428571428571,31.118027818805803,2.0982142857142856,[4  1  5  4  2  4  3  5  2  2]
346,332,2285,2715,107.14285714285714,31.277221697396133,2.072948328267477,[4  1  5  4  2  4  3  5  2  2]
347,322,2277,2723,110.29595015576324,31.33069979334511,2.0934579439252334,[4  1  5  4  2  4  3  5  2  2]
348,323,2278,2722,112.0886075949367,31.387927494542932,2.0917721518987342,[4  1  5  4  2  4  3  5  2  2]
349,319,2281,2719,112.5,31.471842599790197,2.0859872611464967,[4  1  5  4  2  4  3  5  2  2]
350,319,2274,2726,113.21543408360128,31.442738061640185,2.1189710610932475,[4  1  5  4  2  4  3  5  2  2]
351,322,2267,2733,110.53291536050156,31.442738061640185,2.115987460815047,[4  1  5  4  2  4  3  5  2  2]
352,321,2260,2740,111.61392405063292,31.4841239948838,2.1360759493670884,[4  1  5  4  2  4  3  5  2  2]
353,318,2254,2746,112.04761904761905,31.493657849483746,2.165079365079365,[4  1  5  4  2  4  3  5  2  2]
354,316,2258,2742,112.81150159744409,31.50656248428258,2.1884984025559104,[4  1  5  4  2  4  3  5  2  2]
355,318,2266,2734,114.23701298701299,31.495505499054502,2.220779220779221,[4  1  5  4  2  4  3  5  2  2]
356,317,2264,2736,112.62057877813506,31.559524026487427,2.22508038585209,[4  1  5  4  2  4  3  5  2  2]
357,319,2262,2738,112.17948717948718,31.676296099335115,2.2115384615384617,[4  1  5  4  2  4  3  5  2  2]
358,317,2251,2749,111.36942675159236,31.694780022274045,2.2229299363057327,[4  1  5  4  2  4  3  5  2  2]
359,315,2248,2752,112.38782051282051,31.679508571439136,2.2435897435897436,[4  1  5  4  2  4  3  5  2  2]
360,310,2254,2746,114.54248366013071,31.702728655690066,2.2777777777777777,[4  1  5  4  2  4  3  5  2  2]
361,307,2249,2751,116.43333333333334,31.828682560410304,2.2933333333333334,[4  1  5  4  2  4  3  5  2  2]
362,307,2240,2760,115.91059602649007,31.85998738921583,2.2980132450331126,[0  5  0  1  7  1  3  0  5  3]
363,307,2248,2752,116.32450331125828,31.917298863332775,2.314569536423841,[0  5  0  1  7  1  3  0  5  3]
364,306,2243,2757,116.27906976744185,31.90373499783636,2.335548172757475,[0  5  0  1  7  1  3  0  5  3]
365,308,2249,2751,116.12582781456953,31.9105675961052,2.3443708609271523,[0  5  0  1  7  1  3  0  5  3]
366,312,2241,2759,114.65573770491804,31.97940642420275,2.3508196721311476,[0  5  0  1  7  1  3  0  5  3]
367,313,2253,2747,113.84740259740259,32.071740285411266,2.344155844155844,[0  5  0  1  7  1  3  0  5  3]
368,309,2228,2772,114.24590163934427,32.17969480120121,2.3508196721311476,[0  5  0  1  7  1  3  0  5  3]
369,312,2219,2781,115.01633986928104,32.270790669750625,2.3366013071895426,[0  5  0  1  7  1  3  0  5  3]
370,316,2207,2793,113.50482315112541,32.270151117324986,2.337620578778135,[0  5  0  1  7  1  3  0  5  3]
371,316,2198,2802,113.54166666666667,32.3268375608645,2.3205128205128207,[0  5  0  1  7  1  3  0  5  3]
372,324,2178,2822,113.05732484076434,32.33953612042275,2.3184713375796178,[0  5  0  1  7  1  3  0  5  3]
373,325,2176,2824,112.35849056603773,32.35497120680234,2.3238993710691824,[0  5  0  1  7  1  3  0  5  3]
374,325,2176,2824,111.81818181818181,32.446809345281814,2.29153605015674,[0  5  0  1  7  1  3  0  5  3]
375,328,2176,2824,110.13931888544892,32.48846679020972,2.2724458204334366,[0  5  0  1  7  1  3  0  5  3]
376,338,2169,2831,108.44036697247707,32.48229659910784,2.27217125382263,[0  5  0  1  7  1  3  0  5  3]
377,344,2177,2823,105.76119402985074,32.473231788396625,2.271641791044776,[0  5  0  1  7  1  3  0  5  3]
378,345,2188,2812,102.73391812865498,32.45955935024751,2.2719298245614037,[0  5  0  1  7  1  3  0  5  3]
379,345,2173,2827,101.93548387096774,32.5710208854693,2.2609970674486806,[0  5  0  1  7  1  3  0  5  3]
380,342,2175,2825,104.44444444444444,32.73686571695364,2.2432432432432434,[0  5  0  1  7  1  3  0  5  3]
381,341,2170,2830,102.93154761904762,32.8890884381664,2.2232142857142856,[0  5  0  1  7  1  3  0  5  3]
382,343,2164,2836,102.01183431952663,32.891186614769545,2.227810650887574,[0  5  0  1  7  1  3  0  5  3]
383,342,2160,2840,102.6268656716418,32.99837043461584,2.2328358208955223,[0  5  0  1  7  1  3  0  5  3]
384,344,2151,2849,101.67655786350149,32.97285678407512,2.2462908011869436,[0  5  0  1  7  1  3  0  5  3]
385,343,2150,2850,100.63235294117646,32.999300437080734,2.25,[0  5  0  1  7  1  3  0  5  3]
386,337,2135,2865,101.88622754491018,33.02996948167406,2.269461077844311,[0  5  0  1  7  1  3  0  5  3]
387,330,2135,2865,104.2354740061162,33.105902642048825,2.2752293577981653,[0  5  0  1  7  1  3  0  5  3]
388,327,2128,2872,105.7632398753894,33.18189254946476,2.2866043613707165,[0  5  0  1  7  1  3  0  5  3]
389,321,2139,2861,106.42633228840126,33.22931744684651,2.300940438871473,[0  5  0  1  7  1  3  0  5  3]
390,325,2136,2864,105.61128526645768,33.32809962919125,2.2978056426332287,[0  5  0  1  7  1  3  0  5  3]
391,322,2139,2861,105.125,33.351051457313716,2.3,[0  5  0  1  7  1  3  0  5  3]
392,319,2134,2866,107.01277955271566,33.4614547464954,2.3099041533546325,[0  5  0  1  7  1  3  0  5  3]
393,321,2121,2879,105.36163522012579,33.449416233612894,2.308176100628931,[0  5  0  1  7  1  3  0  5  3]
394,322,2121,2879,105.69182389937107,33.43131035603931,2.3207547169811322,[0  5  0  1  7  1  3  0  5  3]
395,318,2126,2874,106.07594936708861,33.479101184438825,2.3354430379746836,[0  5  0  1  7  1  3  0  5  3]
396,317,2119,2881,106.25796178343948,33.45324600330052,2.3535031847133756,[0  5  0  1  7  1  3  0  5  3]
397,316,2122,2878,107.74193548387096,33.632760473435404,2.296774193548387,[0  5  0  1  7  1  3  0  5  3]
398,317,2127,2873,106.40575079872204,33.68672283563873,2.2843450479233227,[0  5  0  1  7  1  3  0  5  3]
399,315,2123,2877,106.29807692307692,33.73518628244351,2.2788461538461537,[0  5  0  1  7  1  3  0  5  3]
400,313,2132,2868,106.98387096774194,33.80356201542845,2.2903225806451615,[0  5  0  1  7  1  3  0  5  3]
401,310,2127,2873,107.42671009771988,33.84564256974829,2.2964169381107493,[0  5  0  1  7  1  3  0  5  3]
402,308,2131,2869,108.97689768976898,33.88482267320205,2.3003300330033003,[0  5  0  1  7  1  3  0  5  3]
403,307,2126,2874,107.66339869281046,33.94257737085598,2.2973856209150325,[0  5  0  1  7  1  3  0  5  3]
404,308,2130,2870,109.60132890365449,33.98362966443166,2.318936877076412,[0  5  0  1  7  1  3  0  5  3]
405,308,2129,2871,109.75,34.037418901432375,2.3366666666666664,[0  5  0  1  7  1  3  0  5  3]
406,311,2123,2877,108.7128712871287,34.09640039912173,2.33003300330033,[0  5  0  1  7  1  3  0  5  3]
407,318,2116,2884,107.54071661237785,34.19185529493944,2.3192182410423454,[0  5  0  1  7  1  3  0  5  3]
408,318,2102,2898,105.70287539936102,34.395442085207186,2.3003194888178915,[0  5  0  1  7  1  3  0  5  3]
409,320,2097,2903,105.828025477707,34.4175407760603,2.3089171974522293,[0  5  0  1  7  1  3  0  5  3]
410,321,2099,2901,105.5079365079365,34.42751451120809,2.320634920634921,[0  5  0  1  7  1  3  0  5  3]
411,319,2103,2897,104.51104100946372,34.432639314637576,2.321766561514196,[0  5  0  1  7  1  3  0  5  3]
412,319,2100,2900,104.71428571428571,34.54568668096023,2.3047619047619046,[0  5  0  1  7  1  3  0  5  3]
413,321,2096,2904,104.2879746835443,34.55445215853249,2.3037974683544302,[0  5  0  1  7  1  3  0  5  3]
414,319,2079,2921,104.2246835443038,34.58346197750599,2.3132911392405062,[0  5  0  1  7  1  3  0  5  3]
415,316,2065,2935,106.12179487179488,34.57891338307994,2.3333333333333335,[0  5  0  1  7  1  3  0  5  3]
416,317,2060,2940,106.26198083067092,34.597492068289654,2.3386581469648564,[0  5  0  1  7  1  3  0  5  3]
417,316,2066,2934,105.95541401273886,34.578708932916676,2.3503184713375798,[0  5  0  1  7  1  3  0  5  3]
418,318,2053,2947,106.12179487179488,34.61628646514314,2.3621794871794872,[0  5  0  1  7  1  3  0  5  3]
419,320,2059,2941,105.87579617834395,34.627273860637736,2.375796178343949,[0  5  0  1  7  1  3  0  5  3]
420,317,2067,2933,106.38263665594856,34.906128052354696,2.369774919614148,[0  5  0  1  7  1  3  0  5  3]
421,319,2063,2937,105.48076923076923,34.9410809965588,2.375,[0  5  0  1  7  1  3  0  5  3]
422,319,2065,2935,104.80891719745223,34.91456882738349,2.388535031847134,[0  5  0  1  7  1  3  0  5  3]
423,317,2066,2934,104.49044585987261,35.038816570344544,2.3821656050955413,[0  5  0  1  7  1  3  0  5  3]
424,320,2067,2933,104.21974522292993,35.069296017375066,2.3917197452229297,[0  5  0  1  7  1  3  0  5  3]
425,316,2083,2917,104.95176848874598,35.139629793122474,2.401929260450161,[0  5  0  1  7  1  3  0  5  3]
426,310,2065,2935,104.67637540453075,35.166940489488894,2.4174757281553396,[0  5  0  1  7  1  3  0  5  3]
427,308,2082,2918,107.13815789473684,35.365443287492006,2.4078947368421053,[0  5  0  1  7  1  3  0  5  3]
428,303,2081,2919,108.01003344481606,35.432539513508075,2.4247491638795986,[0  5  0  1  7  1  3  0  5  3]
429,304,2088,2912,107.71666666666667,35.471005470288546,2.4366666666666665,[0  5  0  1  7  1  3  0  5  3]
430,301,2100,2900,108.81756756756756,35.429513332038844,2.4628378378378377,[0  5  0  1  7  1  3  0  5  3]
431,303,2093,2907,109.01360544217687,35.485866939149254,2.479591836734694,[0  5  0  1  7  1  3  0  5  3]
432,302,2093,2907,108.00335570469798,35.55443554894222,2.476510067114094,[0  5  0  1  7  1  3  0  5  3]
433,304,2082,2918,108.4006734006734,35.55714094523036,2.494949494949495,[0  5  0  1  7  1  3  0  5  3]
434,302,2102,2898,108.27759197324414,35.65771015063263,2.4749163879598663,[0  5  0  1  7  1  3  0  5  3]
435,300,2112,2888,108.01346801346801,35.71121856293662,2.5016835016835017,[0  5  0  1  7  1  3  0  5  3]
436,299,2112,2888,108.28813559322033,35.72307338245512,2.5084745762711864,[0  5  0  1  7  1  3  0  5  3]
437,297,2122,2878,109.11262798634812,35.753975305570805,2.5187713310580206,[0  5  0  1  7  1  3  0  5  3]
438,302,2120,2880,107.98305084745763,35.73998135352124,2.5254237288135593,[0  5  0  1  7  1  3  0  5  3]
439,303,2138,2862,106.72240802675586,35.85319167795876,2.471571906354515,[0  5  0  1  7  1  3  0  5  3]
440,306,2127,2873,106.54882154882155,35.84671389301114,2.478114478114478,[0  5  0  1  7  1  3  0  5  3]
441,308,2136,2864,105.03300330033004,35.82087516416819,2.4818481848184817,[0  5  0  1  7  1  3  0  5  3]
442,315,2138,2862,103.17589576547232,35.83202470626182,2.469055374592834,[0  5  0  1  7  1  3  0  5  3]
443,313,2144,2856,102.62987012987013,35.93778694185442,2.4415584415584415,[0  5  0  1  7  1  3  0  5  3]
444,310,2146,2854,103.21311475409836,36.089628409226364,2.442622950819672,[0  5  0  1  7  1  3  0  5  3]
445,314,2160,2840,102.02922077922078,36.13097276391002,2.4220779220779223,[0  5  0  1  7  1  3  0  5  3]
446,307,2159,2841,102.54934210526316,36.19534471684463,2.424342105263158,[0  5  0  1  7  1  3  0  5  3]
447,306,2161,2839,103.9,36.45750580610025,2.2933333333333334,[0  5  0  1  7  1  3  0  5  3]
448,309,2159,2841,103.11258278145695,36.447077404914026,2.2980132450331126,[0  5  0  1  7  1  3  0  5  3]
449,314,2152,2848,101.49837133550488,36.49946678732197,2.2931596091205213,[0  5  0  1  7  1  3  0  5  3]
450,321,2160,2840,100.74193548387096,36.486524045297216,2.306451612903226,[0  5  0  1  7  1  3  0  5  3]
451,324,2163,2837,97.98107255520505,36.51896540183039,2.302839116719243,[0  5  0  1  7  1  3  0  5  3]
452,320,2168,2832,98.5031847133758,36.54706749299562,2.340764331210191,[0  5  0  1  7  1  3  0  5  3]
453,323,2162,2838,97.73015873015873,36.603811876019606,2.3333333333333335,[0  5  0  1  7  1  3  0  5  3]
454,328,2146,2854,95.65217391304348,36.60768339976249,2.3229813664596275,[0  5  0  1  7  1  3  0  5  3]
455,326,2135,2865,96.65625,36.632401251304586,2.3375,[0  5  0  1  7  1  3  0  5  3]
456,328,2138,2862,95.66358024691358,36.62327259099192,2.3425925925925926,[0  5  0  1  7  1  3  0  5  3]
457,326,2133,2867,96.64576802507837,36.62957244636689,2.376175548589342,[0  5  0  1  7  1  3  0  5  3]
458,325,2129,2871,96.58307210031347,36.82287570876503,2.3636363636363638,[0  5  0  1  7  1  3  0  5  3]
459,326,2140,2860,96.77672955974843,36.84292451578402,2.361635220125786,[0  5  0  1  7  1  3  0  5  3]
460,332,2151,2849,94.19753086419753,36.86253253159913,2.3580246913580245,[0  5  0  1  7  1  3  0  5  3]
461,331,2155,2845,92.74539877300613,36.91181441056774,2.361963190184049,[0  5  0  1  7  1  3  0  5  3]
462,329,2164,2836,93.30745341614907,37.05060878695244,2.3354037267080745,[7  5  5  0  2  4  7  7  3  3]
463,324,2167,2833,93.41692789968653,37.085026625974365,2.366771159874608,[7  5  5  0  2  4  7  7  3  3]
464,321,2158,2842,93.56466876971609,37.19085419271529,2.3753943217665614,[7  5  5  0  2  4  7  7  3  3]
465,323,2159,2841,93.42767295597484,37.19343238662699,2.380503144654088,[7  5  5  0  2  4  7  7  3  3]
466,328,2141,2859,92.515625,37.212015133960904,2.390625,[7  5  5  0  2  4  7  7  3  3]
467,328,2136,2864,92.75700934579439,37.21501429360267,2.4049844236760123,[7  5  5  0  2  4  7  7  3  3]
468,329,2133,2867,92.08978328173374,37.2945705723659,2.3777089783281733,[7  5  5  0  2  4  7  7  3  3]
469,328,2130,2870,92.1583850931677,37.31320415950105,2.400621118012422,[7  5  5  0  2  4  7  7  3  3]
470,326,2144,2856,92.24299065420561,37.277484385593525,2.4205607476635516,[7  5  5  0  2  4  7  7  3  3]
471,327,2141,2859,90.69659442724458,37.276760095808235,2.430340557275542,[7  5  5  0  2  4  7  7  3  3]
472,323,2149,2851,91.328125,37.35492216342045,2.425,[7  5  5  0  2  4  7  7  3  3]
473,318,2137,2863,92.96474358974359,37.53942979298386,2.4166666666666665,[6  6  2  4  2  2  7  5  2  5]
474,318,2130,2870,93.05111821086263,37.63510531442903,2.4089456869009584,[6  6  2  4  2  2  7  5  2  5]
475,324,2122,2878,92.0031545741325,37.63524852270437,2.406940063091483,[6  6  2  4  2  2  7  5  2  5]
476,328,2117,2883,90.96573208722741,37.63919930721783,2.411214953271028,[6  6  2  4  2  2  7  5  2  5]
477,326,2130,2870,90.87227414330218,37.63120774002403,2.4205607476635516,[6  6  2  4  2  2  7  5  2  5]
478,327,2124,2876,89.6583850931677,37.74124870965392,2.4161490683229814,[6  6  2  4  2  2  7  5  2  5]
479,326,2112,2888,89.59627329192547,37.79696167872535,2.400621118012422,[6  6  2  4  2  2  7  5  2  5]
480,319,2109,2891,91.23028391167192,37.77243813248757,2.441640378548896,[6  6  2  4  2  2  7  5  2  5]
481,317,2114,2886,92.26837060702876,37.76055503365323,2.4536741214057507,[6  6  2  4  2  2  7  5  2  5]
482,317,2105,2895,92.41157556270096,37.75568929771136,2.463022508038585,[6  6  2  4  2  2  7  5  2  5]
483,317,2115,2885,92.37179487179488,37.788618800613776,2.448717948717949,[6  6  2  4  2  2  7  5  2  5]
484,315,2120,2880,91.9935691318328,37.85274077793592,2.45016077170418,[6  6  2  4  2  2  7  5  2  5]
485,316,2120,2880,91.57556270096462,37.93306000661834,2.45016077170418,[6  6  2  4  2  2  7  5  2  5]
486,316,2145,2855,91.39871382636656,37.96009102120977,2.4437299035369775,[6  6  2  4  2  2  7  5  2  5]
487,312,2137,2863,90.59870550161813,38.037681877692904,2.4563106796116503,[6  6  2  4  2  2  7  5  2  5]
488,311,2127,2873,91.73202614379085,38.20081364349131,2.4411764705882355,[6  6  2  4  2  2  7  5  2  5]
489,307,2130,2870,92.12418300653594,38.31209315851331,2.395424836601307,[6  6  2  4  2  2  7  5  2  5]
490,308,2132,2868,92.48355263157895,38.31861598745997,2.398026315789474,[6  6  2  4  2  2  7  5  2  5]
491,307,2129,2871,93.23920265780731,38.472344876043095,2.395348837209302,[6  6  2  4  2  2  7  5  2  5]
492,308,2113,2887,92.45065789473684,38.49427289027458,2.4046052631578947,[6  6  2  4  2  2  7  5  2  5]
493,306,2116,2884,93.48184818481849,38.491051839152384,2.4125412541254128,[6  6  2  4  2  2  7  5  2  5]
494,307,2110,2890,93.28382838283828,38.482516649058404,2.4224422442244222,[6  6  2  4  2  2  7  5  2  5]
495,311,2109,2891,92.91803278688525,38.46167287458054,2.4262295081967213,[6  6  2  4  2  2  7  5  2  5]
496,315,2112,2888,91.98051948051948,38.48612046496127,2.4220779220779223,[6  6  2  4  2  2  7  5  2  5]
497,316,2110,2890,90.52884615384616,38.51009844179339,2.4198717948717947,[6  6  2  4  2  2  7  5  2  5]
498,315,2113,2887,90.72347266881029,38.514412498986694,2.4308681672025725,[6  6  2  4  2  2  7  5  2  5]
499,318,2121,2879,90.40192926045016,38.54900330034262,2.4308681672025725,[6  6  2  4  2  2  7  5  2  5]
500,318,2129,2871,88.6984126984127,38.55363856867244,2.419047619047619,[6  6  2  4  2  2  7  5  2  5]
501,318,2140,2860,88.92628205128206,38.651718841756384,2.4198717948717947,[6  6  2  4  2  2  7  5  2  5]
502,320,2134,2866,87.64331210191082,38.65074394446131,2.429936305732484,[6  6  2  4  2  2  7  5  2  5]
503,313,2143,2857,88.83870967741936,38.66547997451929,2.4741935483870967,[6  6  2  4  2  2  7  5  2  5]
504,312,2141,2859,88.81493506493507,38.72983800662045,2.487012987012987,[6  6  2  4  2  2  7  5  2  5]
505,308,2139,2861,90.54635761589404,38.78852859833381,2.5099337748344372,[6  6  2  4  2  2  7  5  2  5]
506,306,2147,2853,90.91362126245848,38.91013286859437,2.504983388704319,[6  6  2  4  2  2  7  5  2  5]
507,311,2156,2844,90.19867549668874,38.996255725720246,2.4900662251655628,[6  6  2  4  2  2  7  5  2  5]
508,308,2157,2843,89.1282894736842,38.999959534334934,2.4835526315789473,[6  6  2  4  2  2  7  5  2  5]
509,309,2150,2850,88.72131147540983,38.98852468424161,2.495081967213115,[6  6  2  4  2  2  7  5  2  5]
510,311,2149,2851,88.11688311688312,38.99479042100616,2.4935064935064934,[6  6  2  4  2  2  7  5  2  5]
511,312,2146,2854,88.90163934426229,39.02239574016509,2.498360655737705,[6  6  2  4  2  2  7  5  2  5]
512,306,2146,2854,89.55445544554455,39.121037368913164,2.485148514851485,[6  6  2  4  2  2  7  5  2  5]
513,308,2135,2865,90.09966777408638,39.238484147929086,2.4285714285714284,[6  6  2  4  2  2  7  5  2  5]
514,308,2143,2857,90.33112582781457,39.28256791213838,2.4403973509933774,[6  6  2  4  2  2  7  5  2  5]
515,307,2155,2845,89.01639344262296,39.270219242406014,2.445901639344262,[6  6  2  4  2  2  7  5  2  5]
516,304,2151,2849,89.81666666666666,39.436135562239464,2.42,[6  6  2  4  2  2  7  5  2  5]
517,302,2157,2843,90.62080536912751,39.48250730837218,2.4395973154362416,[6  6  2  4  2  2  7  5  2  5]
518,303,2160,2840,90.96283783783784,39.522167416023855,2.4594594594594597,[6  6  2  4  2  2  7  5  2  5]
519,302,2142,2858,90.26845637583892,39.582497061752605,2.453020134228188,[6  6  2  4  2  2  7  5  2  5]
520,302,2149,2851,91.51515151515152,39.63683721913539,2.4444444444444446,[6  6  2  4  2  2  7  5  2  5]
521,302,2148,2852,90.90604026845638,39.67205682561296,2.4496644295302015,[6  6  2  4  2  2  7  5  2  5]
522,308,2143,2857,90.08305647840531,39.67903190434786,2.4485049833887045,[6  6  2  4  2  2  7  5  2  5]
523,307,2143,2857,90.3156146179402,39.75111497730306,2.4451827242524917,[6  6  2  4  2  2  7  5  2  5]
524,314,2146,2854,88.82352941176471,39.75335954807271,2.4444444444444446,[6  6  2  4  2  2  7  5  2  5]
525,311,2151,2849,88.28990228013029,39.8227458242774,2.429967426710098,[4  3  3  1  3  6  6  6  2  3]
526,312,2154,2846,88.21895424836602,39.80446480527833,2.447712418300654,[4  3  3  1  3  6  6  6  2  3]
527,312,2168,2832,87.11974110032362,39.78326088150394,2.453074433656958,[4  3  3  1  3  6  6  6  2  3]
528,307,2159,2841,87.42622950819673,39.772037057557235,2.4754098360655736,[4  3  3  1  3  6  6  6  2  3]
529,305,2163,2837,88.36633663366337,39.848956135494454,2.438943894389439,[6  4  6  1  2  6  1  1  0  5]
530,305,2170,2830,88.70431893687707,39.83813526524099,2.451827242524917,[6  4  6  1  2  6  1  1  0  5]
531,303,2173,2827,89.22818791946308,39.860223090745194,2.469798657718121,[6  4  6  1  2  6  1  1  0  5]
532,303,2176,2824,88.81270903010034,39.87922916158871,2.4581939799331103,[6  4  6  1  2  6  1  1  0  5]
533,297,2184,2816,90.18707482993197,39.91930249168995,2.493197278911565,[6  4  6  1  2  6  1  1  0  5]
534,297,2179,2821,90.80756013745705,39.95911990232707,2.5051546391752577,[6  4  6  1  2  6  1  1  0  5]
535,292,2187,2813,92.17013888888889,39.980797020263864,2.5381944444444446,[6  4  6  1  2  6  1  1  0  5]
536,294,2192,2808,91.32758620689656,39.978341431537046,2.5413793103448277,[6  4  6  1  2  6  1  1  0  5]
537,297,2198,2802,90.9278350515464,40.01253127856255,2.536082474226804,[6  4  6  1  2  6  1  1  0  5]
538,297,2207,2793,89.54237288135593,39.99635375218043,2.535593220338983,[6  4  6  1  2  6  1  1  0  5]
539,293,2202,2798,90.39518900343643,40.08382192130123,2.5120274914089347,[6  4  6  1  2  6  1  1  0  5]
540,294,2209,2791,90.80756013745705,40.06937206386262,2.52233676975945,[6  4  6  1  2  6  1  1  0  5]
541,294,2221,2779,90.91379310344827,40.10819482394136,2.5206896551724136,[6  4  6  1  2  6  1  1  0  5]
542,292,2226,2774,91.41114982578397,40.083769976683804,2.554006968641115,[6  4  6  1  2  6  1  1  0  5]
543,294,2231,2769,90.43103448275862,40.095245845277525,2.5413793103448277,[6  4  6  1  2  6  1  1  0  5]
544,292,2227,2773,90.03436426116839,40.08223162624233,2.5532646048109964,[6  4  6  1  2  6  1  1  0  5]
545,293,2227,2773,91.33680555555556,40.0737428172734,2.576388888888889,[6  4  6  1  2  6  1  1  0  5]
546,292,2220,2780,91.22837370242215,40.11508904810966,2.57439446366782,[6  4  6  1  2  6  1  1  0  5]
547,294,2226,2774,92.10069444444444,40.201567699399696,2.5729166666666665,[6  4  6  1  2  6  1  1  0  5]
548,297,2223,2777,91.36206896551724,40.26760718870609,2.579310344827586,[6  4  6  1  2  6  1  1  0  5]
549,299,2230,2770,90.4421768707483,40.24827818920276,2.5850340136054424,[6  4  6  1  2  6  1  1  0  5]
550,301,2240,2760,89.88135593220339,40.28285871729515,2.5830508474576273,[1  6  1  2  7  6  6  7  1  1]
551,298,2235,2765,89.1554054054054,40.27822990653377,2.60472972972973,[1  6  1  2  7  6  6  7  1  1]
552,300,2236,2764,90.70205479452055,40.29972322396852,2.6198630136986303,[1  6  1  2  7  6  6  7  1  1]
553,300,2235,2765,89.5608108108108,40.29277724979525,2.6317567567567566,[1  6  1  2  7  6  6  7  1  1]
554,302,2235,2765,89.37710437710437,40.336775075430765,2.6195286195286194,[1  6  1  2  7  6  6  7  1  1]
555,302,2233,2767,89.12751677852349,40.3202008209564,2.6308724832214767,[1  6  1  2  7  6  6  7  1  1]
556,304,2225,2775,88.66666666666667,40.31108051912761,2.6366666666666667,[1  6  1  2  7  6  6  7  1  1]
557,310,2226,2774,88.77076411960132,40.34871018013363,2.6345514950166113,[1  6  1  2  7  6  6  7  1  1]
558,313,2211,2789,86.97068403908794,40.33540202384856,2.6384364820846904,[1  6  1  2  7  6  6  7  1  1]
559,319,2212,2788,86.74193548387096,40.37519583130722,2.629032258064516,[1  6  1  2  7  6  6  7  1  1]
560,321,2221,2779,85.15873015873017,40.37875609467608,2.634920634920635,[1  6  1  2  7  6  6  7  1  1]
561,322,2217,2783,83.43260188087774,40.4255386624631,2.626959247648903,[1  6  1  2  7  6  6  7  1  1]
562,321,2216,2784,83.58490566037736,40.47803962437998,2.641509433962264,[1  6  1  2  7  6  6  7  1  1]
563,315,2221,2779,85.2250803858521,40.87629008157559,2.5916398713826365,[1  6  1  2  7  6  6  7  1  1]
564,317,2219,2781,85.08064516129032,40.910900047711216,2.6,[1  6  1  2  7  6  6  7  1  1]
565,314,2215,2785,84.47115384615384,40.98238238275881,2.5576923076923075,[7  1  1  0  0  6  3  3  6  1]
566,312,2229,2771,85.84690553745928,40.98040636504552,2.579804560260586,[7  1  1  0  0  6  3  3  6  1]
567,311,2236,2764,86.45695364238411,41.07714887472982,2.562913907284768,[7  1  1  0  0  6  3  3  6  1]
568,308,2234,2766,86.07615894039735,41.09231141158639,2.5794701986754967,[7  1  1  0  0  6  3  3  6  1]
569,310,2236,2764,85.01633986928104,41.08523571926067,2.5784313725490198,[7  1  1  0  0  6  3  3  6  1]
570,311,2237,2763,84.54397394136808,41.08915309512532,2.586319218241042,[4  2  4  0  1  1  1  5  1  6]
571,311,2228,2772,84.10714285714286,41.09605933786837,2.5844155844155843,[4  2  4  0  1  1  1  5  1  6]
572,312,2224,2776,84.41558441558442,41.09496510225652,2.594155844155844,[4  2  4  0  1  1  1  5  1  6]
573,308,2223,2777,85.31147540983606,41.09275016183918,2.622950819672131,[4  2  4  0  1  1  1  5  1  6]
574,305,2228,2772,86.41196013289037,41.308670065181516,2.574750830564784,[4  2  4  0  1  1  1  5  1  6]
575,304,2233,2767,86.43333333333334,41.36784004186391,2.5733333333333333,[4  2  4  0  1  1  1  5  1  6]
576,304,2228,2772,86.47157190635451,41.36557540603301,2.568561872909699,[4  2  4  0  1  1  1  5  1  6]
577,299,2220,2780,87.03020134228188,41.39063542175658,2.5805369127516777,[4  2  4  0  1  1  1  5  1  6]
578,298,2234,2766,88.65646258503402,41.48516510546154,2.574829931972789,[4  2  4  0  1  1  1  5  1  6]
579,298,2236,2764,88.04421768707483,41.50894706571836,2.5714285714285716,[4  2  4  0  1  1  1  5  1  6]
580,300,2263,2737,87.7457627118644,41.53415245754527,2.5694915254237287,[4  2  4  0  1  1  1  5  1  6]
581,300,2272,2728,86.75170068027211,41.58081092587522,2.568027210884354,[4  2  4  0  1  1  1  5  1  6]
582,301,2257,2743,85.8108108108108,41.566583259634335,2.574324324324324,[4  2  4  0  1  1  1  5  1  6]
583,302,2253,2747,86.34680134680134,41.605184461916785,2.5656565656565657,[4  2  4  0  1  1  1  5  1  6]
584,304,2249,2751,86.30872483221476,41.639089294045206,2.563758389261745,[4  2  4  0  1  1  1  5  1  6]
585,306,2254,2746,85.11551155115511,41.63496022207721,2.557755775577558,[4  2  4  0  1  1  1  5  1  6]
586,302,2247,2753,86.24161073825503,41.740025600087456,2.553691275167785,[4  2  4  0  1  1  1  5  1  6]
587,302,2252,2748,86.05,41.740846965406824,2.5533333333333332,[4  2  4  0  1  1  1  5  1  6]
588,301,2256,2744,86.08695652173913,41.76455297814421,2.5652173913043477,[4  2  4  0  1  1  1  5  1  6]
589,299,2260,2740,86.48148148148148,41.78569288312058,2.585858585858586,[4  2  4  0  1  1  1  5  1  6]
590,299,2271,2729,87.21088435374149,41.79547542560087,2.6054421768707483,[4  2  4  0  1  1  1  5  1  6]
591,299,2270,2730,86.75170068027211,41.77177377664731,2.622448979591837,[4  2  4  0  1  1  1  5  1  6]
592,299,2269,2731,86.02693602693603,41.853958099749356,2.612794612794613,[4  2  4  0  1  1  1  5  1  6]
593,299,2278,2722,87.3037542662116,41.89701586105898,2.621160409556314,[4  2  4  0  1  1  1  5  1  6]
594,294,2269,2731,87.56013745704468,41.919597967498675,2.6460481099656357,[4  2  4  0  1  1  1  5  1  6]
595,293,2271,2729,88.48275862068965,41.93585696850999,2.6620689655172414,[4  2  4  0  1  1  1  5  1  6]
596,289,2274,2726,89.16666666666667,41.9708216925763,2.65625,[4  2  4  0  1  1  1  5  1  6]
597,285,2288,2712,90.79505300353357,41.968296707046946,2.674911660777385,[4  2  4  0  1  1  1  5  1  6]
598,285,2288,2712,90.67375886524823,41.966714994657025,2.6843971631205674,[4  2  4  0  1  1  1  5  1  6]
599,285,2307,2693,91.64285714285714,41.96612428107027,2.6964285714285716,[4  2  4  0  1  1  1  5  1  6]
600,280,2305,2695,91.96750902527076,42.00191424753905,2.693140794223827,[4  2  4  0  1  1  1  5  1  6]
601,280,2295,2705,93.16363636363636,42.0141219688637,2.712727272727273,[4  2  4  0  1  1  1  5  1  6]
602,283,2292,2708,93.14748201438849,42.01828358453976,2.712230215827338,[4  2  4  0  1  1  1  5  1  6]
603,284,2286,2714,93.70503597122303,42.02113707015068,2.712230215827338,[4  2  4  0  1  1  1  5  1  6]
604,290,2282,2718,93.08510638297872,42.0249598725355,2.702127659574468,[4  2  4  0  1  1  1  5  1  6]
605,295,2286,2714,91.98606271777004,42.07755079102478,2.700348432055749,[4  2  4  0  1  1  1  5  1  6]
606,297,2284,2716,90.42808219178082,42.09306203390866,2.6952054794520546,[4  2  4  0  1  1  1  5  1  6]
607,297,2284,2716,90.35836177474403,42.079606254888134,2.7133105802047783,[4  2  4  0  1  1  1  5  1  6]
608,302,2287,2713,89.86440677966101,42.07860428453933,2.7186440677966104,[4  2  4  0  1  1  1  5  1  6]
609,306,2290,2710,88.3,42.07317478815671,2.7133333333333334,[4  2  4  0  1  1  1  5  1  6]
610,302,2278,2722,88.15,42.12483649102186,2.716666666666667,[4  2  4  0  1  1  1  5  1  6]
611,306,2276,2724,89.04682274247492,42.12819049687001,2.7324414715719065,[4  2  4  0  1  1  1  5  1  6]
612,305,2261,2739,88.57142857142857,42.140272086638724,2.727574750830565,[4  2  4  0  1  1  1  5  1  6]
613,304,2259,2741,89.6,42.14917382918884,2.7333333333333334,[4  2  4  0  1  1  1  5  1  6]
614,298,2256,2744,91.22033898305085,42.17985477029387,2.766101694915254,[4  2  4  0  1  1  1  5  1  6]
615,297,2244,2756,91.45762711864407,42.17999928871481,2.772881355932203,[4  2  4  0  1  1  1  5  1  6]
616,298,2239,2761,91.84121621621621,42.18119753235072,2.777027027027027,[0  0  0  5  7  1  3  0  5  3]
617,299,2231,2769,92.78911564625851,42.315453084034296,2.761904761904762,[0  0  0  5  7  1  3  0  5  3]
618,303,2233,2767,92.35690235690235,42.321515398222694,2.757575757575758,[0  0  0  5  7  1  3  0  5  3]
619,303,2237,2763,91.68896321070234,42.31017954642861,2.769230769230769,[0  0  0  5  7  1  3  0  5  3]
620,299,2233,2767,92.43243243243244,42.33820723540676,2.77027027027027,[0  0  0  5  7  1  3  0  5  3]
621,299,2228,2772,93.33333333333333,42.335186338842846,2.792517006802721,[0  0  0  5  7  1  3  0  5  3]
622,303,2223,2777,93.05743243243244,42.37004299647853,2.7905405405405403,[0  0  0  5  7  1  3  0  5  3]
623,303,2225,2775,92.44147157190635,42.36709884368787,2.789297658862876,[0  0  0  5  7  1  3  0  5  3]
624,302,2216,2784,92.66778523489933,42.42422182935213,2.771812080536913,[0  0  0  5  7  1  3  0  5  3]
625,302,2235,2765,92.8428093645485,42.43281146210056,2.782608695652174,[0  0  0  5  7  1  3  0  5  3]
626,304,2230,2770,92.21476510067114,42.5133650845554,2.791946308724832,[0  0  0  5  7  1  3  0  5  3]
627,307,2228,2772,90.67434210526316,42.5133650845554,2.776315789473684,[0  0  0  5  7  1  3  0  5  3]
628,307,2218,2782,91.00660066006601,42.543904140006575,2.772277227722772,[0  0  0  5  7  1  3  0  5  3]
629,313,2216,2784,90.26058631921823,42.543904140006575,2.762214983713355,[0  0  0  5  7  1  3  0  5  3]
630,311,2217,2783,90.8360655737705,42.58287299135425,2.7704918032786887,[0  0  0  5  7  1  3  0  5  3]
631,308,2215,2785,90.70491803278688,42.600533544809984,2.777049180327869,[0  0  0  5  7  1  3  0  5  3]
632,311,2206,2794,90.72131147540983,42.649075551365854,2.773770491803279,[0  0  0  5  7  1  3  0  5  3]
633,313,2207,2793,90.7843137254902,42.98651953980174,2.526143790849673,[0  0  0  5  7  1  3  0  5  3]
634,308,2208,2792,91.83774834437087,43.158630873867196,2.5231788079470197,[0  0  0  5  7  1  3  0  5  3]
635,313,2210,2790,90.26058631921823,43.14973562344808,2.517915309446254,[0  0  0  5  7  1  3  0  5  3]
636,313,2192,2808,90.04885993485343,43.255734888447876,2.514657980456026,[0  0  0  5  7  1  3  0  5  3]
637,313,2201,2799,89.64630225080386,43.257099183348515,2.504823151125402,[0  0  0  5  7  1  3  0  5  3]
638,316,2210,2790,89.90259740259741,43.22147175445522,2.529220779220779,[0  0  0  5  7  1  3  0  5  3]
639,322,2196,2804,88.18910256410257,43.2175669402074,2.5288461538461537,[0  0  0  5  7  1  3  0  5  3]
640,322,2186,2814,87.82539682539682,43.25970501616466,2.53015873015873,[0  0  0  5  7  1  3  0  5  3]
641,317,2180,2820,87.78481012658227,43.319530692951815,2.5126582278481013,[0  0  0  5  7  1  3  0  5  3]
642,317,2164,2836,88.9423076923077,43.30488402222705,2.5384615384615383,[0  0  0  5  7  1  3  0  5  3]
643,320,2158,2842,89.2332268370607,43.34664762858007,2.527156549520767,[0  0  0  5  7  1  3  0  5  3]
644,316,2156,2844,89.02866242038216,43.32800502024029,2.535031847133758,[0  0  0  5  7  1  3  0  5  3]
645,316,2145,2855,89.47115384615384,43.375630464393666,2.532051282051282,[0  0  0  5  7  1  3  0  5  3]
646,322,2149,2851,89.52076677316293,43.3492135305228,2.5399361022364215,[0  0  0  5  7  1  3  0  5  3]
647,325,2150,2850,87.9968454258675,43.30893070013338,2.548895899053628,[0  0  0  5  7  1  3  0  5  3]
648,320,2151,2849,87.95886075949367,43.31675045071459,2.5537974683544302,[0  0  0  5  7  1  3  0  5  3]
649,322,2155,2845,87.38170347003154,43.348638966844426,2.55205047318612,[0  0  0  5  7  1  3  0  5  3]
650,320,2155,2845,87.47619047619048,43.419596589459566,2.5587301587301585,[0  0  0  5  7  1  3  0  5  3]
651,314,2161,2839,88.36012861736334,43.42679101497036,2.5916398713826365,[0  0  0  5  7  1  3  0  5  3]
652,314,2156,2844,88.46278317152104,43.484614767173674,2.6019417475728157,[0  0  0  5  7  1  3  0  5  3]
653,315,2160,2840,87.9903536977492,43.49248029478804,2.604501607717042,[0  0  0  5  7  1  3  0  5  3]
654,312,2160,2840,89.05228758169935,43.50714962812539,2.6241830065359477,[0  0  0  5  7  1  3  0  5  3]
655,311,2151,2849,88.66449511400651,43.506695935912504,2.6319218241042344,[0  0  0  5  7  1  3  0  5  3]
656,309,2152,2848,89.57377049180327,43.479242357979345,2.6459016393442623,[0  0  0  5  7  1  3  0  5  3]
657,307,2148,2852,89.73684210526316,43.47411526932921,2.661184210526316,[0  0  0  5  7  1  3  0  5  3]
658,307,2142,2858,89.86842105263158,43.46957394253063,2.6578947368421053,[0  0  0  5  7  1  3  0  5  3]
659,308,2134,2866,90.99667774086379,43.46374356781595,2.6710963455149503,[0  0  0  5  7  1  3  0  5  3]
660,303,2126,2874,91.98996655518394,43.45811418081938,2.705685618729097,[0  0  0  5  7  1  3  0  5  3]
661,302,2126,2874,93.03030303030303,43.49748406789125,2.7138047138047137,[0  0  0  5  7  1  3  0  5  3]
662,297,2127,2873,94.67465753424658,43.52970226974223,2.75,[0  0  0  5  7  1  3  0  5  3]
663,300,2112,2888,94.1156462585034,43.56754171219568,2.727891156462585,[0  0  0  5  7  1  3  0  5  3]
664,302,2102,2898,94.98299319727892,43.60303346634828,2.7210884353741496,[0  0  0  5  7  1  3  0  5  3]
665,311,2120,2880,93.68333333333334,43.600352608185,2.7066666666666666,[0  0  0  5  7  1  3  0  5  3]
666,314,2130,2870,90.37337662337663,43.603313113896306,2.698051948051948,[0  0  0  5  7  1  3  0  5  3]
667,316,2132,2868,88.89067524115755,43.720145933559685,2.6334405144694535,[0  0  0  5  7  1  3  0  5  3]
668,319,2127,2873,88.05111821086263,43.715469880955325,2.635782747603834,[0  0  0  5  7  1  3  0  5  3]
669,320,2126,2874,88.08306709265176,43.70152048197042,2.6517571884984026,[0  0  0  5  7  1  3  0  5  3]
670,324,2122,2878,86.81388012618297,43.68332948703069,2.6561514195583595,[0  0  0  5  7  1  3  0  5  3]
671,326,2115,2885,85.38819875776397,43.70192365878729,2.639751552795031,[0  0  0  5  7  1  3  0  5  3]
672,324,2110,2890,85.90625,43.84381689385834,2.559375,[0  0  0  5  7  1  3  0  5  3]
673,325,2105,2895,85.828125,43.89307772406057,2.515625,[0  0  0  5  7  1  3  0  5  3]
674,327,2102,2898,85.75,43.9107144713749,2.5375,[0  0  0  5  7  1  3  0  5  3]
675,326,2104,2896,85.31152647975078,43.89370523601213,2.545171339563863,[0  0  0  5  7  1  3  0  5  3]
676,327,2101,2899,84.89096573208722,43.991543417623085,2.514018691588785,[0  0  0  5  7  1  3  0  5  3]
677,325,2082,2918,84.44099378881988,44.046303121903634,2.5093167701863353,[0  0  0  5  7  1  3  0  5  3]
678,327,2085,2915,85.515625,44.0146132314166,2.51875,[0  0  0  5  7  1  3  0  5  3]
679,329,2074,2926,84.27244582043343,44.03933360306127,2.51702786377709,[0  0  0  5  7  1  3  0  5  3]
680,328,2065,2935,83.9076923076923,44.01289098755964,2.526153846153846,[7  5  0  1  7  1  3  0  5  3]
681,327,2074,2926,84.19753086419753,44.0159960459969,2.5339506172839505,[7  5  0  1  7  1  3  0  5  3]
682,325,2070,2930,84.19003115264798,44.016252215938536,2.545171339563863,[7  5  0  1  7  1  3  0  5  3]
683,325,2072,2928,84.57680250783699,44.01396025066946,2.5642633228840124,[7  5  0  1  7  1  3  0  5  3]
684,321,2075,2925,84.71608832807571,44.03794677737041,2.5615141955835963,[7  5  0  1  7  1  3  0  5  3]
685,312,2075,2925,85.93247588424437,44.17275358861125,2.57556270096463,[7  5  0  1  7  1  3  0  5  3]
686,311,2066,2934,87.15686274509804,44.189673306012025,2.6013071895424837,[7  5  0  1  7  1  3  0  5  3]
687,312,2061,2939,87.78688524590164,44.20287757768402,2.6131147540983606,[7  5  0  1  7  1  3  0  5  3]
688,315,2056,2944,87.09415584415585,44.243706736764246,2.603896103896104,[7  5  0  1  7  1  3  0  5  3]
689,315,2062,2938,86.36655948553054,44.27570931129496,2.598070739549839,[7  5  0  1  7  1  3  0  5  3]
690,314,2074,2926,86.1774193548387,44.35774504256592,2.587096774193548,[7  5  0  1  7  1  3  0  5  3]
691,311,2078,2922,85.71197411003236,44.38720773502942,2.5792880258899675,[7  5  0  1  7  1  3  0  5  3]
692,307,2076,2924,86.77631578947368,44.45697810890425,2.5822368421052633,[7  5  0  1  7  1  3  0  5  3]
693,307,2064,2936,86.8092105263158,44.497142836441526,2.5789473684210527,[7  5  0  1  7  1  3  0  5  3]
694,309,2078,2922,87.62376237623762,44.55973334458744,2.551155115511551,[7  5  0  1  7  1  3  0  5  3]
695,308,2078,2922,86.31147540983606,44.589792219516774,2.5639344262295083,[7  5  0  1  7  1  3  0  5  3]
696,309,2088,2912,86.22950819672131,44.62525225946701,2.554098360655738,[7  5  0  1  7  1  3  0  5  3]
697,308,2095,2905,86.22112211221122,44.746702283532485,2.5313531353135312,[7  5  0  1  7  1  3  0  5  3]
698,308,2100,2900,85.54276315789474,44.72919135522164,2.5427631578947367,[7  5  0  1  7  1  3  0  5  3]
699,308,2093,2907,86.0797342192691,44.732217087105404,2.558139534883721,[7  5  0  1  7  1  3  0  5  3]
700,305,2110,2890,86.12582781456953,44.72102160414459,2.576158940397351,[7  5  0  1  7  1  3  0  5  3]
701,302,2116,2884,86.39261744966443,44.83067345924594,2.6006711409395975,[7  5  0  1  7  1  3  0  5  3]
702,301,2115,2885,85.8361204013378,44.8272178519492,2.612040133779264,[7  5  0  1  7  1  3  0  5  3]
703,303,2122,2878,85.90301003344482,44.85827827890416,2.608695652173913,[7  5  0  1  7  1  3  0  5  3]
704,302,2120,2880,85.5685618729097,44.83772232388742,2.6187290969899664,[7  5  0  1  7  1  3  0  5  3]
705,302,2110,2890,85.97315436241611,44.94496545598026,2.557046979865772,[7  5  0  1  7  1  3  0  5  3]
706,301,2109,2891,87.38983050847457,44.97484010917986,2.5830508474576273,[7  5  0  1  7  1  3  0  5  3]
707,299,2110,2890,87.22972972972973,45.05880428074125,2.543918918918919,[7  5  0  1  7  1  3  0  5  3]
708,298,2118,2882,88.4417808219178,45.074363359662016,2.5513698630136985,[7  5  0  1  7  1  3  0  5  3]
709,299,2114,2886,87.27118644067797,45.06606715047207,2.5559322033898306,[7  5  0  1  7  1  3  0  5  3]
710,296,2110,2890,87.85714285714286,45.25599576693701,2.5170068027210886,[7  5  0  1  7  1  3  0  5  3]
711,291,2110,2890,89.68858131487889,45.30346302635917,2.5017301038062283,[7  5  0  1  7  1  3  0  5  3]
712,295,2114,2886,90.19097222222223,45.2925316680795,2.513888888888889,[7  5  0  1  7  1  3  0  5  3]
713,299,2110,2890,88.35034013605443,45.28233688085476,2.506802721088435,[7  5  0  1  7  1  3  0  5  3]
714,302,2113,2887,88.35593220338983,45.340450627094604,2.5016949152542374,[7  5  0  1  7  1  3  0  5  3]
715,304,2111,2889,86.24172185430463,45.340450627094604,2.4900662251655628,[7  5  0  1  7  1  3  0  5  3]
716,302,2102,2898,87.76094276094275,45.341163275681296,2.5117845117845117,[7  5  0  1  7  1  3  0  5  3]
717,303,2108,2892,88.26599326599326,45.3436909296442,2.5353535353535355,[7  5  0  1  7  1  3  0  5  3]
718,306,2118,2882,87.4247491638796,45.35662202828156,2.5384615384615383,[7  5  0  1  7  1  3  0  5  3]
719,307,2113,2887,86.93979933110369,45.460281552889164,2.5351170568561874,[7  5  0  1  7  1  3  0  5  3]
720,307,2109,2891,85.49180327868852,45.44407804745224,2.5311475409836066,[7  5  0  1  7  1  3  0  5  3]
721,306,2106,2894,86.17161716171617,45.433597963076615,2.537953795379538,[7  5  0  1  7  1  3  0  5  3]
722,305,2102,2898,86.84385382059801,45.445434854835895,2.5382059800664454,[7  5  0  1  7  1  3  0  5  3]
723,304,2104,2896,87.31666666666666,45.46479628610803,2.5433333333333334,[7  5  0  1  7  1  3  0  5  3]
724,301,2102,2898,87.80201342281879,45.435481067105975,2.5704697986577183,[7  5  0  1  7  1  3  0  5  3]
725,299,2106,2894,88.23232323232324,45.45870618173483,2.579124579124579,[7  5  0  1  7  1  3  0  5  3]
726,294,2107,2893,90.20689655172414,45.47105054243569,2.606896551724138,[7  5  0  1  7  1  3  0  5  3]
727,294,2115,2885,89.40273037542661,45.46339703422536,2.6040955631399316,[7  5  0  1  7  1  3  0  5  3]
728,290,2117,2883,90.34602076124567,45.654120768390605,2.588235294117647,[7  5  0  1  7  1  3  0  5  3]
729,290,2109,2891,91.70175438596492,45.72793307257063,2.5789473684210527,[7  5  0  1  7  1  3  0  5  3]
730,291,2110,2890,92.71126760563381,45.72917600296091,2.602112676056338,[7  5  0  1  7  1  3  0  5  3]
731,293,2116,2884,91.64930555555556,45.850443403065654,2.5555555555555554,[7  5  0  1  7  1  3  0  5  3]
732,292,2105,2895,90.91379310344827,45.84173751105998,2.5620689655172413,[7  5  0  1  7  1  3  0  5  3]
733,293,2105,2895,92.29166666666667,45.838966340238215,2.579861111111111,[7  5  0  1  7  1  3  0  5  3]
734,294,2102,2898,92.17993079584775,45.838604390061775,2.5813148788927336,[7  5  0  1  7  1  3  0  5  3]
735,296,2097,2903,91.89003436426117,45.84726453051227,2.5807560137457046,[7  5  0  1  7  1  3  0  5  3]
736,300,2090,2910,91.36054421768708,45.83163765909027,2.5850340136054424,[7  5  0  1  7  1  3  0  5  3]
737,303,2090,2910,90.89225589225589,45.84931577897935,2.589225589225589,[7  5  0  1  7  1  3  0  5  3]
738,305,2092,2908,89.734219269103,45.86558471964868,2.5813953488372094,[7  5  0  1  7  1  3  0  5  3]
739,306,2090,2910,89.61794019933555,45.858834364696776,2.5847176079734218,[7  5  0  1  7  1  3  0  5  3]
740,306,2100,2900,89.10891089108911,45.860270291862754,2.594059405940594,[7  5  0  1  7  1  3  0  5  3]
741,306,2102,2898,89.74916387959867,45.89571423576671,2.6153846153846154,[7  5  0  1  7  1  3  0  5  3]
742,308,2089,2911,88.7748344370861,45.92751173855439,2.596026490066225,[7  5  0  1  7  1  3  0  5  3]
743,311,2094,2906,88.50819672131148,45.94813326894836,2.6098360655737705,[7  5  0  1  7  1  3  0  5  3]
744,310,2102,2898,87.8921568627451,46.044805902182176,2.5784313725490198,[7  5  0  1  7  1  3  0  5  3]
745,306,2104,2896,87.68852459016394,46.07735283105125,2.560655737704918,[7  5  0  1  7  1  3  0  5  3]
746,313,2096,2904,88.37748344370861,46.06964793848442,2.5695364238410594,[7  5  0  1  7  1  3  0  5  3]
747,310,2087,2913,87.8688524590164,46.04093045919009,2.5901639344262297,[7  5  0  1  7  1  3  0  5  3]
748,312,2080,2920,87.0873786407767,46.04275220514318,2.585760517799353,[7  5  0  1  7  1  3  0  5  3]
749,307,2075,2925,88.71710526315789,46.042401167308725,2.5921052631578947,[7  5  0  1  7  1  3  0  5  3]
750,309,2076,2924,88.89802631578948,46.09882374872484,2.5625,[7  5  0  1  7  1  3  0  5  3]
751,313,2080,2920,88.49180327868852,46.101852906909414,2.5672131147540984,[7  5  0  1  7  1  3  0  5  3]
752,314,2072,2928,87.92483660130719,46.10270912718856,2.588235294117647,[7  5  0  1  7  1  3  0  5  3]
753,316,2077,2923,87.08064516129032,46.11274010288163,2.587096774193548,[7  5  0  1  7  1  3  0  5  3]
754,312,2070,2930,86.957928802589,46.09877976529528,2.621359223300971,[7  5  0  1  7  1  3  0  5  3]
755,314,2068,2932,87.43506493506493,46.18918559541427,2.5974025974025974,[1  2  0  3  6  6  3  5  0  6]
756,316,2070,2930,86.83870967741936,46.202972042234144,2.6,[1  2  0  3  6  6  3  5  0  6]
757,317,2070,2930,86.58064516129032,46.24195398839407,2.5838709677419356,[1  2  0  3  6  6  3  5  0  6]
758,323,2071,2929,84.51104100946372,46.24195398839407,2.5709779179810726,[1  2  0  3  6  6  3  5  0  6]
759,320,2072,2928,85.27156549520767,46.292863666342036,2.5686900958466454,[1  2  0  3  6  6  3  5  0  6]
760,319,2069,2931,84.7452229299363,46.29292611953184,2.570063694267516,[1  2  0  3  6  6  3  5  0  6]
761,320,2047,2953,84.12974683544304,46.295525970968114,2.569620253164557,[1  2  0  3  6  6  3  5  0  6]
762,317,2040,2960,85.19047619047619,46.32824918629918,2.574603174603175,[5  5  7  0  2  3  7  1  0  2]
763,319,2047,2953,85.55732484076434,46.334921474691356,2.5764331210191083,[5  5  7  0  2  3  7  1  0  2]
764,321,2043,2957,84.4620253164557,46.34926451659093,2.5822784810126582,[3  6  6  4  2  1  1  1  1  1]
765,320,2032,2968,83.86792452830188,46.38788109537072,2.5628930817610063,[3  6  6  4  2  1  1  1  1  1]
766,315,2038,2962,85.44728434504792,46.345765225345765,2.587859424920128,[3  6  6  4  2  1  1  1  1  1]
767,313,2033,2967,85.49839228295819,46.327778243260056,2.598070739549839,[3  6  6  4  2  1  1  1  1  1]
768,314,2039,2961,86.3961038961039,46.489300876410425,2.5162337662337664,[3  6  6  4  2  1  1  1  1  1]
769,314,2044,2956,85.6957928802589,46.51163025555298,2.527508090614887,[3  6  6  4  2  1  1  1  1  1]
770,308,2042,2958,85.86319218241043,46.74479851541317,2.456026058631922,[3  6  6  4  2  1  1  1  1  1]
771,304,2048,2952,87.85,46.77332961087452,2.466666666666667,[3  6  6  4  2  1  1  1  1  1]
772,306,2046,2954,87.8428093645485,46.803635729405585,2.471571906354515,[3  6  6  4  2  1  1  1  1  1]
773,307,2043,2957,86.51315789473684,46.79256227296607,2.4671052631578947,[3  6  6  4  2  1  1  1  1  1]
774,301,2061,2939,88.33892617449665,46.78466248599406,2.5067114093959733,[3  6  6  4  2  1  1  1  1  1]
775,302,2052,2948,87.46644295302013,46.78355853379883,2.523489932885906,[3  6  6  4  2  1  1  1  1  1]
776,302,2057,2943,87.36666666666666,46.77480293170471,2.533333333333333,[3  6  6  4  2  1  1  1  1  1]
777,299,2052,2948,88.59322033898304,46.77950581258524,2.538983050847458,[3  6  6  4  2  1  1  1  1  1]
778,299,2048,2952,88.63175675675676,46.812045388347066,2.5304054054054053,[3  6  6  4  2  1  1  1  1  1]
779,296,2039,2961,89.50680272108843,46.83603825492737,2.5374149659863945,[3  6  6  4  2  1  1  1  1  1]
780,295,2032,2968,90.37542662116041,46.823785636901405,2.5529010238907848,[3  6  6  4  2  1  1  1  1  1]
781,296,2039,2961,90.8532423208191,46.8294287645778,2.5563139931740615,[3  6  6  4  2  1  1  1  1  1]
782,298,2045,2955,90.0,46.821903681640215,2.5559322033898306,[3  6  6  4  2  1  1  1  1  1]
783,297,2053,2947,90.39249146757679,46.838765411307925,2.57679180887372,[3  6  6  4  2  1  1  1  1  1]
784,295,2050,2950,90.41095890410959,46.86138091695977,2.5684931506849313,[3  6  6  4  2  1  1  1  1  1]
785,295,2056,2944,91.32758620689656,46.90559155999328,2.575862068965517,[3  6  6  4  2  1  1  1  1  1]
786,299,2072,2928,89.94897959183673,46.9216997299958,2.557823129251701,[3  6  6  4  2  1  1  1  1  1]
787,303,2062,2938,88.9322033898305,46.91550324432312,2.5728813559322035,[3  6  6  4  2  1  1  1  1  1]
788,308,2067,2933,88.03333333333333,46.94337235511145,2.5733333333333333,[3  6  6  4  2  1  1  1  1  1]
789,307,2058,2942,86.6282894736842,46.93342898275634,2.5822368421052633,[3  6  6  4  2  1  1  1  1  1]
790,307,2054,2946,87.58278145695364,46.9112788091581,2.5993377483443707,[3  6  6  4  2  1  1  1  1  1]
791,309,2071,2929,88.03986710963456,46.90642160535197,2.617940199335548,[3  6  6  4  2  1  1  1  1  1]
792,310,2076,2924,86.0327868852459,46.962789711322735,2.6,[7  0  0  1  3  6  7  6  4  1]
793,308,2080,2920,85.98684210526316,47.126734814961644,2.5657894736842106,[7  0  0  1  3  6  7  6  4  1]
794,308,2079,2921,86.00660066006601,47.15067675929088,2.580858085808581,[7  0  0  1  3  6  7  6  4  1]
795,310,2080,2920,85.16339869281046,47.207177664124984,2.5620915032679736,[7  0  0  1  3  6  7  6  4  1]
796,313,2090,2910,84.73941368078177,47.1909105513356,2.566775244299674,[7  0  0  1  3  6  7  6  4  1]
797,307,2081,2919,84.96710526315789,47.306574364463806,2.549342105263158,[7  0  0  1  3  6  7  6  4  1]
798,305,2096,2904,86.19601328903654,47.31922847126896,2.558139534883721,[7  0  0  1  3  6  7  6  4  1]
799,303,2101,2899,86.00334448160535,47.34840678339458,2.57190635451505,[7  0  0  1  3  6  7  6  4  1]
800,300,2103,2897,86.05704697986577,47.34501452619463,2.5704697986577183,[7  0  0  1  3  6  7  6  4  1]
801,300,2117,2883,86.57094594594595,47.33603844474761,2.574324324324324,[7  0  0  1  3  6  7  6  4  1]
802,301,2110,2890,85.63973063973064,47.337268882180624,2.5824915824915826,[7  0  0  1  3  6  7  6  4  1]
803,298,2115,2885,86.33445945945945,47.32281767695755,2.6114864864864864,[7  0  0  1  3  6  7  6  4  1]
804,297,2114,2886,86.44067796610169,47.35162189723053,2.610169491525424,[7  0  0  1  3  6  7  6  4  1]
805,292,2108,2892,87.76632302405498,47.39390732616451,2.597938144329897,[7  0  0  1  3  6  7  6  4  1]
806,291,2115,2885,89.77272727272727,47.41250952883126,2.6188811188811187,[7  0  0  1  3  6  7  6  4  1]
807,293,2123,2877,89.33797909407666,47.408419615268166,2.6202090592334493,[7  0  0  1  3  6  7  6  4  1]
808,289,2134,2866,88.83680555555556,47.413805414121164,2.625,[7  0  0  1  3  6  7  6  4  1]
809,287,2140,2860,89.40350877192982,47.44356136761394,2.635087719298246,[7  0  0  1  3  6  7  6  4  1]
810,285,2135,2865,89.98233215547704,47.48479317019471,2.646643109540636,[7  0  0  1  3  6  7  6  4  1]
811,284,2140,2860,91.51785714285714,47.51776133142671,2.664285714285714,[7  0  0  1  3  6  7  6  4  1]
812,284,2130,2870,91.93548387096774,47.58345178501038,2.6702508960573477,[7  0  0  1  3  6  7  6  4  1]
813,286,2125,2875,92.18861209964413,47.60746783112258,2.6619217081850532,[7  0  0  1  3  6  7  6  4  1]
814,283,2116,2884,93.125,47.60755454816683,2.6714285714285713,[7  0  0  1  3  6  7  6  4  1]
815,288,2124,2876,93.96428571428571,47.60320649653363,2.6857142857142855,[7  0  0  1  3  6  7  6  4  1]
816,289,2125,2875,91.92307692307692,47.604860644818736,2.6818181818181817,[7  0  0  1  3  6  7  6  4  1]
817,290,2129,2871,92.43859649122807,47.59867586560237,2.694736842105263,[7  0  0  1  3  6  7  6  4  1]
818,291,2121,2879,91.84668989547038,47.62594293058491,2.700348432055749,[7  0  0  1  3  6  7  6  4  1]
819,292,2122,2878,92.81468531468532,47.70821296829967,2.667832167832168,[7  0  0  1  3  6  7  6  4  1]
820,294,2119,2881,91.72413793103448,47.703021107466554,2.6620689655172414,[7  0  0  1  3  6  7  6  4  1]
821,300,2107,2893,91.42123287671232,47.69807898050726,2.6575342465753424,[7  0  0  1  3  6  7  6  4  1]
822,303,2108,2892,90.62289562289563,47.739390501671984,2.6094276094276094,[7  0  0  1  3  6  7  6  4  1]
823,307,2112,2888,90.01672240802675,47.781157925759196,2.6020066889632107,[7  0  0  1  3  6  7  6  4  1]
824,312,2103,2897,88.06557377049181,47.77692706190675,2.6,[7  0  0  1  3  6  7  6  4  1]
825,314,2096,2904,87.28155339805825,47.79344202554655,2.585760517799353,[7  0  0  1  3  6  7  6  4  1]
826,318,2092,2908,87.19354838709677,47.76697703200771,2.5935483870967744,[7  0  0  1  3  6  7  6  4  1]
827,316,2093,2907,86.38977635782747,47.76653711708083,2.597444089456869,[7  0  0  1  3  6  7  6  4  1]
828,312,2068,2932,88.10457516339869,47.943905260068185,2.4934640522875817,[7  0  0  1  3  6  7  6  4  1]
829,314,2064,2936,88.36569579288026,47.959495758685364,2.4919093851132685,[7  0  0  1  3  6  7  6  4  1]
830,318,2065,2935,87.28434504792332,47.95711595085772,2.488817891373802,[7  0  0  1  3  6  7  6  4  1]
831,321,2059,2941,86.20253164556962,47.95474978572605,2.4873417721518987,[7  0  0  1  3  6  7  6  4  1]
832,321,2060,2940,86.23417721518987,47.971967008865825,2.4873417721518987,[7  0  0  1  3  6  7  6  4  1]
833,324,2048,2952,84.859375,47.964592731006576,2.484375,[7  0  0  1  3  6  7  6  4  1]
834,321,2035,2965,85.64465408805032,47.948943930724454,2.506289308176101,[7  0  0  1  3  6  7  6  4  1]
835,315,2025,2975,87.34824281150159,48.02581781913762,2.5079872204472844,[7  0  0  1  3  6  7  6  4  1]
836,312,2022,2978,88.46774193548387,48.024836804859724,2.5258064516129033,[7  0  0  1  3  6  7  6  4  1]
837,309,2016,2984,90.19736842105263,48.01861531484812,2.5723684210526314,[7  0  0  1  3  6  7  6  4  1]
838,308,2017,2983,90.42763157894737,47.99843194753924,2.5953947368421053,[7  0  0  1  3  6  7  6  4  1]
839,310,2004,2996,89.72222222222223,47.993219420549885,2.5947712418300655,[7  0  0  1  3  6  7  6  4  1]
840,307,1999,3001,90.26143790849673,48.00458947791679,2.584967320261438,[7  0  0  1  3  6  7  6  4  1]
841,306,2014,2986,91.91029900332227,47.99842911416116,2.611295681063123,[7  0  0  1  3  6  7  6  4  1]
842,305,2009,2991,90.54455445544555,47.982118171527006,2.617161716171617,[7  0  0  1  3  6  7  6  4  1]
843,306,2014,2986,91.04304635761589,47.99512706696307,2.6258278145695364,[7  0  0  1  3  6  7  6  4  1]
844,304,1994,3006,91.06312292358804,47.98568994813993,2.6511627906976742,[7  0  0  1  3  6  7  6  4  1]
845,305,1990,3010,92.65886287625418,47.98193235206994,2.668896321070234,[4  1  6  0  2  3  3  3  3  1]
846,308,1993,3007,91.65016501650165,47.97581601173916,2.6666666666666665,[4  1  6  0  2  3  3  3  3  1]
847,312,1991,3009,90.55555555555556,47.96759209832187,2.6666666666666665,[4  1  6  0  2  3  3  3  3  1]
848,310,2003,2997,89.96753246753246,47.961983459131716,2.6720779220779223,[4  1  6  0  2  3  3  3  3  1]
849,312,1992,3008,89.25324675324676,47.95753912683527,2.675324675324675,[4  1  6  0  2  3  3  3  3  1]
850,313,1984,3016,89.36893203883496,47.98150144091775,2.663430420711974,[4  1  6  0  2  3  3  3  3  1]
851,310,1996,3004,90.78688524590164,47.99653847525264,2.6885245901639343,[4  1  6  0  2  3  3  3  3  1]
852,309,1985,3015,89.52768729641694,47.980619576768504,2.6905537459283386,[4  1  6  0  2  3  3  3  3  1]
853,310,1982,3018,90.24509803921569,47.96378319513258,2.7026143790849675,[4  1  6  0  2  3  3  3  3  1]
854,309,1973,3027,90.29411764705883,47.96755800626643,2.6993464052287583,[4  1  6  0  2  3  3  3  3  1]
855,308,1967,3033,90.93442622950819,47.96805561560637,2.7049180327868854,[4  1  6  0  2  3  3  3  3  1]
856,306,1970,3030,92.35880398671097,48.00990096015242,2.6877076411960132,[4  1  6  0  2  3  3  3  3  1]
857,303,1974,3026,92.19269102990033,48.01735210175672,2.700996677740864,[4  1  6  0  2  3  3  3  3  1]
858,302,1976,3024,93.5304054054054,48.03503940601959,2.7094594594594597,[4  1  6  0  2  3  3  3  3  1]
859,304,1972,3028,92.55852842809365,48.022445104758404,2.7123745819397995,[4  1  6  0  2  3  3  3  3  1]
860,303,1969,3031,92.46666666666667,48.031491889129704,2.72,[4  1  6  0  2  3  3  3  3  1]
861,302,1960,3040,93.55218855218855,48.05584389857795,2.717171717171717,[4  1  6  0  2  3  3  3  3  1]
862,309,1956,3044,93.11666666666666,48.0602273546473,2.716666666666667,[4  1  6  0  2  3  3  3  3  1]
863,311,1965,3035,92.08881578947368,48.06988434010973,2.7072368421052633,[4  1  6  0  2  3  3  3  3  1]
864,310,1963,3037,91.27868852459017,48.170365425418254,2.675409836065574,[4  1  6  0  2  3  3  3  3  1]
865,310,1958,3042,91.29508196721312,48.180099414534396,2.681967213114754,[2  1  4  1  2  6  6  1  1  5]
866,312,1962,3038,90.27508090614887,48.183056715707515,2.6699029126213594,[2  1  4  1  2  6  6  1  1  5]
867,316,1954,3046,89.93527508090615,48.16863781986908,2.686084142394822,[2  1  4  1  2  6  6  1  1  5]
868,317,1967,3033,90.1779935275081,48.18608765537217,2.6990291262135924,[2  1  4  1  2  6  6  1  1  5]
869,319,1972,3028,87.97770700636943,48.21697250192257,2.678343949044586,[2  1  4  1  2  6  6  1  1  5]
870,324,1978,3022,87.23809523809524,48.2980032752113,2.657142857142857,[2  1  4  1  2  6  6  1  1  5]
871,324,1979,3021,85.6269592476489,48.31804219978743,2.652037617554859,[2  1  4  1  2  6  6  1  1  5]
872,328,1974,3026,85.5503144654088,48.317377000062194,2.6761006289308176,[2  1  4  1  2  6  6  1  1  5]
873,329,1980,3020,83.91975308641975,48.30727441950531,2.675925925925926,[2  1  4  1  2  6  6  1  1  5]
874,331,1965,3035,82.50764525993884,48.30804612024864,2.675840978593272,[2  1  4  1  2  6  6  1  1  5]
875,330,1979,3021,82.53048780487805,48.305786011307454,2.682926829268293,[2  1  4  1  2  6  6  1  1  5]
876,325,1976,3024,82.72445820433437,48.31190016972331,2.6873065015479876,[2  1  4  1  2  6  6  1  1  5]
877,324,1979,3021,83.80503144654088,48.30139202383296,2.6855345911949686,[2  1  4  1  2  6  6  1  1  5]
878,318,1958,3042,83.90822784810126,48.41695413785462,2.6487341772151898,[2  1  4  1  2  6  6  1  1  5]
879,318,1971,3029,84.65189873417721,48.45469342736729,2.642405063291139,[2  1  4  1  2  6  6  1  1  5]
880,316,1972,3028,85.67961165048544,48.45172129550661,2.676375404530744,[2  1  4  1  2  6  6  1  1  5]
881,315,1974,3026,85.48543689320388,48.53532010578119,2.647249190938511,[2  1  4  1  2  6  6  1  1  5]
882,313,1974,3026,85.51948051948052,48.5629916221369,2.659090909090909,[2  1  4  1  2  6  6  1  1  5]
883,311,1990,3010,85.66775244299674,48.644298891019375,2.6514657980456025,[2  1  4  1  2  6  6  1  1  5]
884,306,1985,3015,85.89108910891089,48.71767716273201,2.6303630363036303,[2  1  4  1  2  6  6  1  1  5]
885,307,1985,3015,85.80592105263158,48.70854954324545,2.638157894736842,[2  1  4  1  2  6  6  1  1  5]
886,309,1995,3005,85.74013157894737,48.68912124443432,2.648026315789474,[2  1  4  1  2  6  6  1  1  5]
887,308,1986,3014,84.62418300653594,48.67693842250252,2.6470588235294117,[2  1  4  1  2  6  6  1  1  5]
888,307,1999,3001,86.09271523178808,48.66296057778743,2.6589403973509933,[2  1  4  1  2  6  6  1  1  5]
889,310,1997,3003,84.29738562091504,48.66146159902977,2.650326797385621,[2  1  4  1  2  6  6  1  1  5]
890,311,2006,2994,84.29738562091504,48.65727057938578,2.6633986928104574,[2  1  4  1  2  6  6  1  1  5]
891,313,2007,2993,84.0327868852459,48.651894821982026,2.681967213114754,[2  1  4  1  2  6  6  1  1  5]
892,307,2004,2996,84.17763157894737,48.63511601126982,2.7039473684210527,[2  1  4  1  2  6  6  1  1  5]
893,304,2012,2988,85.95637583892618,48.59710569904106,2.7449664429530203,[2  1  4  1  2  6  6  1  1  5]
894,304,2008,2992,84.734219269103,48.5982706918621,2.744186046511628,[2  1  4  1  2  6  6  1  1  5]
895,302,2004,2996,85.48494983277592,48.61302452434772,2.749163879598662,[2  1  4  1  2  6  6  1  1  5]
896,302,1996,3004,86.86440677966101,48.69739102609657,2.7254237288135594,[2  1  4  1  2  6  6  1  1  5]
897,299,1974,3026,87.35593220338983,48.67199367168473,2.7491525423728813,[7  3  1  1  7  6  3  5  1  5]
898,310,1973,3027,87.96296296296296,48.674590822454924,2.750841750841751,[7  3  1  1  7  6  3  5  1  5]
899,312,1976,3024,85.75409836065573,48.67828490063482,2.734426229508197,[7  3  1  1  7  6  3  5  1  5]
900,315,1972,3028,83.87459807073955,48.72937667417062,2.6816720257234725,[7  3  1  1  7  6  3  5  1  5]
901,316,1965,3035,83.62179487179488,48.815549517693995,2.657051282051282,[2  1  4  1  2  6  6  1  1  5]
902,317,1976,3024,83.49840255591054,48.850437328023254,2.642172523961661,[2  1  4  1  2  6  6  1  1  5]
903,312,1964,3036,83.02884615384616,48.85347887965155,2.6634615384615383,[2  1  4  1  2  6  6  1  1  5]
904,310,1968,3032,84.49675324675324,48.8485200487846,2.6948051948051948,[2  1  4  1  2  6  6  1  1  5]
905,304,1989,3011,86.12956810631229,48.83245709424257,2.727574750830565,[2  1  4  1  2  6  6  1  1  5]
906,301,1998,3002,86.21212121212122,48.87912511641722,2.7138047138047137,[2  1  4  1  2  6  6  1  1  5]
907,300,1997,3003,86.38983050847457,48.88303883893908,2.7322033898305085,[2  1  4  1  2  6  6  1  1  5]
908,303,2007,2993,86.23310810810811,48.86152755632863,2.7533783783783785,[2  1  4  1  2  6  6  1  1  5]
909,298,2005,2995,86.08474576271186,48.843273378735454,2.7898305084745765,[2  1  4  1  2  6  6  1  1  5]
910,296,2015,2985,87.15753424657534,48.83005602832339,2.8116438356164384,[2  1  4  1  2  6  6  1  1  5]
911,290,2006,2994,87.98611111111111,48.81100579784261,2.8402777777777777,[2  1  4  1  2  6  6  1  1  5]
912,288,2014,2986,89.28321678321679,48.88523788065769,2.8181818181818183,[2  1  4  1  2  6  6  1  1  5]
913,288,2010,2990,89.73591549295774,48.88402062417205,2.8309859154929575,[2  1  4  1  2  6  6  1  1  5]
914,288,2016,2984,89.5979020979021,48.879242739789184,2.832167832167832,[7  3  1  1  7  6  3  6  4  1]
915,289,2022,2978,89.84210526315789,48.89775135580073,2.8350877192982455,[7  3  1  1  7  6  3  6  4  1]
916,283,2012,2988,90.42402826855124,48.95685120057609,2.812720848056537,[7  3  1  1  7  6  3  6  4  1]
917,284,2004,2996,93.56884057971014,48.933681985669466,2.8550724637681157,[7  3  1  1  7  6  3  6  4  1]
918,290,2014,2986,92.10247349823321,48.931945950224026,2.8374558303886928,[7  3  1  1  7  6  3  6  4  1]
919,289,2022,2978,90.9090909090909,48.93375329481636,2.839160839160839,[7  3  1  1  7  6  3  6  4  1]
920,288,2027,2973,91.37323943661971,48.934043957158266,2.8450704225352115,[7  3  1  1  7  6  3  6  4  1]
921,292,2056,2944,91.0701754385965,48.94019532455105,2.83859649122807,[7  3  1  1  7  6  3  6  4  1]
922,291,2058,2942,88.25862068965517,48.9426173697157,2.831034482758621,[7  3  1  1  7  6  3  6  4  1]
923,293,2062,2938,88.32758620689656,48.93370129450452,2.8344827586206898,[7  3  1  1  7  6  3  6  4  1]
924,294,2064,2936,88.59861591695501,48.95073398108167,2.823529411764706,[7  3  1  1  7  6  3  6  4  1]
925,296,2090,2910,88.07560137457045,48.9462008937027,2.8281786941580758,[7  3  1  1  7  6  3  6  4  1]
926,294,2086,2914,86.89003436426117,48.97383802628283,2.8487972508591066,[7  3  1  1  7  6  3  6  4  1]
927,297,2094,2906,86.95205479452055,48.96386674241725,2.8527397260273974,[7  3  1  1  7  6  3  6  4  1]
928,296,2112,2888,86.38225255972696,49.01722562666402,2.83617747440273,[7  3  1  1  7  6  3  6  4  1]
929,295,2106,2894,86.76470588235294,49.006800891095,2.865051903114187,[7  3  1  1  7  6  3  6  4  1]
930,297,2113,2887,86.66666666666667,49.02864701754147,2.8694158075601375,[7  3  1  1  7  6  3  6  4  1]
931,294,2133,2867,86.46048109965636,49.10899017179704,2.8900343642611683,[7  3  1  1  7  6  3  6  4  1]
932,297,2125,2875,84.71088435374149,49.10899017179704,2.880952380952381,[7  3  1  1  7  6  3  6  4  1]
933,297,2118,2882,86.09965635738831,49.1297812937153,2.8969072164948453,[7  3  1  1  7  6  3  6  4  1]
934,297,2123,2877,86.61512027491409,49.17444105928377,2.8831615120274914,[7  2  3  7  6  7  2  6  4  1]
935,298,2118,2882,85.92150170648465,49.162237494015336,2.8907849829351537,[7  2  3  7  6  7  2  6  4  1]
936,301,2134,2866,85.42229729729729,49.156362526269035,2.885135135135135,[7  2  3  7  6  7  2  6  4  1]
937,296,2143,2857,86.73010380622837,49.283966402919546,2.868512110726644,[7  2  3  7  6  7  2  6  4  1]
938,295,2141,2859,85.85910652920963,49.33641765061103,2.8350515463917527,[7  2  3  7  6  7  2  6  4  1]
939,294,2143,2857,86.41379310344827,49.35298459120391,2.8482758620689657,[7  2  3  7  6  7  2  6  4  1]
940,293,2148,2852,87.38675958188153,49.36722760294906,2.843205574912892,[7  2  3  7  6  7  2  6  4  1]
941,293,2153,2847,86.1512027491409,49.38118217741861,2.8350515463917527,[7  2  3  7  6  7  2  6  4  1]
942,291,2153,2847,87.24738675958189,49.4717384729808,2.8257839721254356,[7  2  3  7  6  7  2  6  4  1]
943,295,2161,2839,87.17013888888889,49.48382149339102,2.8194444444444446,[7  2  3  7  6  7  2  6  4  1]
944,287,2169,2831,87.56993006993007,49.47564358434187,2.839160839160839,[7  2  3  7  6  7  2  6  4  1]
945,283,2161,2839,88.95017793594306,49.56648693085518,2.811387900355872,[7  2  3  7  6  7  2  6  4  1]
946,281,2165,2835,91.34057971014492,49.751450619643585,2.579710144927536,[7  2  3  7  6  7  2  6  4  1]
947,289,2173,2827,90.25,49.76235920827286,2.5642857142857145,[7  2  3  7  6  7  2  6  4  1]
948,286,2174,2826,88.90845070422536,49.751139366326534,2.573943661971831,[2  5  4  5  2  2  7  5  2  5]
949,289,2175,2825,90.41071428571429,49.78203619448581,2.5714285714285716,[2  5  4  5  2  2  7  5  2  5]
950,290,2163,2837,89.12280701754386,49.8169814796113,2.557894736842105,[2  5  4  5  2  2  7  5  2  5]
951,291,2169,2831,89.39024390243902,49.812651404566026,2.5644599303135887,[2  5  4  5  2  2  7  5  2  5]
952,293,2179,2821,88.37931034482759,49.809306227624084,2.56551724137931,[2  5  4  5  2  2  7  5  2  5]
953,294,2181,2819,88.33910034602076,49.862744446459075,2.5397923875432524,[0  3  1  7  5  2  3  0  7  2]
954,292,2180,2820,88.12068965517241,49.86623948810938,2.5482758620689654,[0  3  1  7  5  2  3  0  7  2]
955,290,2175,2825,89.89473684210526,49.830338353125896,2.5824561403508772,[0  3  1  7  5  2  3  0  7  2]
956,290,2181,2819,90.42105263157895,49.8134358453727,2.610526315789474,[0  3  1  7  5  2  3  0  7  2]
957,292,2179,2821,89.73867595818815,49.857581556867096,2.5993031358885017,[0  3  1  7  5  2  3  0  7  2]
958,290,2189,2811,91.02112676056338,49.8830738438084,2.602112676056338,[0  3  1  7  5  2  3  0  7  2]
959,294,2186,2814,89.51388888888889,49.87114316964118,2.6006944444444446,[0  3  1  7  5  2  3  0  7  2]
960,298,2197,2803,89.25862068965517,49.87607923750882,2.5827586206896553,[0  3  1  7  5  2  3  0  7  2]
961,293,2197,2803,87.95221843003414,49.85504394912081,2.590443686006826,[0  3  1  7  5  2  3  0  7  2]
962,291,2197,2803,88.98275862068965,49.85513507823914,2.5965517241379312,[0  3  1  7  5  2  3  0  7  2]
963,291,2184,2816,90.08710801393728,49.87851229585637,2.5958188153310107,[0  3  1  7  5  2  3  0  7  2]
964,286,2179,2821,92.6063829787234,49.995969568064304,2.5460992907801416,[0  3  1  7  5  2  3  0  7  2]
965,289,2175,2825,93.19148936170212,50.0817290580722,2.521276595744681,[0  3  1  7  5  2  3  0  7  2]
966,292,2164,2836,91.77083333333333,50.0754463243508,2.513888888888889,[0  3  1  7  5  2  3  0  7  2]
967,295,2177,2823,91.91379310344827,50.058720345083536,2.513793103448276,[0  3  1  7  5  2  3  0  7  2]
968,295,2186,2814,91.09965635738831,50.15331386574638,2.450171821305842,[0  3  1  7  5  2  3  0  7  2]
969,299,2175,2825,89.8639455782313,50.158905760379625,2.4489795918367347,[0  3  1  7  5  2  3  0  7  2]
970,303,2180,2820,90.22033898305085,50.1458729632424,2.457627118644068,[0  3  1  7  5  2  3  0  7  2]
971,305,2184,2816,88.55,50.18130345370984,2.44,[0  3  1  7  5  2  3  0  7  2]
972,308,2184,2816,87.76490066225166,50.16521216706092,2.443708609271523,[0  3  1  7  5  2  3  0  7  2]
973,304,2172,2828,88.02325581395348,50.18176004578228,2.4385382059800667,[0  3  1  7  5  2  3  0  7  2]
974,305,2174,2826,89.19732441471572,50.16665880298425,2.4381270903010033,[0  3  1  7  5  2  3  0  7  2]
975,306,2178,2822,88.52159468438538,50.201067856519224,2.431893687707641,[0  3  1  7  5  2  3  0  7  2]
976,312,2178,2822,87.14754098360656,50.205986007406494,2.419672131147541,[0  3  1  7  5  2  3  0  7  2]
977,313,2163,2837,86.21753246753246,50.18930752122621,2.425324675324675,[0  3  1  7  5  2  3  0  7  2]
978,315,2169,2831,87.10097719869707,50.196288381847246,2.429967426710098,[0  3  1  7  5  2  3  0  7  2]
979,318,2151,2849,85.03194888178913,50.192091514845046,2.4249201277955272,[0  3  1  7  5  2  3  0  7  2]
980,320,2141,2859,85.4140127388535,50.178570058007175,2.43312101910828,[0  3  1  7  5  2  3  0  7  2]
981,317,2133,2867,85.39682539682539,50.16955715240347,2.450793650793651,[0  3  1  7  5  2  3  0  7  2]
982,311,2134,2866,87.20064724919094,50.22818677941102,2.4498381877022655,[0  3  1  7  5  2  3  0  7  2]
983,311,2135,2865,88.14754098360656,50.241447115751505,2.4360655737704917,[0  3  1  7  5  2  3  0  7  2]
984,310,2135,2865,88.01639344262296,50.33069943487148,2.3704918032786884,[0  3  1  7  5  2  3  0  7  2]
985,310,2141,2859,87.93442622950819,50.31644078652462,2.3934426229508197,[0  3  1  7  5  2  3  0  7  2]
986,308,2135,2865,87.55737704918033,50.49975730923779,2.2032786885245903,[0  3  1  7  5  2  3  0  7  2]
987,309,2136,2864,88.0592105263158,50.51140680254723,2.210526315789474,[0  3  1  7  5  2  3  0  7  2]
988,306,2139,2861,88.82059800664452,50.63531630552388,2.20265780730897,[0  3  1  7  5  2  3  0  7  2]
989,310,2130,2870,88.06930693069307,50.65715886132307,2.207920792079208,[0  3  1  7  5  2  3  0  7  2]
990,308,2127,2873,88.46534653465346,50.676384907752954,2.201320132013201,[0  3  1  7  5  2  3  0  7  2]
991,311,2123,2877,87.98360655737704,50.67882048156308,2.2032786885245903,[0  3  1  7  5  2  3  0  7  2]
992,310,2134,2866,88.38815789473684,50.668710393497456,2.2072368421052633,[0  3  1  7  5  2  3  0  7  2]
993,310,2116,2884,86.92182410423453,50.65856098591059,2.214983713355049,[0  3  1  7  5  2  3  0  7  2]
994,310,2120,2880,87.40259740259741,50.66884148855322,2.2175324675324677,[0  3  1  7  5  2  3  0  7  2]
995,310,2112,2888,87.6470588235294,50.66221631297451,2.2320261437908497,[0  3  1  7  5  2  3  0  7  2]
996,301,2112,2888,89.40199335548172,50.68491486507808,2.222591362126246,[0  3  1  7  5  2  3  0  7  2]
997,296,2111,2889,92.14041095890411,50.64051368319281,2.26027397260274,[0  3  1  7  5  2  3  0  7  2]
998,295,2109,2891,92.64604810996563,50.64472368958634,2.2577319587628866,[0  3  1  7  5  2  3  0  7  2]
999,292,2107,2893,94.19860627177701,50.71042802018572,2.2473867595818815,[0  3  1  7  5  2  3  0  7  2]
1000,296,2104,2896,93.87543252595155,50.706158211323206,2.2595155709342563,[0  3  1  7  5  2  3  0  7  2]
1001,300,2104,2896,92.93515358361775,50.69422954412507,2.266211604095563,[0  3  1  7  5  2  3  0  7  2]
1002,300,2109,2891,92.42372881355932,50.69816443275682,2.2644067796610168,[0  3  1  7  5  2  3  0  7  2]
1003,303,2111,2889,90.71666666666667,50.69816443275682,2.26,[0  3  1  7  5  2  3  0  7  2]
1004,301,2109,2891,91.53198653198653,50.75566011036765,2.2457912457912457,[0  3  1  7  5  2  3  0  7  2]
1005,301,2111,2889,91.99324324324324,50.72836798965371,2.2635135135135136,[0  3  1  7  5  2  3  0  7  2]
1006,302,2121,2879,91.64983164983165,50.74786327640901,2.2525252525252526,[0  3  1  7  5  2  3  0  7  2]
1007,303,2117,2883,90.88926174496645,50.77354202202473,2.228187919463087,[0  3  1  7  5  2  3  0  7  2]
